path,emotion,dataset,original_split,split
Raw_Data/MELD/train/dia649_utt21.wav,neutral,meld,train,train
Raw_Data/MELD/train/dia40_utt10.wav,neutral,meld,train,train
Raw_Data/MELD/test/dia96_utt9.wav,angry,meld,test,train
Raw_Data/MELD/test/dia255_utt7.wav,happy,meld,test,train
Raw_Data/MELD/test/dia198_utt4.wav,surprise,meld,test,train
Raw_Data/MELD/train/dia190_utt7.wav,neutral,meld,train,train
Raw_Data/MELD/train/dia201_utt9.wav,happy,meld,train,train
Raw_Data/MELD/dev/dia91_utt1.wav,neutral,meld,dev,train
Raw_Data/MELD/train/dia152_utt4.wav,neutral,meld,train,train
Raw_Data/MELD/train/dia99_utt16.wav,neutral,meld,train,train
Raw_Data/MELD/test/dia96_utt5.wav,neutral,meld,test,train
Raw_Data/MELD/train/dia658_utt17.wav,surprise,meld,train,train
Raw_Data/MELD/dev/dia74_utt4.wav,surprise,meld,dev,train
Raw_Data/MELD/test/dia36_utt0.wav,neutral,meld,test,train
Raw_Data/MELD/train/dia632_utt12.wav,neutral,meld,train,train
Raw_Data/MELD/train/dia180_utt8.wav,surprise,meld,train,train
Raw_Data/MELD/train/dia74_utt3.wav,neutral,meld,train,train
Raw_Data/MELD/train/dia635_utt3.wav,neutral,meld,train,train
Raw_Data/MELD/train/dia455_utt5.wav,fear,meld,train,train
Raw_Data/MELD/train/dia557_utt2.wav,neutral,meld,train,train
Raw_Data/MELD/train/dia722_utt14.wav,surprise,meld,train,train
Raw_Data/MELD/test/dia267_utt3.wav,sad,meld,test,train
Raw_Data/MELD/train/dia758_utt3.wav,angry,meld,train,train
Raw_Data/MELD/train/dia602_utt0.wav,happy,meld,train,train
Raw_Data/MELD/train/dia818_utt5.wav,neutral,meld,train,train
Raw_Data/MELD/train/dia47_utt3.wav,neutral,meld,train,train
Raw_Data/MELD/dev/dia18_utt13.wav,angry,meld,dev,train
Raw_Data/MELD/train/dia577_utt7.wav,happy,meld,train,train
Raw_Data/MELD/train/dia271_utt1.wav,happy,meld,train,train
Raw_Data/MELD/train/dia789_utt2.wav,happy,meld,train,train
Raw_Data/MELD/dev/dia16_utt15.wav,neutral,meld,dev,train
Raw_Data/MELD/train/dia282_utt2.wav,happy,meld,train,train
Raw_Data/MELD/train/dia317_utt7.wav,happy,meld,train,train
Raw_Data/MELD/train/dia538_utt1.wav,sad,meld,train,train
Raw_Data/MELD/train/dia55_utt1.wav,happy,meld,train,train
Raw_Data/MELD/test/dia263_utt3.wav,neutral,meld,test,train
Raw_Data/MELD/train/dia206_utt16.wav,angry,meld,train,train
Raw_Data/MELD/train/dia527_utt1.wav,happy,meld,train,train
Raw_Data/MELD/train/dia1024_utt12.wav,neutral,meld,train,train
Raw_Data/MELD/test/dia84_utt0.wav,angry,meld,test,train
Raw_Data/MELD/train/dia501_utt11.wav,surprise,meld,train,train
Raw_Data/MELD/train/dia86_utt6.wav,neutral,meld,train,train
Raw_Data/MELD/train/dia164_utt4.wav,sad,meld,train,train
Raw_Data/MELD/train/dia775_utt4.wav,neutral,meld,train,train
Raw_Data/MELD/test/dia96_utt12.wav,surprise,meld,test,train
Raw_Data/MELD/dev/dia6_utt7.wav,neutral,meld,dev,train
Raw_Data/MELD/test/dia124_utt13.wav,neutral,meld,test,train
Raw_Data/MELD/train/dia874_utt6.wav,angry,meld,train,train
Raw_Data/MELD/train/dia703_utt2.wav,neutral,meld,train,train
Raw_Data/MELD/train/dia136_utt1.wav,neutral,meld,train,train
Raw_Data/MELD/train/dia940_utt3.wav,neutral,meld,train,train
Raw_Data/MELD/dev/dia92_utt11.wav,angry,meld,dev,train
Raw_Data/MELD/test/dia115_utt3.wav,disgust,meld,test,train
Raw_Data/MELD/dev/dia42_utt0.wav,angry,meld,dev,train
Raw_Data/MELD/train/dia676_utt0.wav,sad,meld,train,train
Raw_Data/MELD/test/dia262_utt14.wav,neutral,meld,test,train
Raw_Data/MELD/train/dia607_utt9.wav,neutral,meld,train,train
Raw_Data/MELD/train/dia934_utt2.wav,neutral,meld,train,train
Raw_Data/MELD/train/dia964_utt17.wav,neutral,meld,train,train
Raw_Data/MELD/test/dia267_utt6.wav,neutral,meld,test,train
Raw_Data/MELD/dev/dia13_utt1.wav,angry,meld,dev,train
Raw_Data/MELD/train/dia973_utt1.wav,neutral,meld,train,train
Raw_Data/MELD/train/dia26_utt4.wav,neutral,meld,train,train
Raw_Data/MELD/train/dia791_utt21.wav,neutral,meld,train,train
Raw_Data/MELD/dev/dia29_utt0.wav,angry,meld,dev,train
Raw_Data/MELD/train/dia972_utt2.wav,happy,meld,train,train
Raw_Data/MELD/dev/dia81_utt2.wav,happy,meld,dev,train
Raw_Data/MELD/train/dia660_utt13.wav,neutral,meld,train,train
Raw_Data/MELD/test/dia240_utt0.wav,angry,meld,test,train
Raw_Data/MELD/train/dia160_utt5.wav,sad,meld,train,train
Raw_Data/MELD/dev/dia32_utt9.wav,angry,meld,dev,train
Raw_Data/MELD/train/dia507_utt5.wav,neutral,meld,train,train
Raw_Data/MELD/train/dia281_utt10.wav,surprise,meld,train,train
Raw_Data/MELD/train/dia850_utt0.wav,happy,meld,train,train
Raw_Data/MELD/train/dia584_utt6.wav,surprise,meld,train,train
Raw_Data/MELD/train/dia70_utt6.wav,neutral,meld,train,train
Raw_Data/MELD/train/dia622_utt14.wav,neutral,meld,train,train
Raw_Data/MELD/train/dia160_utt12.wav,happy,meld,train,train
Raw_Data/MELD/train/dia861_utt5.wav,surprise,meld,train,train
Raw_Data/MELD/dev/dia31_utt11.wav,angry,meld,dev,train
Raw_Data/MELD/train/dia317_utt4.wav,neutral,meld,train,train
Raw_Data/MELD/train/dia1017_utt8.wav,angry,meld,train,train
Raw_Data/MELD/train/dia906_utt2.wav,neutral,meld,train,train
Raw_Data/MELD/dev/dia41_utt1.wav,neutral,meld,dev,train
Raw_Data/MELD/test/dia268_utt4.wav,neutral,meld,test,train
Raw_Data/MELD/test/dia156_utt7.wav,happy,meld,test,train
Raw_Data/MELD/train/dia597_utt7.wav,neutral,meld,train,train
Raw_Data/MELD/train/dia26_utt6.wav,happy,meld,train,train
Raw_Data/MELD/train/dia928_utt0.wav,disgust,meld,train,train
Raw_Data/MELD/train/dia1024_utt6.wav,neutral,meld,train,train
Raw_Data/MELD/train/dia224_utt3.wav,neutral,meld,train,train
Raw_Data/MELD/train/dia69_utt2.wav,neutral,meld,train,train
Raw_Data/MELD/train/dia935_utt0.wav,neutral,meld,train,train
Raw_Data/MELD/train/dia561_utt12.wav,neutral,meld,train,train
Raw_Data/MELD/train/dia625_utt0.wav,neutral,meld,train,train
Raw_Data/MELD/train/dia573_utt4.wav,neutral,meld,train,train
Raw_Data/MELD/train/dia172_utt6.wav,neutral,meld,train,train
Raw_Data/MELD/train/dia676_utt2.wav,surprise,meld,train,train
Raw_Data/MELD/train/dia599_utt16.wav,neutral,meld,train,train
Raw_Data/MELD/train/dia606_utt9.wav,neutral,meld,train,train
Raw_Data/MELD/train/dia801_utt8.wav,angry,meld,train,train
Raw_Data/MELD/train/dia960_utt7.wav,surprise,meld,train,train
Raw_Data/MELD/train/dia237_utt6.wav,surprise,meld,train,train
Raw_Data/MELD/test/dia112_utt6.wav,angry,meld,test,train
Raw_Data/MELD/train/dia844_utt9.wav,happy,meld,train,train
Raw_Data/MELD/train/dia828_utt8.wav,disgust,meld,train,train
Raw_Data/MELD/dev/dia67_utt8.wav,neutral,meld,dev,train
Raw_Data/MELD/train/dia204_utt2.wav,neutral,meld,train,train
Raw_Data/MELD/train/dia727_utt2.wav,neutral,meld,train,train
Raw_Data/MELD/train/dia548_utt3.wav,happy,meld,train,train
Raw_Data/MELD/train/dia808_utt0.wav,disgust,meld,train,train
Raw_Data/MELD/test/dia41_utt6.wav,disgust,meld,test,train
Raw_Data/MELD/test/dia161_utt11.wav,surprise,meld,test,train
Raw_Data/MELD/test/dia251_utt4.wav,neutral,meld,test,train
Raw_Data/MELD/train/dia778_utt10.wav,surprise,meld,train,train
Raw_Data/MELD/train/dia537_utt0.wav,neutral,meld,train,train
Raw_Data/MELD/train/dia24_utt1.wav,neutral,meld,train,train
Raw_Data/MELD/test/dia0_utt0.wav,surprise,meld,test,train
Raw_Data/MELD/train/dia123_utt1.wav,angry,meld,train,train
Raw_Data/MELD/test/dia169_utt10.wav,angry,meld,test,train
Raw_Data/MELD/train/dia148_utt11.wav,neutral,meld,train,train
Raw_Data/MELD/train/dia181_utt0.wav,angry,meld,train,train
Raw_Data/MELD/train/dia212_utt9.wav,surprise,meld,train,train
Raw_Data/MELD/train/dia778_utt4.wav,neutral,meld,train,train
Raw_Data/MELD/train/dia305_utt7.wav,neutral,meld,train,train
Raw_Data/MELD/dev/dia82_utt8.wav,angry,meld,dev,train
Raw_Data/MELD/dev/dia8_utt6.wav,neutral,meld,dev,train
Raw_Data/MELD/test/dia154_utt5.wav,neutral,meld,test,train
Raw_Data/MELD/train/dia874_utt14.wav,neutral,meld,train,train
Raw_Data/MELD/train/dia18_utt5.wav,happy,meld,train,train
Raw_Data/MELD/test/dia203_utt4.wav,neutral,meld,test,train
Raw_Data/MELD/train/dia449_utt0.wav,neutral,meld,train,train
Raw_Data/MELD/test/dia167_utt13.wav,neutral,meld,test,train
Raw_Data/MELD/train/dia187_utt3.wav,surprise,meld,train,train
Raw_Data/MELD/train/dia207_utt15.wav,neutral,meld,train,train
Raw_Data/MELD/train/dia176_utt9.wav,neutral,meld,train,train
Raw_Data/MELD/train/dia1026_utt10.wav,happy,meld,train,train
Raw_Data/MELD/test/dia160_utt2.wav,angry,meld,test,train
Raw_Data/MELD/train/dia771_utt15.wav,surprise,meld,train,train
Raw_Data/MELD/train/dia615_utt18.wav,angry,meld,train,train
Raw_Data/MELD/train/dia770_utt4.wav,neutral,meld,train,train
Raw_Data/MELD/train/dia871_utt5.wav,neutral,meld,train,train
Raw_Data/MELD/dev/dia11_utt9.wav,neutral,meld,dev,train
Raw_Data/MELD/train/dia678_utt0.wav,neutral,meld,train,train
Raw_Data/MELD/train/dia200_utt2.wav,surprise,meld,train,train
Raw_Data/MELD/train/dia719_utt3.wav,neutral,meld,train,train
Raw_Data/MELD/train/dia154_utt4.wav,angry,meld,train,train
Raw_Data/MELD/train/dia371_utt4.wav,neutral,meld,train,train
Raw_Data/MELD/train/dia611_utt3.wav,neutral,meld,train,train
Raw_Data/MELD/train/dia814_utt0.wav,neutral,meld,train,train
Raw_Data/MELD/train/dia314_utt2.wav,happy,meld,train,train
Raw_Data/MELD/train/dia533_utt3.wav,neutral,meld,train,train
Raw_Data/MELD/train/dia770_utt12.wav,angry,meld,train,train
Raw_Data/MELD/test/dia262_utt0.wav,neutral,meld,test,train
Raw_Data/MELD/dev/dia7_utt2.wav,neutral,meld,dev,train
Raw_Data/MELD/train/dia940_utt7.wav,neutral,meld,train,train
Raw_Data/MELD/train/dia679_utt15.wav,angry,meld,train,train
Raw_Data/MELD/train/dia72_utt5.wav,neutral,meld,train,train
Raw_Data/MELD/train/dia831_utt1.wav,angry,meld,train,train
Raw_Data/MELD/train/dia317_utt1.wav,happy,meld,train,train
Raw_Data/MELD/test/dia18_utt1.wav,neutral,meld,test,train
Raw_Data/MELD/train/dia121_utt0.wav,neutral,meld,train,train
Raw_Data/MELD/train/dia933_utt8.wav,neutral,meld,train,train
Raw_Data/MELD/test/dia68_utt5.wav,angry,meld,test,train
Raw_Data/MELD/train/dia383_utt11.wav,surprise,meld,train,train
Raw_Data/MELD/train/dia232_utt16.wav,surprise,meld,train,train
Raw_Data/MELD/train/dia576_utt2.wav,surprise,meld,train,train
Raw_Data/MELD/train/dia197_utt0.wav,happy,meld,train,train
Raw_Data/MELD/test/dia242_utt5.wav,neutral,meld,test,train
Raw_Data/MELD/train/dia906_utt5.wav,surprise,meld,train,train
Raw_Data/MELD/dev/dia16_utt17.wav,angry,meld,dev,train
Raw_Data/MELD/train/dia775_utt8.wav,neutral,meld,train,train
Raw_Data/MELD/train/dia443_utt2.wav,neutral,meld,train,train
Raw_Data/MELD/train/dia315_utt4.wav,angry,meld,train,train
Raw_Data/MELD/train/dia338_utt2.wav,neutral,meld,train,train
Raw_Data/MELD/train/dia849_utt3.wav,neutral,meld,train,train
Raw_Data/MELD/train/dia249_utt8.wav,neutral,meld,train,train
Raw_Data/MELD/test/dia187_utt2.wav,neutral,meld,test,train
Raw_Data/MELD/test/dia97_utt7.wav,neutral,meld,test,train
Raw_Data/MELD/dev/dia9_utt1.wav,sad,meld,dev,train
Raw_Data/MELD/train/dia464_utt7.wav,neutral,meld,train,train
Raw_Data/MELD/dev/dia11_utt0.wav,neutral,meld,dev,train
Raw_Data/MELD/test/dia157_utt4.wav,neutral,meld,test,train
Raw_Data/MELD/train/dia590_utt6.wav,neutral,meld,train,train
Raw_Data/MELD/train/dia1032_utt4.wav,neutral,meld,train,train
Raw_Data/MELD/train/dia137_utt7.wav,neutral,meld,train,train
Raw_Data/MELD/train/dia6_utt15.wav,sad,meld,train,train
Raw_Data/MELD/train/dia342_utt7.wav,happy,meld,train,train
Raw_Data/MELD/dev/dia104_utt5.wav,angry,meld,dev,train
Raw_Data/MELD/test/dia222_utt4.wav,happy,meld,test,train
Raw_Data/MELD/train/dia346_utt2.wav,surprise,meld,train,train
Raw_Data/MELD/train/dia945_utt8.wav,angry,meld,train,train
Raw_Data/MELD/test/dia192_utt2.wav,angry,meld,test,train
Raw_Data/MELD/train/dia49_utt0.wav,neutral,meld,train,train
Raw_Data/MELD/train/dia620_utt0.wav,neutral,meld,train,train
Raw_Data/MELD/train/dia776_utt6.wav,neutral,meld,train,train
Raw_Data/MELD/train/dia626_utt9.wav,neutral,meld,train,train
Raw_Data/MELD/dev/dia8_utt13.wav,neutral,meld,dev,train
Raw_Data/MELD/test/dia242_utt7.wav,neutral,meld,test,train
Raw_Data/MELD/train/dia562_utt10.wav,happy,meld,train,train
Raw_Data/MELD/train/dia646_utt10.wav,neutral,meld,train,train
Raw_Data/MELD/train/dia247_utt0.wav,neutral,meld,train,train
Raw_Data/MELD/train/dia1025_utt5.wav,angry,meld,train,train
Raw_Data/MELD/test/dia232_utt4.wav,neutral,meld,test,train
Raw_Data/MELD/train/dia326_utt5.wav,fear,meld,train,train
Raw_Data/MELD/train/dia1012_utt1.wav,surprise,meld,train,train
Raw_Data/MELD/test/dia71_utt0.wav,happy,meld,test,train
Raw_Data/MELD/train/dia1007_utt9.wav,neutral,meld,train,train
Raw_Data/MELD/train/dia522_utt5.wav,neutral,meld,train,train
Raw_Data/MELD/dev/dia93_utt6.wav,sad,meld,dev,train
Raw_Data/MELD/train/dia242_utt4.wav,neutral,meld,train,train
Raw_Data/MELD/train/dia755_utt3.wav,angry,meld,train,train
Raw_Data/MELD/train/dia544_utt5.wav,surprise,meld,train,train
Raw_Data/MELD/train/dia678_utt16.wav,neutral,meld,train,train
Raw_Data/MELD/train/dia315_utt1.wav,neutral,meld,train,train
Raw_Data/MELD/train/dia1037_utt0.wav,neutral,meld,train,train
Raw_Data/MELD/test/dia140_utt16.wav,neutral,meld,test,train
Raw_Data/MELD/dev/dia85_utt9.wav,happy,meld,dev,train
Raw_Data/MELD/test/dia155_utt6.wav,neutral,meld,test,train
Raw_Data/MELD/test/dia250_utt1.wav,neutral,meld,test,train
Raw_Data/MELD/train/dia887_utt2.wav,neutral,meld,train,train
Raw_Data/MELD/train/dia421_utt1.wav,neutral,meld,train,train
Raw_Data/MELD/dev/dia68_utt4.wav,neutral,meld,dev,train
Raw_Data/MELD/test/dia169_utt17.wav,surprise,meld,test,train
Raw_Data/MELD/test/dia38_utt0.wav,happy,meld,test,train
Raw_Data/MELD/train/dia1025_utt14.wav,angry,meld,train,train
Raw_Data/MELD/train/dia735_utt4.wav,neutral,meld,train,train
Raw_Data/MELD/train/dia524_utt14.wav,neutral,meld,train,train
Raw_Data/MELD/train/dia747_utt12.wav,angry,meld,train,train
Raw_Data/MELD/train/dia513_utt4.wav,angry,meld,train,train
Raw_Data/MELD/test/dia229_utt4.wav,surprise,meld,test,train
Raw_Data/MELD/train/dia124_utt10.wav,neutral,meld,train,train
Raw_Data/MELD/train/dia797_utt4.wav,neutral,meld,train,train
Raw_Data/MELD/train/dia675_utt3.wav,neutral,meld,train,train
Raw_Data/MELD/train/dia127_utt3.wav,disgust,meld,train,train
Raw_Data/MELD/train/dia892_utt10.wav,angry,meld,train,train
Raw_Data/MELD/test/dia244_utt1.wav,neutral,meld,test,train
Raw_Data/MELD/train/dia63_utt6.wav,neutral,meld,train,train
Raw_Data/MELD/dev/dia18_utt12.wav,surprise,meld,dev,train
Raw_Data/MELD/train/dia148_utt10.wav,neutral,meld,train,train
Raw_Data/MELD/train/dia716_utt2.wav,angry,meld,train,train
Raw_Data/MELD/train/dia1018_utt6.wav,angry,meld,train,train
Raw_Data/MELD/dev/dia59_utt2.wav,neutral,meld,dev,train
Raw_Data/MELD/train/dia791_utt15.wav,neutral,meld,train,train
Raw_Data/MELD/train/dia219_utt12.wav,angry,meld,train,train
Raw_Data/MELD/train/dia440_utt3.wav,neutral,meld,train,train
Raw_Data/MELD/test/dia135_utt2.wav,neutral,meld,test,train
Raw_Data/MELD/train/dia327_utt2.wav,surprise,meld,train,train
Raw_Data/MELD/train/dia735_utt18.wav,neutral,meld,train,train
Raw_Data/MELD/train/dia538_utt5.wav,happy,meld,train,train
Raw_Data/MELD/train/dia435_utt0.wav,neutral,meld,train,train
Raw_Data/MELD/train/dia111_utt14.wav,neutral,meld,train,train
Raw_Data/MELD/test/dia213_utt11.wav,neutral,meld,test,train
Raw_Data/MELD/train/dia347_utt10.wav,sad,meld,train,train
Raw_Data/MELD/dev/dia113_utt5.wav,neutral,meld,dev,train
Raw_Data/MELD/train/dia295_utt10.wav,angry,meld,train,train
Raw_Data/MELD/train/dia235_utt0.wav,angry,meld,train,train
Raw_Data/MELD/train/dia468_utt4.wav,happy,meld,train,train
Raw_Data/MELD/test/dia12_utt15.wav,neutral,meld,test,train
Raw_Data/MELD/train/dia684_utt1.wav,neutral,meld,train,train
Raw_Data/MELD/train/dia301_utt2.wav,fear,meld,train,train
Raw_Data/MELD/train/dia416_utt4.wav,disgust,meld,train,train
Raw_Data/MELD/train/dia165_utt5.wav,happy,meld,train,train
Raw_Data/MELD/train/dia637_utt11.wav,neutral,meld,train,train
Raw_Data/MELD/dev/dia109_utt5.wav,neutral,meld,dev,train
Raw_Data/MELD/train/dia599_utt9.wav,happy,meld,train,train
Raw_Data/MELD/dev/dia4_utt4.wav,neutral,meld,dev,train
Raw_Data/MELD/test/dia47_utt1.wav,sad,meld,test,train
Raw_Data/MELD/train/dia625_utt19.wav,neutral,meld,train,train
Raw_Data/MELD/train/dia986_utt8.wav,neutral,meld,train,train
Raw_Data/MELD/train/dia804_utt0.wav,fear,meld,train,train
Raw_Data/MELD/train/dia198_utt0.wav,neutral,meld,train,train
Raw_Data/MELD/dev/dia67_utt2.wav,neutral,meld,dev,train
Raw_Data/MELD/train/dia72_utt3.wav,surprise,meld,train,train
Raw_Data/MELD/train/dia308_utt1.wav,happy,meld,train,train
Raw_Data/MELD/train/dia319_utt1.wav,happy,meld,train,train
Raw_Data/MELD/train/dia151_utt12.wav,neutral,meld,train,train
Raw_Data/MELD/train/dia950_utt7.wav,sad,meld,train,train
Raw_Data/MELD/train/dia371_utt8.wav,neutral,meld,train,train
Raw_Data/MELD/test/dia182_utt9.wav,surprise,meld,test,train
Raw_Data/MELD/dev/dia93_utt0.wav,sad,meld,dev,train
Raw_Data/MELD/train/dia372_utt10.wav,happy,meld,train,train
Raw_Data/MELD/train/dia630_utt7.wav,neutral,meld,train,train
Raw_Data/MELD/train/dia448_utt9.wav,angry,meld,train,train
Raw_Data/MELD/test/dia211_utt6.wav,neutral,meld,test,train
Raw_Data/MELD/test/dia253_utt6.wav,happy,meld,test,train
Raw_Data/MELD/test/dia278_utt7.wav,surprise,meld,test,train
Raw_Data/MELD/train/dia13_utt0.wav,happy,meld,train,train
Raw_Data/MELD/train/dia793_utt6.wav,happy,meld,train,train
Raw_Data/MELD/train/dia611_utt11.wav,neutral,meld,train,train
Raw_Data/MELD/test/dia39_utt11.wav,neutral,meld,test,train
Raw_Data/MELD/train/dia774_utt0.wav,sad,meld,train,train
Raw_Data/MELD/train/dia148_utt0.wav,angry,meld,train,train
Raw_Data/MELD/test/dia194_utt4.wav,neutral,meld,test,train
Raw_Data/MELD/train/dia344_utt1.wav,neutral,meld,train,train
Raw_Data/MELD/train/dia1015_utt9.wav,neutral,meld,train,train
Raw_Data/MELD/train/dia505_utt6.wav,fear,meld,train,train
Raw_Data/MELD/train/dia321_utt9.wav,neutral,meld,train,train
Raw_Data/MELD/train/dia321_utt3.wav,neutral,meld,train,train
Raw_Data/MELD/train/dia226_utt19.wav,happy,meld,train,train
Raw_Data/MELD/train/dia55_utt11.wav,happy,meld,train,train
Raw_Data/MELD/train/dia476_utt7.wav,fear,meld,train,train
Raw_Data/MELD/train/dia254_utt0.wav,fear,meld,train,train
Raw_Data/MELD/train/dia947_utt15.wav,happy,meld,train,train
Raw_Data/MELD/train/dia775_utt12.wav,happy,meld,train,train
Raw_Data/MELD/train/dia94_utt7.wav,sad,meld,train,train
Raw_Data/MELD/dev/dia26_utt12.wav,angry,meld,dev,train
Raw_Data/MELD/train/dia879_utt1.wav,neutral,meld,train,train
Raw_Data/MELD/test/dia260_utt9.wav,happy,meld,test,train
Raw_Data/MELD/test/dia253_utt0.wav,happy,meld,test,train
Raw_Data/MELD/train/dia571_utt14.wav,surprise,meld,train,train
Raw_Data/MELD/train/dia770_utt9.wav,angry,meld,train,train
Raw_Data/MELD/test/dia83_utt8.wav,neutral,meld,test,train
Raw_Data/MELD/train/dia949_utt3.wav,happy,meld,train,train
Raw_Data/MELD/train/dia670_utt10.wav,happy,meld,train,train
Raw_Data/MELD/test/dia70_utt3.wav,neutral,meld,test,train
Raw_Data/MELD/train/dia221_utt1.wav,neutral,meld,train,train
Raw_Data/MELD/train/dia224_utt2.wav,neutral,meld,train,train
Raw_Data/MELD/train/dia990_utt7.wav,neutral,meld,train,train
Raw_Data/MELD/train/dia288_utt0.wav,happy,meld,train,train
Raw_Data/MELD/train/dia558_utt5.wav,neutral,meld,train,train
Raw_Data/MELD/train/dia342_utt10.wav,angry,meld,train,train
Raw_Data/MELD/test/dia77_utt3.wav,angry,meld,test,train
Raw_Data/MELD/train/dia529_utt6.wav,surprise,meld,train,train
Raw_Data/MELD/train/dia870_utt6.wav,neutral,meld,train,train
Raw_Data/MELD/train/dia923_utt9.wav,angry,meld,train,train
Raw_Data/MELD/train/dia376_utt2.wav,happy,meld,train,train
Raw_Data/MELD/train/dia741_utt4.wav,surprise,meld,train,train
Raw_Data/MELD/train/dia264_utt9.wav,neutral,meld,train,train
Raw_Data/MELD/train/dia938_utt1.wav,sad,meld,train,train
Raw_Data/MELD/test/dia210_utt5.wav,happy,meld,test,train
Raw_Data/MELD/test/dia199_utt12.wav,sad,meld,test,train
Raw_Data/MELD/dev/dia99_utt0.wav,happy,meld,dev,train
Raw_Data/MELD/dev/dia110_utt4.wav,neutral,meld,dev,train
Raw_Data/MELD/test/dia2_utt4.wav,angry,meld,test,train
Raw_Data/MELD/train/dia857_utt1.wav,neutral,meld,train,train
Raw_Data/MELD/test/dia116_utt5.wav,sad,meld,test,train
Raw_Data/MELD/train/dia665_utt1.wav,happy,meld,train,train
Raw_Data/MELD/train/dia806_utt15.wav,fear,meld,train,train
Raw_Data/MELD/train/dia823_utt10.wav,neutral,meld,train,train
Raw_Data/MELD/train/dia161_utt5.wav,surprise,meld,train,train
Raw_Data/MELD/test/dia12_utt4.wav,angry,meld,test,train
Raw_Data/MELD/train/dia682_utt14.wav,neutral,meld,train,train
Raw_Data/MELD/train/dia455_utt13.wav,happy,meld,train,train
Raw_Data/MELD/test/dia190_utt2.wav,surprise,meld,test,train
Raw_Data/MELD/train/dia795_utt4.wav,neutral,meld,train,train
Raw_Data/MELD/test/dia47_utt3.wav,neutral,meld,test,train
Raw_Data/MELD/train/dia446_utt10.wav,surprise,meld,train,train
Raw_Data/MELD/train/dia949_utt12.wav,neutral,meld,train,train
Raw_Data/MELD/train/dia464_utt5.wav,happy,meld,train,train
Raw_Data/MELD/train/dia760_utt0.wav,happy,meld,train,train
Raw_Data/MELD/train/dia626_utt10.wav,neutral,meld,train,train
Raw_Data/MELD/test/dia144_utt0.wav,angry,meld,test,train
Raw_Data/MELD/train/dia337_utt7.wav,surprise,meld,train,train
Raw_Data/MELD/train/dia602_utt5.wav,neutral,meld,train,train
Raw_Data/MELD/train/dia1017_utt6.wav,neutral,meld,train,train
Raw_Data/MELD/train/dia960_utt8.wav,neutral,meld,train,train
Raw_Data/MELD/train/dia291_utt1.wav,sad,meld,train,train
Raw_Data/MELD/train/dia886_utt12.wav,disgust,meld,train,train
Raw_Data/MELD/train/dia386_utt0.wav,happy,meld,train,train
Raw_Data/MELD/test/dia225_utt3.wav,sad,meld,test,train
Raw_Data/MELD/train/dia211_utt12.wav,fear,meld,train,train
Raw_Data/MELD/train/dia961_utt8.wav,sad,meld,train,train
Raw_Data/MELD/train/dia367_utt9.wav,surprise,meld,train,train
Raw_Data/MELD/test/dia156_utt14.wav,happy,meld,test,train
Raw_Data/MELD/dev/dia88_utt0.wav,surprise,meld,dev,train
Raw_Data/MELD/train/dia207_utt14.wav,surprise,meld,train,train
Raw_Data/MELD/test/dia167_utt10.wav,neutral,meld,test,train
Raw_Data/MELD/train/dia329_utt8.wav,neutral,meld,train,train
Raw_Data/MELD/train/dia285_utt10.wav,neutral,meld,train,train
Raw_Data/MELD/test/dia137_utt8.wav,neutral,meld,test,train
Raw_Data/MELD/train/dia435_utt7.wav,happy,meld,train,train
Raw_Data/MELD/train/dia131_utt1.wav,sad,meld,train,train
Raw_Data/MELD/train/dia15_utt10.wav,neutral,meld,train,train
Raw_Data/MELD/train/dia789_utt7.wav,angry,meld,train,train
Raw_Data/MELD/dev/dia27_utt7.wav,neutral,meld,dev,train
Raw_Data/MELD/train/dia207_utt18.wav,angry,meld,train,train
Raw_Data/MELD/train/dia249_utt11.wav,neutral,meld,train,train
Raw_Data/MELD/train/dia211_utt2.wav,happy,meld,train,train
Raw_Data/MELD/dev/dia34_utt5.wav,neutral,meld,dev,train
Raw_Data/MELD/train/dia673_utt4.wav,neutral,meld,train,train
Raw_Data/MELD/dev/dia74_utt6.wav,neutral,meld,dev,train
Raw_Data/MELD/train/dia845_utt7.wav,fear,meld,train,train
Raw_Data/MELD/train/dia256_utt12.wav,angry,meld,train,train
Raw_Data/MELD/train/dia28_utt5.wav,happy,meld,train,train
Raw_Data/MELD/train/dia735_utt9.wav,neutral,meld,train,train
Raw_Data/MELD/train/dia509_utt15.wav,neutral,meld,train,train
Raw_Data/MELD/train/dia913_utt10.wav,neutral,meld,train,train
Raw_Data/MELD/train/dia254_utt1.wav,angry,meld,train,train
Raw_Data/MELD/train/dia986_utt7.wav,neutral,meld,train,train
Raw_Data/MELD/train/dia892_utt5.wav,neutral,meld,train,train
Raw_Data/MELD/train/dia662_utt0.wav,neutral,meld,train,train
Raw_Data/MELD/test/dia262_utt1.wav,happy,meld,test,train
Raw_Data/MELD/test/dia130_utt9.wav,neutral,meld,test,train
Raw_Data/MELD/train/dia707_utt3.wav,neutral,meld,train,train
Raw_Data/MELD/test/dia124_utt6.wav,neutral,meld,test,train
Raw_Data/MELD/train/dia317_utt12.wav,angry,meld,train,train
Raw_Data/MELD/train/dia377_utt2.wav,neutral,meld,train,train
Raw_Data/MELD/test/dia33_utt8.wav,neutral,meld,test,train
Raw_Data/MELD/dev/dia77_utt6.wav,neutral,meld,dev,train
Raw_Data/MELD/train/dia35_utt0.wav,surprise,meld,train,train
Raw_Data/MELD/train/dia304_utt2.wav,neutral,meld,train,train
Raw_Data/MELD/train/dia555_utt4.wav,angry,meld,train,train
Raw_Data/MELD/train/dia774_utt10.wav,surprise,meld,train,train
Raw_Data/MELD/train/dia901_utt5.wav,disgust,meld,train,train
Raw_Data/MELD/train/dia865_utt5.wav,happy,meld,train,train
Raw_Data/MELD/train/dia617_utt2.wav,neutral,meld,train,train
Raw_Data/MELD/train/dia960_utt5.wav,disgust,meld,train,train
Raw_Data/MELD/train/dia6_utt19.wav,angry,meld,train,train
Raw_Data/MELD/train/dia625_utt1.wav,neutral,meld,train,train
Raw_Data/MELD/train/dia853_utt11.wav,angry,meld,train,train
Raw_Data/MELD/train/dia925_utt5.wav,happy,meld,train,train
Raw_Data/MELD/train/dia942_utt6.wav,neutral,meld,train,train
Raw_Data/MELD/train/dia632_utt5.wav,angry,meld,train,train
Raw_Data/MELD/test/dia123_utt13.wav,disgust,meld,test,train
Raw_Data/MELD/test/dia203_utt0.wav,angry,meld,test,train
Raw_Data/MELD/test/dia30_utt2.wav,happy,meld,test,train
Raw_Data/MELD/dev/dia82_utt1.wav,angry,meld,dev,train
Raw_Data/MELD/train/dia236_utt12.wav,neutral,meld,train,train
Raw_Data/MELD/test/dia127_utt3.wav,neutral,meld,test,train
Raw_Data/MELD/train/dia726_utt5.wav,neutral,meld,train,train
Raw_Data/MELD/test/dia267_utt4.wav,neutral,meld,test,train
Raw_Data/MELD/train/dia1000_utt3.wav,neutral,meld,train,train
Raw_Data/MELD/train/dia239_utt6.wav,happy,meld,train,train
Raw_Data/MELD/test/dia249_utt1.wav,neutral,meld,test,train
Raw_Data/MELD/train/dia167_utt11.wav,neutral,meld,train,train
Raw_Data/MELD/dev/dia7_utt4.wav,surprise,meld,dev,train
Raw_Data/MELD/train/dia892_utt15.wav,happy,meld,train,train
Raw_Data/MELD/test/dia156_utt6.wav,angry,meld,test,train
Raw_Data/MELD/dev/dia59_utt1.wav,neutral,meld,dev,train
Raw_Data/MELD/test/dia253_utt5.wav,neutral,meld,test,train
Raw_Data/MELD/test/dia42_utt4.wav,neutral,meld,test,train
Raw_Data/MELD/train/dia159_utt9.wav,neutral,meld,train,train
Raw_Data/MELD/train/dia433_utt1.wav,neutral,meld,train,train
Raw_Data/MELD/test/dia140_utt1.wav,sad,meld,test,train
Raw_Data/MELD/train/dia921_utt6.wav,fear,meld,train,train
Raw_Data/MELD/train/dia384_utt4.wav,happy,meld,train,train
Raw_Data/MELD/train/dia18_utt8.wav,sad,meld,train,train
Raw_Data/MELD/train/dia366_utt12.wav,neutral,meld,train,train
Raw_Data/MELD/test/dia45_utt7.wav,neutral,meld,test,train
Raw_Data/MELD/train/dia671_utt11.wav,surprise,meld,train,train
Raw_Data/MELD/test/dia25_utt0.wav,neutral,meld,test,train
Raw_Data/MELD/test/dia73_utt1.wav,neutral,meld,test,train
Raw_Data/MELD/train/dia25_utt10.wav,neutral,meld,train,train
Raw_Data/MELD/train/dia301_utt10.wav,neutral,meld,train,train
Raw_Data/MELD/test/dia241_utt6.wav,happy,meld,test,train
Raw_Data/MELD/train/dia877_utt2.wav,happy,meld,train,train
Raw_Data/MELD/train/dia146_utt6.wav,neutral,meld,train,train
Raw_Data/MELD/train/dia536_utt0.wav,surprise,meld,train,train
Raw_Data/MELD/train/dia863_utt5.wav,neutral,meld,train,train
Raw_Data/MELD/train/dia474_utt7.wav,sad,meld,train,train
Raw_Data/MELD/dev/dia42_utt2.wav,neutral,meld,dev,train
Raw_Data/MELD/train/dia373_utt3.wav,neutral,meld,train,train
Raw_Data/MELD/train/dia152_utt10.wav,sad,meld,train,train
Raw_Data/MELD/test/dia128_utt2.wav,neutral,meld,test,train
Raw_Data/MELD/train/dia156_utt9.wav,happy,meld,train,train
Raw_Data/MELD/dev/dia61_utt3.wav,neutral,meld,dev,train
Raw_Data/MELD/test/dia123_utt10.wav,surprise,meld,test,train
Raw_Data/MELD/train/dia236_utt6.wav,surprise,meld,train,train
Raw_Data/MELD/train/dia783_utt1.wav,happy,meld,train,train
Raw_Data/MELD/test/dia227_utt3.wav,neutral,meld,test,train
Raw_Data/MELD/test/dia260_utt5.wav,neutral,meld,test,train
Raw_Data/MELD/dev/dia89_utt0.wav,fear,meld,dev,train
Raw_Data/MELD/train/dia94_utt0.wav,neutral,meld,train,train
Raw_Data/MELD/train/dia622_utt1.wav,neutral,meld,train,train
Raw_Data/MELD/train/dia851_utt16.wav,neutral,meld,train,train
Raw_Data/MELD/train/dia898_utt3.wav,neutral,meld,train,train
Raw_Data/MELD/train/dia258_utt6.wav,happy,meld,train,train
Raw_Data/MELD/train/dia667_utt2.wav,sad,meld,train,train
Raw_Data/MELD/train/dia253_utt7.wav,neutral,meld,train,train
Raw_Data/MELD/test/dia270_utt11.wav,neutral,meld,test,train
Raw_Data/MELD/train/dia942_utt7.wav,neutral,meld,train,train
Raw_Data/MELD/dev/dia90_utt1.wav,neutral,meld,dev,train
Raw_Data/MELD/train/dia839_utt7.wav,neutral,meld,train,train
Raw_Data/MELD/test/dia107_utt7.wav,sad,meld,test,train
Raw_Data/MELD/dev/dia44_utt9.wav,neutral,meld,dev,train
Raw_Data/MELD/test/dia268_utt6.wav,neutral,meld,test,train
Raw_Data/MELD/test/dia76_utt6.wav,neutral,meld,test,train
Raw_Data/MELD/train/dia455_utt6.wav,surprise,meld,train,train
Raw_Data/MELD/train/dia923_utt1.wav,sad,meld,train,train
Raw_Data/MELD/train/dia975_utt0.wav,neutral,meld,train,train
Raw_Data/MELD/train/dia389_utt5.wav,neutral,meld,train,train
Raw_Data/MELD/train/dia983_utt7.wav,angry,meld,train,train
Raw_Data/MELD/train/dia279_utt8.wav,neutral,meld,train,train
Raw_Data/MELD/test/dia240_utt15.wav,sad,meld,test,train
Raw_Data/MELD/train/dia841_utt1.wav,neutral,meld,train,train
Raw_Data/MELD/dev/dia96_utt3.wav,happy,meld,dev,train
Raw_Data/MELD/train/dia1016_utt14.wav,angry,meld,train,train
Raw_Data/MELD/test/dia275_utt1.wav,neutral,meld,test,train
Raw_Data/MELD/test/dia34_utt5.wav,surprise,meld,test,train
Raw_Data/MELD/test/dia151_utt1.wav,neutral,meld,test,train
Raw_Data/MELD/train/dia525_utt0.wav,neutral,meld,train,train
Raw_Data/MELD/train/dia371_utt6.wav,surprise,meld,train,train
Raw_Data/MELD/train/dia1016_utt6.wav,neutral,meld,train,train
Raw_Data/MELD/train/dia302_utt6.wav,neutral,meld,train,train
Raw_Data/MELD/dev/dia1_utt4.wav,neutral,meld,dev,train
Raw_Data/MELD/train/dia78_utt0.wav,happy,meld,train,train
Raw_Data/MELD/train/dia747_utt13.wav,neutral,meld,train,train
Raw_Data/MELD/train/dia730_utt10.wav,neutral,meld,train,train
Raw_Data/MELD/train/dia847_utt5.wav,happy,meld,train,train
Raw_Data/MELD/train/dia638_utt6.wav,neutral,meld,train,train
Raw_Data/MELD/dev/dia68_utt5.wav,sad,meld,dev,train
Raw_Data/MELD/train/dia949_utt1.wav,neutral,meld,train,train
Raw_Data/MELD/train/dia261_utt6.wav,neutral,meld,train,train
Raw_Data/MELD/test/dia228_utt7.wav,angry,meld,test,train
Raw_Data/MELD/train/dia438_utt12.wav,happy,meld,train,train
Raw_Data/MELD/train/dia792_utt0.wav,happy,meld,train,train
Raw_Data/MELD/dev/dia62_utt4.wav,neutral,meld,dev,train
Raw_Data/MELD/train/dia32_utt4.wav,surprise,meld,train,train
Raw_Data/MELD/train/dia252_utt16.wav,neutral,meld,train,train
Raw_Data/MELD/train/dia434_utt7.wav,happy,meld,train,train
Raw_Data/MELD/train/dia811_utt0.wav,happy,meld,train,train
Raw_Data/MELD/train/dia356_utt21.wav,angry,meld,train,train
Raw_Data/MELD/train/dia932_utt15.wav,neutral,meld,train,train
Raw_Data/MELD/train/dia946_utt14.wav,happy,meld,train,train
Raw_Data/MELD/train/dia430_utt2.wav,sad,meld,train,train
Raw_Data/MELD/train/dia15_utt11.wav,neutral,meld,train,train
Raw_Data/MELD/train/dia673_utt15.wav,neutral,meld,train,train
Raw_Data/MELD/train/dia496_utt1.wav,neutral,meld,train,train
Raw_Data/MELD/test/dia49_utt10.wav,neutral,meld,test,train
Raw_Data/MELD/train/dia251_utt4.wav,neutral,meld,train,train
Raw_Data/MELD/train/dia506_utt4.wav,neutral,meld,train,train
Raw_Data/MELD/train/dia956_utt10.wav,neutral,meld,train,train
Raw_Data/MELD/train/dia558_utt1.wav,neutral,meld,train,train
Raw_Data/MELD/train/dia114_utt0.wav,neutral,meld,train,train
Raw_Data/MELD/test/dia76_utt13.wav,neutral,meld,test,train
Raw_Data/MELD/test/dia12_utt17.wav,neutral,meld,test,train
Raw_Data/MELD/train/dia913_utt11.wav,happy,meld,train,train
Raw_Data/MELD/train/dia921_utt10.wav,angry,meld,train,train
Raw_Data/MELD/test/dia32_utt0.wav,surprise,meld,test,train
Raw_Data/MELD/test/dia249_utt4.wav,neutral,meld,test,train
Raw_Data/MELD/test/dia260_utt7.wav,neutral,meld,test,train
Raw_Data/MELD/dev/dia13_utt13.wav,surprise,meld,dev,train
Raw_Data/MELD/train/dia148_utt7.wav,neutral,meld,train,train
Raw_Data/MELD/train/dia982_utt6.wav,neutral,meld,train,train
Raw_Data/MELD/train/dia44_utt1.wav,surprise,meld,train,train
Raw_Data/MELD/dev/dia78_utt3.wav,angry,meld,dev,train
Raw_Data/MELD/train/dia535_utt2.wav,angry,meld,train,train
Raw_Data/MELD/train/dia844_utt19.wav,neutral,meld,train,train
Raw_Data/MELD/test/dia105_utt0.wav,angry,meld,test,train
Raw_Data/MELD/test/dia77_utt1.wav,neutral,meld,test,train
Raw_Data/MELD/train/dia410_utt9.wav,neutral,meld,train,train
Raw_Data/MELD/train/dia80_utt1.wav,happy,meld,train,train
Raw_Data/MELD/test/dia264_utt1.wav,angry,meld,test,train
Raw_Data/MELD/train/dia207_utt19.wav,neutral,meld,train,train
Raw_Data/MELD/train/dia47_utt12.wav,neutral,meld,train,train
Raw_Data/MELD/train/dia954_utt2.wav,neutral,meld,train,train
Raw_Data/MELD/train/dia466_utt2.wav,surprise,meld,train,train
Raw_Data/MELD/train/dia754_utt4.wav,angry,meld,train,train
Raw_Data/MELD/train/dia893_utt13.wav,happy,meld,train,train
Raw_Data/MELD/train/dia542_utt1.wav,angry,meld,train,train
Raw_Data/MELD/test/dia97_utt1.wav,happy,meld,test,train
Raw_Data/MELD/train/dia827_utt14.wav,happy,meld,train,train
Raw_Data/MELD/test/dia76_utt3.wav,neutral,meld,test,train
Raw_Data/MELD/train/dia41_utt10.wav,neutral,meld,train,train
Raw_Data/MELD/train/dia790_utt0.wav,surprise,meld,train,train
Raw_Data/MELD/train/dia184_utt4.wav,happy,meld,train,train
Raw_Data/MELD/train/dia1026_utt14.wav,surprise,meld,train,train
Raw_Data/MELD/train/dia222_utt5.wav,happy,meld,train,train
Raw_Data/MELD/dev/dia69_utt2.wav,neutral,meld,dev,train
Raw_Data/MELD/train/dia55_utt3.wav,surprise,meld,train,train
Raw_Data/MELD/dev/dia92_utt10.wav,disgust,meld,dev,train
Raw_Data/MELD/test/dia14_utt8.wav,neutral,meld,test,train
Raw_Data/MELD/train/dia768_utt8.wav,neutral,meld,train,train
Raw_Data/MELD/test/dia232_utt8.wav,happy,meld,test,train
Raw_Data/MELD/train/dia36_utt5.wav,sad,meld,train,train
Raw_Data/MELD/train/dia155_utt11.wav,neutral,meld,train,train
Raw_Data/MELD/train/dia52_utt2.wav,neutral,meld,train,train
Raw_Data/MELD/train/dia886_utt22.wav,neutral,meld,train,train
Raw_Data/MELD/train/dia342_utt4.wav,neutral,meld,train,train
Raw_Data/MELD/dev/dia85_utt16.wav,surprise,meld,dev,train
Raw_Data/MELD/dev/dia19_utt11.wav,neutral,meld,dev,train
Raw_Data/MELD/train/dia273_utt6.wav,neutral,meld,train,train
Raw_Data/MELD/train/dia473_utt2.wav,angry,meld,train,train
Raw_Data/MELD/train/dia319_utt22.wav,disgust,meld,train,train
Raw_Data/MELD/test/dia76_utt18.wav,happy,meld,test,train
Raw_Data/MELD/train/dia629_utt16.wav,surprise,meld,train,train
Raw_Data/MELD/test/dia98_utt9.wav,neutral,meld,test,train
Raw_Data/MELD/dev/dia98_utt3.wav,happy,meld,dev,train
Raw_Data/MELD/train/dia349_utt4.wav,happy,meld,train,train
Raw_Data/MELD/train/dia720_utt7.wav,neutral,meld,train,train
Raw_Data/MELD/train/dia499_utt20.wav,surprise,meld,train,train
Raw_Data/MELD/test/dia41_utt5.wav,surprise,meld,test,train
Raw_Data/MELD/train/dia1016_utt18.wav,angry,meld,train,train
Raw_Data/MELD/test/dia133_utt12.wav,sad,meld,test,train
Raw_Data/MELD/train/dia158_utt2.wav,neutral,meld,train,train
Raw_Data/MELD/train/dia167_utt12.wav,neutral,meld,train,train
Raw_Data/MELD/train/dia792_utt14.wav,happy,meld,train,train
Raw_Data/MELD/train/dia319_utt13.wav,surprise,meld,train,train
Raw_Data/MELD/dev/dia77_utt17.wav,neutral,meld,dev,train
Raw_Data/MELD/train/dia8_utt6.wav,happy,meld,train,train
Raw_Data/MELD/test/dia133_utt8.wav,surprise,meld,test,train
Raw_Data/MELD/train/dia1018_utt11.wav,angry,meld,train,train
Raw_Data/MELD/train/dia654_utt0.wav,sad,meld,train,train
Raw_Data/MELD/test/dia45_utt2.wav,neutral,meld,test,train
Raw_Data/MELD/train/dia578_utt7.wav,neutral,meld,train,train
Raw_Data/MELD/train/dia759_utt14.wav,sad,meld,train,train
Raw_Data/MELD/train/dia477_utt13.wav,happy,meld,train,train
Raw_Data/MELD/train/dia40_utt12.wav,happy,meld,train,train
Raw_Data/MELD/train/dia374_utt1.wav,surprise,meld,train,train
Raw_Data/MELD/train/dia103_utt0.wav,happy,meld,train,train
Raw_Data/MELD/test/dia29_utt3.wav,surprise,meld,test,train
Raw_Data/MELD/train/dia726_utt3.wav,neutral,meld,train,train
Raw_Data/MELD/train/dia979_utt5.wav,neutral,meld,train,train
Raw_Data/MELD/train/dia55_utt2.wav,neutral,meld,train,train
Raw_Data/MELD/train/dia822_utt0.wav,neutral,meld,train,train
Raw_Data/MELD/train/dia76_utt4.wav,neutral,meld,train,train
Raw_Data/MELD/test/dia76_utt5.wav,neutral,meld,test,train
Raw_Data/MELD/test/dia12_utt1.wav,neutral,meld,test,train
Raw_Data/MELD/train/dia272_utt4.wav,neutral,meld,train,train
Raw_Data/MELD/train/dia997_utt0.wav,neutral,meld,train,train
Raw_Data/MELD/train/dia1035_utt3.wav,neutral,meld,train,train
Raw_Data/MELD/train/dia946_utt11.wav,angry,meld,train,train
Raw_Data/MELD/test/dia191_utt2.wav,sad,meld,test,train
Raw_Data/MELD/train/dia499_utt15.wav,happy,meld,train,train
Raw_Data/MELD/train/dia115_utt1.wav,neutral,meld,train,train
Raw_Data/MELD/test/dia187_utt1.wav,neutral,meld,test,train
Raw_Data/MELD/dev/dia40_utt2.wav,disgust,meld,dev,train
Raw_Data/MELD/train/dia191_utt6.wav,neutral,meld,train,train
Raw_Data/MELD/train/dia184_utt1.wav,neutral,meld,train,train
Raw_Data/MELD/train/dia654_utt1.wav,disgust,meld,train,train
Raw_Data/MELD/train/dia214_utt2.wav,sad,meld,train,train
Raw_Data/MELD/train/dia160_utt11.wav,neutral,meld,train,train
Raw_Data/MELD/train/dia1026_utt3.wav,neutral,meld,train,train
Raw_Data/MELD/train/dia183_utt12.wav,happy,meld,train,train
Raw_Data/MELD/train/dia847_utt4.wav,happy,meld,train,train
Raw_Data/MELD/train/dia901_utt3.wav,surprise,meld,train,train
Raw_Data/MELD/train/dia817_utt4.wav,neutral,meld,train,train
Raw_Data/MELD/train/dia846_utt4.wav,neutral,meld,train,train
Raw_Data/MELD/train/dia621_utt0.wav,neutral,meld,train,train
Raw_Data/MELD/train/dia954_utt1.wav,neutral,meld,train,train
Raw_Data/MELD/train/dia898_utt4.wav,disgust,meld,train,train
Raw_Data/MELD/train/dia794_utt2.wav,angry,meld,train,train
Raw_Data/MELD/dev/dia25_utt1.wav,surprise,meld,dev,train
Raw_Data/MELD/train/dia1027_utt3.wav,sad,meld,train,train
Raw_Data/MELD/train/dia202_utt15.wav,neutral,meld,train,train
Raw_Data/MELD/train/dia1020_utt4.wav,neutral,meld,train,train
Raw_Data/MELD/train/dia252_utt6.wav,neutral,meld,train,train
Raw_Data/MELD/train/dia73_utt3.wav,neutral,meld,train,train
Raw_Data/MELD/train/dia791_utt19.wav,happy,meld,train,train
Raw_Data/MELD/train/dia466_utt11.wav,angry,meld,train,train
Raw_Data/MELD/train/dia720_utt5.wav,neutral,meld,train,train
Raw_Data/MELD/train/dia614_utt2.wav,happy,meld,train,train
Raw_Data/MELD/dev/dia51_utt6.wav,angry,meld,dev,train
Raw_Data/MELD/train/dia305_utt9.wav,surprise,meld,train,train
Raw_Data/MELD/train/dia832_utt3.wav,surprise,meld,train,train
Raw_Data/MELD/train/dia412_utt10.wav,disgust,meld,train,train
Raw_Data/MELD/dev/dia54_utt3.wav,neutral,meld,dev,train
Raw_Data/MELD/dev/dia7_utt8.wav,disgust,meld,dev,train
Raw_Data/MELD/train/dia438_utt10.wav,sad,meld,train,train
Raw_Data/MELD/test/dia168_utt5.wav,neutral,meld,test,train
Raw_Data/MELD/train/dia1001_utt1.wav,neutral,meld,train,train
Raw_Data/MELD/train/dia20_utt0.wav,neutral,meld,train,train
Raw_Data/MELD/train/dia326_utt0.wav,sad,meld,train,train
Raw_Data/MELD/train/dia450_utt22.wav,neutral,meld,train,train
Raw_Data/MELD/train/dia512_utt3.wav,neutral,meld,train,train
Raw_Data/MELD/train/dia536_utt13.wav,surprise,meld,train,train
Raw_Data/MELD/train/dia520_utt6.wav,neutral,meld,train,train
Raw_Data/MELD/train/dia663_utt5.wav,neutral,meld,train,train
Raw_Data/MELD/train/dia234_utt9.wav,neutral,meld,train,train
Raw_Data/MELD/test/dia172_utt2.wav,neutral,meld,test,train
Raw_Data/MELD/train/dia907_utt8.wav,surprise,meld,train,train
Raw_Data/MELD/train/dia295_utt4.wav,sad,meld,train,train
Raw_Data/MELD/test/dia196_utt15.wav,angry,meld,test,train
Raw_Data/MELD/train/dia66_utt3.wav,neutral,meld,train,train
Raw_Data/MELD/test/dia50_utt2.wav,fear,meld,test,train
Raw_Data/MELD/train/dia10_utt1.wav,angry,meld,train,train
Raw_Data/MELD/train/dia957_utt0.wav,sad,meld,train,train
Raw_Data/MELD/test/dia97_utt3.wav,neutral,meld,test,train
Raw_Data/MELD/train/dia410_utt16.wav,neutral,meld,train,train
Raw_Data/MELD/dev/dia95_utt9.wav,neutral,meld,dev,train
Raw_Data/MELD/train/dia476_utt4.wav,sad,meld,train,train
Raw_Data/MELD/train/dia505_utt10.wav,neutral,meld,train,train
Raw_Data/MELD/train/dia680_utt9.wav,happy,meld,train,train
Raw_Data/MELD/train/dia312_utt8.wav,surprise,meld,train,train
Raw_Data/MELD/train/dia362_utt8.wav,neutral,meld,train,train
Raw_Data/MELD/dev/dia8_utt12.wav,neutral,meld,dev,train
Raw_Data/MELD/train/dia858_utt6.wav,neutral,meld,train,train
Raw_Data/MELD/train/dia636_utt4.wav,neutral,meld,train,train
Raw_Data/MELD/train/dia872_utt9.wav,neutral,meld,train,train
Raw_Data/MELD/test/dia60_utt0.wav,fear,meld,test,train
Raw_Data/MELD/train/dia875_utt7.wav,happy,meld,train,train
Raw_Data/MELD/train/dia939_utt15.wav,neutral,meld,train,train
Raw_Data/MELD/train/dia684_utt2.wav,neutral,meld,train,train
Raw_Data/MELD/test/dia205_utt0.wav,surprise,meld,test,train
Raw_Data/MELD/train/dia404_utt8.wav,sad,meld,train,train
Raw_Data/MELD/train/dia201_utt1.wav,neutral,meld,train,train
Raw_Data/MELD/train/dia365_utt10.wav,neutral,meld,train,train
Raw_Data/MELD/train/dia545_utt8.wav,neutral,meld,train,train
Raw_Data/MELD/train/dia128_utt4.wav,happy,meld,train,train
Raw_Data/MELD/train/dia189_utt4.wav,neutral,meld,train,train
Raw_Data/MELD/train/dia102_utt0.wav,neutral,meld,train,train
Raw_Data/MELD/train/dia682_utt5.wav,happy,meld,train,train
Raw_Data/MELD/train/dia276_utt3.wav,neutral,meld,train,train
Raw_Data/MELD/test/dia25_utt11.wav,neutral,meld,test,train
Raw_Data/MELD/train/dia658_utt2.wav,happy,meld,train,train
Raw_Data/MELD/test/dia278_utt8.wav,sad,meld,test,train
Raw_Data/MELD/train/dia351_utt15.wav,happy,meld,train,train
Raw_Data/MELD/train/dia367_utt4.wav,neutral,meld,train,train
Raw_Data/MELD/train/dia875_utt3.wav,surprise,meld,train,train
Raw_Data/MELD/test/dia113_utt12.wav,surprise,meld,test,train
Raw_Data/MELD/train/dia770_utt2.wav,angry,meld,train,train
Raw_Data/MELD/dev/dia11_utt12.wav,angry,meld,dev,train
Raw_Data/MELD/train/dia107_utt8.wav,neutral,meld,train,train
Raw_Data/MELD/train/dia653_utt4.wav,neutral,meld,train,train
Raw_Data/MELD/train/dia115_utt4.wav,angry,meld,train,train
Raw_Data/MELD/train/dia769_utt0.wav,sad,meld,train,train
Raw_Data/MELD/train/dia650_utt3.wav,neutral,meld,train,train
Raw_Data/MELD/train/dia362_utt3.wav,sad,meld,train,train
Raw_Data/MELD/train/dia616_utt4.wav,neutral,meld,train,train
Raw_Data/MELD/train/dia404_utt10.wav,happy,meld,train,train
Raw_Data/MELD/train/dia541_utt7.wav,happy,meld,train,train
Raw_Data/MELD/test/dia97_utt4.wav,neutral,meld,test,train
Raw_Data/MELD/train/dia907_utt9.wav,disgust,meld,train,train
Raw_Data/MELD/dev/dia105_utt0.wav,neutral,meld,dev,train
Raw_Data/MELD/train/dia529_utt1.wav,neutral,meld,train,train
Raw_Data/MELD/train/dia171_utt0.wav,happy,meld,train,train
Raw_Data/MELD/train/dia129_utt10.wav,angry,meld,train,train
Raw_Data/MELD/train/dia793_utt10.wav,happy,meld,train,train
Raw_Data/MELD/train/dia109_utt5.wav,happy,meld,train,train
Raw_Data/MELD/train/dia139_utt1.wav,neutral,meld,train,train
Raw_Data/MELD/train/dia840_utt1.wav,happy,meld,train,train
Raw_Data/MELD/train/dia832_utt7.wav,neutral,meld,train,train
Raw_Data/MELD/train/dia998_utt1.wav,neutral,meld,train,train
Raw_Data/MELD/train/dia488_utt3.wav,neutral,meld,train,train
Raw_Data/MELD/train/dia966_utt2.wav,neutral,meld,train,train
Raw_Data/MELD/train/dia274_utt7.wav,angry,meld,train,train
Raw_Data/MELD/train/dia253_utt8.wav,happy,meld,train,train
Raw_Data/MELD/train/dia122_utt5.wav,neutral,meld,train,train
Raw_Data/MELD/train/dia633_utt3.wav,happy,meld,train,train
Raw_Data/MELD/dev/dia45_utt5.wav,neutral,meld,dev,train
Raw_Data/MELD/train/dia184_utt19.wav,angry,meld,train,train
Raw_Data/MELD/test/dia141_utt1.wav,neutral,meld,test,train
Raw_Data/MELD/train/dia575_utt1.wav,neutral,meld,train,train
Raw_Data/MELD/train/dia1001_utt2.wav,neutral,meld,train,train
Raw_Data/MELD/train/dia146_utt4.wav,neutral,meld,train,train
Raw_Data/MELD/dev/dia57_utt11.wav,neutral,meld,dev,train
Raw_Data/MELD/test/dia240_utt14.wav,surprise,meld,test,train
Raw_Data/MELD/train/dia808_utt3.wav,neutral,meld,train,train
Raw_Data/MELD/train/dia324_utt6.wav,neutral,meld,train,train
Raw_Data/MELD/train/dia792_utt9.wav,neutral,meld,train,train
Raw_Data/MELD/train/dia507_utt3.wav,neutral,meld,train,train
Raw_Data/MELD/test/dia267_utt10.wav,neutral,meld,test,train
Raw_Data/MELD/train/dia177_utt1.wav,neutral,meld,train,train
Raw_Data/MELD/train/dia512_utt12.wav,angry,meld,train,train
Raw_Data/MELD/train/dia310_utt4.wav,neutral,meld,train,train
Raw_Data/MELD/train/dia938_utt8.wav,surprise,meld,train,train
Raw_Data/MELD/train/dia533_utt9.wav,neutral,meld,train,train
Raw_Data/MELD/train/dia560_utt5.wav,happy,meld,train,train
Raw_Data/MELD/train/dia1007_utt1.wav,sad,meld,train,train
Raw_Data/MELD/train/dia823_utt11.wav,neutral,meld,train,train
Raw_Data/MELD/dev/dia80_utt6.wav,neutral,meld,dev,train
Raw_Data/MELD/train/dia637_utt6.wav,angry,meld,train,train
Raw_Data/MELD/train/dia850_utt4.wav,surprise,meld,train,train
Raw_Data/MELD/train/dia554_utt3.wav,neutral,meld,train,train
Raw_Data/MELD/test/dia279_utt14.wav,neutral,meld,test,train
Raw_Data/MELD/train/dia475_utt4.wav,neutral,meld,train,train
Raw_Data/MELD/test/dia8_utt2.wav,neutral,meld,test,train
Raw_Data/MELD/dev/dia21_utt0.wav,neutral,meld,dev,train
Raw_Data/MELD/train/dia907_utt2.wav,neutral,meld,train,train
Raw_Data/MELD/train/dia819_utt16.wav,neutral,meld,train,train
Raw_Data/MELD/train/dia1007_utt15.wav,neutral,meld,train,train
Raw_Data/MELD/train/dia981_utt1.wav,sad,meld,train,train
Raw_Data/MELD/dev/dia108_utt3.wav,angry,meld,dev,train
Raw_Data/MELD/train/dia354_utt15.wav,neutral,meld,train,train
Raw_Data/MELD/train/dia720_utt8.wav,neutral,meld,train,train
Raw_Data/MELD/train/dia637_utt10.wav,neutral,meld,train,train
Raw_Data/MELD/train/dia366_utt6.wav,sad,meld,train,train
Raw_Data/MELD/train/dia446_utt18.wav,sad,meld,train,train
Raw_Data/MELD/test/dia2_utt9.wav,neutral,meld,test,train
Raw_Data/MELD/train/dia87_utt3.wav,sad,meld,train,train
Raw_Data/MELD/test/dia242_utt6.wav,neutral,meld,test,train
Raw_Data/MELD/dev/dia34_utt8.wav,sad,meld,dev,train
Raw_Data/MELD/test/dia71_utt3.wav,surprise,meld,test,train
Raw_Data/MELD/train/dia478_utt8.wav,neutral,meld,train,train
Raw_Data/MELD/train/dia347_utt8.wav,surprise,meld,train,train
Raw_Data/MELD/train/dia76_utt3.wav,neutral,meld,train,train
Raw_Data/MELD/test/dia244_utt14.wav,neutral,meld,test,train
Raw_Data/MELD/test/dia47_utt6.wav,sad,meld,test,train
Raw_Data/MELD/train/dia997_utt9.wav,angry,meld,train,train
Raw_Data/MELD/dev/dia97_utt12.wav,surprise,meld,dev,train
Raw_Data/MELD/train/dia198_utt6.wav,happy,meld,train,train
Raw_Data/MELD/train/dia1032_utt5.wav,neutral,meld,train,train
Raw_Data/MELD/test/dia196_utt7.wav,angry,meld,test,train
Raw_Data/MELD/test/dia110_utt2.wav,neutral,meld,test,train
Raw_Data/MELD/dev/dia49_utt11.wav,angry,meld,dev,train
Raw_Data/MELD/train/dia810_utt7.wav,neutral,meld,train,train
Raw_Data/MELD/train/dia640_utt10.wav,neutral,meld,train,train
Raw_Data/MELD/train/dia643_utt2.wav,disgust,meld,train,train
Raw_Data/MELD/train/dia202_utt16.wav,angry,meld,train,train
Raw_Data/MELD/train/dia287_utt3.wav,neutral,meld,train,train
Raw_Data/MELD/test/dia207_utt1.wav,sad,meld,test,train
Raw_Data/MELD/train/dia320_utt8.wav,sad,meld,train,train
Raw_Data/MELD/train/dia259_utt3.wav,angry,meld,train,train
Raw_Data/MELD/train/dia917_utt3.wav,angry,meld,train,train
Raw_Data/MELD/train/dia589_utt9.wav,happy,meld,train,train
Raw_Data/MELD/train/dia111_utt0.wav,happy,meld,train,train
Raw_Data/MELD/test/dia52_utt3.wav,surprise,meld,test,train
Raw_Data/MELD/train/dia70_utt2.wav,neutral,meld,train,train
Raw_Data/MELD/train/dia280_utt1.wav,angry,meld,train,train
Raw_Data/MELD/test/dia212_utt5.wav,neutral,meld,test,train
Raw_Data/MELD/train/dia848_utt0.wav,neutral,meld,train,train
Raw_Data/MELD/train/dia221_utt0.wav,neutral,meld,train,train
Raw_Data/MELD/train/dia844_utt11.wav,angry,meld,train,train
Raw_Data/MELD/train/dia806_utt0.wav,surprise,meld,train,train
Raw_Data/MELD/train/dia505_utt3.wav,neutral,meld,train,train
Raw_Data/MELD/test/dia222_utt8.wav,neutral,meld,test,train
Raw_Data/MELD/train/dia407_utt6.wav,angry,meld,train,train
Raw_Data/MELD/train/dia357_utt1.wav,surprise,meld,train,train
Raw_Data/MELD/train/dia434_utt11.wav,neutral,meld,train,train
Raw_Data/MELD/train/dia434_utt13.wav,neutral,meld,train,train
Raw_Data/MELD/train/dia848_utt3.wav,surprise,meld,train,train
Raw_Data/MELD/train/dia597_utt1.wav,happy,meld,train,train
Raw_Data/MELD/train/dia446_utt6.wav,neutral,meld,train,train
Raw_Data/MELD/test/dia156_utt12.wav,angry,meld,test,train
Raw_Data/MELD/train/dia125_utt4.wav,neutral,meld,train,train
Raw_Data/MELD/train/dia346_utt1.wav,surprise,meld,train,train
Raw_Data/MELD/train/dia948_utt8.wav,happy,meld,train,train
Raw_Data/MELD/test/dia278_utt15.wav,neutral,meld,test,train
Raw_Data/MELD/dev/dia89_utt1.wav,angry,meld,dev,train
Raw_Data/MELD/dev/dia89_utt4.wav,neutral,meld,dev,train
Raw_Data/MELD/train/dia20_utt8.wav,neutral,meld,train,train
Raw_Data/MELD/test/dia111_utt7.wav,sad,meld,test,train
Raw_Data/MELD/train/dia130_utt0.wav,happy,meld,train,train
Raw_Data/MELD/test/dia99_utt1.wav,neutral,meld,test,train
Raw_Data/MELD/train/dia39_utt11.wav,neutral,meld,train,train
Raw_Data/MELD/train/dia273_utt16.wav,neutral,meld,train,train
Raw_Data/MELD/train/dia902_utt12.wav,happy,meld,train,train
Raw_Data/MELD/train/dia137_utt0.wav,neutral,meld,train,train
Raw_Data/MELD/train/dia549_utt4.wav,neutral,meld,train,train
Raw_Data/MELD/dev/dia36_utt1.wav,neutral,meld,dev,train
Raw_Data/MELD/train/dia605_utt6.wav,fear,meld,train,train
Raw_Data/MELD/train/dia615_utt16.wav,neutral,meld,train,train
Raw_Data/MELD/train/dia508_utt21.wav,angry,meld,train,train
Raw_Data/MELD/train/dia720_utt2.wav,angry,meld,train,train
Raw_Data/MELD/test/dia76_utt7.wav,neutral,meld,test,train
Raw_Data/MELD/test/dia187_utt8.wav,neutral,meld,test,train
Raw_Data/MELD/train/dia445_utt2.wav,sad,meld,train,train
Raw_Data/MELD/train/dia622_utt13.wav,happy,meld,train,train
Raw_Data/MELD/train/dia625_utt2.wav,neutral,meld,train,train
Raw_Data/MELD/test/dia160_utt0.wav,sad,meld,test,train
Raw_Data/MELD/train/dia445_utt12.wav,fear,meld,train,train
Raw_Data/MELD/train/dia168_utt14.wav,neutral,meld,train,train
Raw_Data/MELD/train/dia757_utt4.wav,neutral,meld,train,train
Raw_Data/MELD/test/dia54_utt7.wav,angry,meld,test,train
Raw_Data/MELD/train/dia225_utt1.wav,neutral,meld,train,train
Raw_Data/MELD/train/dia893_utt5.wav,neutral,meld,train,train
Raw_Data/MELD/train/dia858_utt11.wav,neutral,meld,train,train
Raw_Data/MELD/train/dia657_utt2.wav,neutral,meld,train,train
Raw_Data/MELD/train/dia758_utt5.wav,angry,meld,train,train
Raw_Data/MELD/test/dia222_utt6.wav,happy,meld,test,train
Raw_Data/MELD/train/dia264_utt5.wav,neutral,meld,train,train
Raw_Data/MELD/train/dia77_utt3.wav,neutral,meld,train,train
Raw_Data/MELD/train/dia200_utt7.wav,happy,meld,train,train
Raw_Data/MELD/test/dia230_utt3.wav,neutral,meld,test,train
Raw_Data/MELD/train/dia792_utt13.wav,sad,meld,train,train
Raw_Data/MELD/test/dia41_utt2.wav,angry,meld,test,train
Raw_Data/MELD/test/dia33_utt9.wav,angry,meld,test,train
Raw_Data/MELD/train/dia342_utt5.wav,happy,meld,train,train
Raw_Data/MELD/train/dia449_utt12.wav,sad,meld,train,train
Raw_Data/MELD/train/dia464_utt6.wav,happy,meld,train,train
Raw_Data/MELD/train/dia899_utt1.wav,neutral,meld,train,train
Raw_Data/MELD/train/dia571_utt13.wav,angry,meld,train,train
Raw_Data/MELD/train/dia946_utt8.wav,happy,meld,train,train
Raw_Data/MELD/test/dia178_utt5.wav,neutral,meld,test,train
Raw_Data/MELD/test/dia137_utt0.wav,neutral,meld,test,train
Raw_Data/MELD/train/dia10_utt4.wav,angry,meld,train,train
Raw_Data/MELD/train/dia412_utt2.wav,neutral,meld,train,train
Raw_Data/MELD/test/dia126_utt2.wav,happy,meld,test,train
Raw_Data/MELD/train/dia836_utt7.wav,surprise,meld,train,train
Raw_Data/MELD/train/dia40_utt2.wav,neutral,meld,train,train
Raw_Data/MELD/train/dia203_utt3.wav,happy,meld,train,train
Raw_Data/MELD/train/dia875_utt4.wav,angry,meld,train,train
Raw_Data/MELD/train/dia802_utt2.wav,neutral,meld,train,train
Raw_Data/MELD/test/dia197_utt1.wav,neutral,meld,test,train
Raw_Data/MELD/train/dia486_utt5.wav,neutral,meld,train,train
Raw_Data/MELD/train/dia907_utt10.wav,neutral,meld,train,train
Raw_Data/MELD/train/dia242_utt2.wav,neutral,meld,train,train
Raw_Data/MELD/train/dia198_utt5.wav,neutral,meld,train,train
Raw_Data/MELD/train/dia621_utt5.wav,neutral,meld,train,train
Raw_Data/MELD/train/dia398_utt1.wav,neutral,meld,train,train
Raw_Data/MELD/test/dia188_utt3.wav,neutral,meld,test,train
Raw_Data/MELD/train/dia937_utt0.wav,neutral,meld,train,train
Raw_Data/MELD/train/dia214_utt1.wav,neutral,meld,train,train
Raw_Data/MELD/train/dia845_utt2.wav,neutral,meld,train,train
Raw_Data/MELD/train/dia365_utt7.wav,neutral,meld,train,train
Raw_Data/MELD/test/dia93_utt13.wav,neutral,meld,test,train
Raw_Data/MELD/train/dia819_utt12.wav,neutral,meld,train,train
Raw_Data/MELD/train/dia177_utt10.wav,neutral,meld,train,train
Raw_Data/MELD/train/dia179_utt9.wav,neutral,meld,train,train
Raw_Data/MELD/train/dia116_utt7.wav,sad,meld,train,train
Raw_Data/MELD/train/dia116_utt5.wav,neutral,meld,train,train
Raw_Data/MELD/test/dia230_utt7.wav,neutral,meld,test,train
Raw_Data/MELD/test/dia213_utt3.wav,neutral,meld,test,train
Raw_Data/MELD/test/dia49_utt4.wav,neutral,meld,test,train
Raw_Data/MELD/train/dia147_utt11.wav,angry,meld,train,train
Raw_Data/MELD/train/dia922_utt5.wav,surprise,meld,train,train
Raw_Data/MELD/dev/dia28_utt1.wav,sad,meld,dev,train
Raw_Data/MELD/train/dia823_utt13.wav,neutral,meld,train,train
Raw_Data/MELD/dev/dia65_utt4.wav,surprise,meld,dev,train
Raw_Data/MELD/train/dia961_utt3.wav,angry,meld,train,train
Raw_Data/MELD/train/dia425_utt0.wav,neutral,meld,train,train
Raw_Data/MELD/train/dia214_utt9.wav,neutral,meld,train,train
Raw_Data/MELD/train/dia657_utt0.wav,happy,meld,train,train
Raw_Data/MELD/train/dia523_utt3.wav,surprise,meld,train,train
Raw_Data/MELD/train/dia349_utt8.wav,neutral,meld,train,train
Raw_Data/MELD/train/dia828_utt6.wav,angry,meld,train,train
Raw_Data/MELD/dev/dia108_utt10.wav,happy,meld,dev,train
Raw_Data/MELD/train/dia633_utt2.wav,surprise,meld,train,train
Raw_Data/MELD/train/dia771_utt0.wav,neutral,meld,train,train
Raw_Data/MELD/dev/dia32_utt0.wav,neutral,meld,dev,train
Raw_Data/MELD/train/dia586_utt0.wav,neutral,meld,train,train
Raw_Data/MELD/train/dia508_utt10.wav,neutral,meld,train,train
Raw_Data/MELD/test/dia22_utt0.wav,happy,meld,test,train
Raw_Data/MELD/train/dia745_utt8.wav,neutral,meld,train,train
Raw_Data/MELD/test/dia207_utt0.wav,sad,meld,test,train
Raw_Data/MELD/test/dia102_utt4.wav,angry,meld,test,train
Raw_Data/MELD/train/dia412_utt4.wav,sad,meld,train,train
Raw_Data/MELD/train/dia493_utt8.wav,neutral,meld,train,train
Raw_Data/MELD/dev/dia63_utt0.wav,happy,meld,dev,train
Raw_Data/MELD/test/dia145_utt3.wav,surprise,meld,test,train
Raw_Data/MELD/train/dia693_utt1.wav,neutral,meld,train,train
Raw_Data/MELD/test/dia188_utt1.wav,neutral,meld,test,train
Raw_Data/MELD/train/dia182_utt15.wav,neutral,meld,train,train
Raw_Data/MELD/train/dia53_utt5.wav,neutral,meld,train,train
Raw_Data/MELD/train/dia950_utt5.wav,angry,meld,train,train
Raw_Data/MELD/train/dia848_utt5.wav,surprise,meld,train,train
Raw_Data/MELD/dev/dia97_utt2.wav,neutral,meld,dev,train
Raw_Data/MELD/test/dia141_utt2.wav,neutral,meld,test,train
Raw_Data/MELD/dev/dia112_utt0.wav,angry,meld,dev,train
Raw_Data/MELD/train/dia296_utt7.wav,neutral,meld,train,train
Raw_Data/MELD/train/dia383_utt9.wav,neutral,meld,train,train
Raw_Data/MELD/train/dia836_utt6.wav,surprise,meld,train,train
Raw_Data/MELD/dev/dia26_utt1.wav,surprise,meld,dev,train
Raw_Data/MELD/train/dia613_utt6.wav,neutral,meld,train,train
Raw_Data/MELD/train/dia34_utt7.wav,neutral,meld,train,train
Raw_Data/MELD/train/dia2_utt4.wav,surprise,meld,train,train
Raw_Data/MELD/train/dia898_utt0.wav,happy,meld,train,train
Raw_Data/MELD/test/dia229_utt9.wav,happy,meld,test,train
Raw_Data/MELD/test/dia130_utt3.wav,neutral,meld,test,train
Raw_Data/MELD/train/dia415_utt4.wav,neutral,meld,train,train
Raw_Data/MELD/train/dia241_utt7.wav,neutral,meld,train,train
Raw_Data/MELD/train/dia499_utt3.wav,happy,meld,train,train
Raw_Data/MELD/train/dia89_utt12.wav,disgust,meld,train,train
Raw_Data/MELD/test/dia133_utt10.wav,neutral,meld,test,train
Raw_Data/MELD/train/dia279_utt10.wav,neutral,meld,train,train
Raw_Data/MELD/train/dia828_utt9.wav,neutral,meld,train,train
Raw_Data/MELD/train/dia240_utt2.wav,neutral,meld,train,train
Raw_Data/MELD/train/dia793_utt0.wav,happy,meld,train,train
Raw_Data/MELD/test/dia11_utt2.wav,neutral,meld,test,train
Raw_Data/MELD/test/dia48_utt3.wav,happy,meld,test,train
Raw_Data/MELD/train/dia94_utt5.wav,fear,meld,train,train
Raw_Data/MELD/train/dia153_utt1.wav,happy,meld,train,train
Raw_Data/MELD/test/dia130_utt4.wav,neutral,meld,test,train
Raw_Data/MELD/train/dia153_utt7.wav,neutral,meld,train,train
Raw_Data/MELD/test/dia85_utt4.wav,disgust,meld,test,train
Raw_Data/MELD/dev/dia49_utt12.wav,neutral,meld,dev,train
Raw_Data/MELD/train/dia203_utt5.wav,neutral,meld,train,train
Raw_Data/MELD/train/dia50_utt5.wav,fear,meld,train,train
Raw_Data/MELD/train/dia89_utt15.wav,neutral,meld,train,train
Raw_Data/MELD/train/dia974_utt0.wav,neutral,meld,train,train
Raw_Data/MELD/train/dia672_utt2.wav,happy,meld,train,train
Raw_Data/MELD/train/dia39_utt4.wav,angry,meld,train,train
Raw_Data/MELD/train/dia332_utt11.wav,surprise,meld,train,train
Raw_Data/MELD/train/dia918_utt11.wav,sad,meld,train,train
Raw_Data/MELD/train/dia329_utt10.wav,neutral,meld,train,train
Raw_Data/MELD/train/dia305_utt2.wav,fear,meld,train,train
Raw_Data/MELD/train/dia253_utt5.wav,happy,meld,train,train
Raw_Data/MELD/test/dia143_utt4.wav,neutral,meld,test,train
Raw_Data/MELD/train/dia905_utt15.wav,disgust,meld,train,train
Raw_Data/MELD/train/dia852_utt0.wav,neutral,meld,train,train
Raw_Data/MELD/train/dia837_utt0.wav,neutral,meld,train,train
Raw_Data/MELD/train/dia207_utt8.wav,neutral,meld,train,train
Raw_Data/MELD/train/dia1005_utt3.wav,neutral,meld,train,train
Raw_Data/MELD/test/dia153_utt4.wav,fear,meld,test,train
Raw_Data/MELD/train/dia910_utt11.wav,neutral,meld,train,train
Raw_Data/MELD/test/dia208_utt3.wav,neutral,meld,test,train
Raw_Data/MELD/test/dia37_utt7.wav,angry,meld,test,train
Raw_Data/MELD/train/dia232_utt14.wav,neutral,meld,train,train
Raw_Data/MELD/test/dia241_utt13.wav,neutral,meld,test,train
Raw_Data/MELD/train/dia47_utt16.wav,happy,meld,train,train
Raw_Data/MELD/test/dia132_utt14.wav,neutral,meld,test,train
Raw_Data/MELD/dev/dia37_utt8.wav,surprise,meld,dev,train
Raw_Data/MELD/test/dia144_utt12.wav,angry,meld,test,train
Raw_Data/MELD/test/dia22_utt6.wav,sad,meld,test,train
Raw_Data/MELD/train/dia607_utt0.wav,disgust,meld,train,train
Raw_Data/MELD/train/dia435_utt6.wav,happy,meld,train,train
Raw_Data/MELD/train/dia492_utt1.wav,neutral,meld,train,train
Raw_Data/MELD/train/dia546_utt13.wav,happy,meld,train,train
Raw_Data/MELD/train/dia909_utt8.wav,neutral,meld,train,train
Raw_Data/MELD/train/dia569_utt1.wav,neutral,meld,train,train
Raw_Data/MELD/test/dia208_utt7.wav,sad,meld,test,train
Raw_Data/MELD/test/dia49_utt7.wav,neutral,meld,test,train
Raw_Data/MELD/train/dia430_utt3.wav,angry,meld,train,train
Raw_Data/MELD/train/dia356_utt0.wav,sad,meld,train,train
Raw_Data/MELD/test/dia147_utt3.wav,angry,meld,test,train
Raw_Data/MELD/train/dia305_utt4.wav,neutral,meld,train,train
Raw_Data/MELD/test/dia28_utt2.wav,neutral,meld,test,train
Raw_Data/MELD/test/dia48_utt2.wav,neutral,meld,test,train
Raw_Data/MELD/test/dia164_utt3.wav,neutral,meld,test,train
Raw_Data/MELD/test/dia254_utt11.wav,disgust,meld,test,train
Raw_Data/MELD/train/dia345_utt0.wav,neutral,meld,train,train
Raw_Data/MELD/dev/dia74_utt5.wav,neutral,meld,dev,train
Raw_Data/MELD/train/dia665_utt18.wav,angry,meld,train,train
Raw_Data/MELD/test/dia266_utt5.wav,neutral,meld,test,train
Raw_Data/MELD/train/dia418_utt8.wav,neutral,meld,train,train
Raw_Data/MELD/dev/dia66_utt4.wav,angry,meld,dev,train
Raw_Data/MELD/train/dia930_utt12.wav,neutral,meld,train,train
Raw_Data/MELD/train/dia446_utt1.wav,surprise,meld,train,train
Raw_Data/MELD/train/dia835_utt7.wav,angry,meld,train,train
Raw_Data/MELD/train/dia237_utt3.wav,neutral,meld,train,train
Raw_Data/MELD/test/dia279_utt10.wav,angry,meld,test,train
Raw_Data/MELD/dev/dia111_utt1.wav,neutral,meld,dev,train
Raw_Data/MELD/train/dia718_utt6.wav,neutral,meld,train,train
Raw_Data/MELD/train/dia761_utt1.wav,happy,meld,train,train
Raw_Data/MELD/train/dia648_utt5.wav,surprise,meld,train,train
Raw_Data/MELD/train/dia556_utt0.wav,neutral,meld,train,train
Raw_Data/MELD/train/dia493_utt12.wav,angry,meld,train,train
Raw_Data/MELD/train/dia152_utt11.wav,sad,meld,train,train
Raw_Data/MELD/train/dia226_utt13.wav,neutral,meld,train,train
Raw_Data/MELD/train/dia932_utt2.wav,happy,meld,train,train
Raw_Data/MELD/train/dia614_utt18.wav,happy,meld,train,train
Raw_Data/MELD/dev/dia53_utt2.wav,happy,meld,dev,train
Raw_Data/MELD/train/dia255_utt14.wav,disgust,meld,train,train
Raw_Data/MELD/train/dia409_utt0.wav,neutral,meld,train,train
Raw_Data/MELD/test/dia129_utt1.wav,surprise,meld,test,train
Raw_Data/MELD/train/dia997_utt3.wav,angry,meld,train,train
Raw_Data/MELD/train/dia886_utt5.wav,happy,meld,train,train
Raw_Data/MELD/train/dia935_utt1.wav,neutral,meld,train,train
Raw_Data/MELD/train/dia1024_utt11.wav,happy,meld,train,train
Raw_Data/MELD/dev/dia46_utt7.wav,neutral,meld,dev,train
Raw_Data/MELD/train/dia820_utt13.wav,happy,meld,train,train
Raw_Data/MELD/train/dia66_utt5.wav,surprise,meld,train,train
Raw_Data/MELD/train/dia311_utt11.wav,neutral,meld,train,train
Raw_Data/MELD/train/dia1036_utt7.wav,neutral,meld,train,train
Raw_Data/MELD/train/dia1026_utt6.wav,surprise,meld,train,train
Raw_Data/MELD/test/dia234_utt10.wav,neutral,meld,test,train
Raw_Data/MELD/train/dia120_utt8.wav,neutral,meld,train,train
Raw_Data/MELD/train/dia590_utt4.wav,happy,meld,train,train
Raw_Data/MELD/train/dia132_utt10.wav,neutral,meld,train,train
Raw_Data/MELD/test/dia246_utt8.wav,angry,meld,test,train
Raw_Data/MELD/train/dia162_utt1.wav,neutral,meld,train,train
Raw_Data/MELD/dev/dia19_utt22.wav,sad,meld,dev,train
Raw_Data/MELD/train/dia301_utt14.wav,surprise,meld,train,train
Raw_Data/MELD/dev/dia75_utt0.wav,neutral,meld,dev,train
Raw_Data/MELD/train/dia389_utt10.wav,neutral,meld,train,train
Raw_Data/MELD/train/dia0_utt0.wav,neutral,meld,train,train
Raw_Data/MELD/train/dia851_utt14.wav,neutral,meld,train,train
Raw_Data/MELD/train/dia274_utt5.wav,happy,meld,train,train
Raw_Data/MELD/train/dia1003_utt6.wav,happy,meld,train,train
Raw_Data/MELD/train/dia675_utt0.wav,neutral,meld,train,train
Raw_Data/MELD/train/dia251_utt2.wav,neutral,meld,train,train
Raw_Data/MELD/train/dia917_utt1.wav,happy,meld,train,train
Raw_Data/MELD/train/dia475_utt0.wav,angry,meld,train,train
Raw_Data/MELD/dev/dia10_utt8.wav,neutral,meld,dev,train
Raw_Data/MELD/train/dia1012_utt3.wav,happy,meld,train,train
Raw_Data/MELD/test/dia162_utt4.wav,neutral,meld,test,train
Raw_Data/MELD/train/dia203_utt1.wav,surprise,meld,train,train
Raw_Data/MELD/test/dia148_utt0.wav,sad,meld,test,train
Raw_Data/MELD/train/dia34_utt2.wav,neutral,meld,train,train
Raw_Data/MELD/train/dia147_utt10.wav,neutral,meld,train,train
Raw_Data/MELD/train/dia659_utt2.wav,neutral,meld,train,train
Raw_Data/MELD/train/dia232_utt11.wav,neutral,meld,train,train
Raw_Data/MELD/test/dia237_utt11.wav,neutral,meld,test,train
Raw_Data/MELD/test/dia22_utt19.wav,surprise,meld,test,train
Raw_Data/MELD/train/dia427_utt0.wav,sad,meld,train,train
Raw_Data/MELD/dev/dia64_utt4.wav,neutral,meld,dev,train
Raw_Data/MELD/train/dia54_utt22.wav,happy,meld,train,train
Raw_Data/MELD/train/dia615_utt13.wav,angry,meld,train,train
Raw_Data/MELD/test/dia94_utt0.wav,surprise,meld,test,train
Raw_Data/MELD/train/dia136_utt5.wav,neutral,meld,train,train
Raw_Data/MELD/train/dia54_utt4.wav,fear,meld,train,train
Raw_Data/MELD/train/dia975_utt6.wav,neutral,meld,train,train
Raw_Data/MELD/test/dia95_utt5.wav,angry,meld,test,train
Raw_Data/MELD/test/dia217_utt9.wav,neutral,meld,test,train
Raw_Data/MELD/test/dia123_utt14.wav,neutral,meld,test,train
Raw_Data/MELD/train/dia996_utt16.wav,angry,meld,train,train
Raw_Data/MELD/train/dia185_utt8.wav,surprise,meld,train,train
Raw_Data/MELD/train/dia506_utt6.wav,sad,meld,train,train
Raw_Data/MELD/test/dia64_utt12.wav,sad,meld,test,train
Raw_Data/MELD/train/dia232_utt2.wav,neutral,meld,train,train
Raw_Data/MELD/train/dia39_utt14.wav,neutral,meld,train,train
Raw_Data/MELD/test/dia108_utt3.wav,angry,meld,test,train
Raw_Data/MELD/train/dia412_utt0.wav,angry,meld,train,train
Raw_Data/MELD/dev/dia8_utt0.wav,neutral,meld,dev,train
Raw_Data/MELD/train/dia70_utt7.wav,angry,meld,train,train
Raw_Data/MELD/train/dia279_utt3.wav,fear,meld,train,train
Raw_Data/MELD/train/dia130_utt10.wav,neutral,meld,train,train
Raw_Data/MELD/test/dia41_utt10.wav,sad,meld,test,train
Raw_Data/MELD/train/dia109_utt10.wav,neutral,meld,train,train
Raw_Data/MELD/train/dia503_utt0.wav,surprise,meld,train,train
Raw_Data/MELD/train/dia972_utt4.wav,neutral,meld,train,train
Raw_Data/MELD/train/dia21_utt10.wav,neutral,meld,train,train
Raw_Data/MELD/train/dia285_utt0.wav,neutral,meld,train,train
Raw_Data/MELD/train/dia754_utt1.wav,disgust,meld,train,train
Raw_Data/MELD/test/dia30_utt5.wav,disgust,meld,test,train
Raw_Data/MELD/train/dia867_utt5.wav,happy,meld,train,train
Raw_Data/MELD/train/dia989_utt8.wav,fear,meld,train,train
Raw_Data/MELD/train/dia275_utt16.wav,angry,meld,train,train
Raw_Data/MELD/dev/dia1_utt14.wav,neutral,meld,dev,train
Raw_Data/MELD/train/dia933_utt9.wav,neutral,meld,train,train
Raw_Data/MELD/test/dia132_utt19.wav,surprise,meld,test,train
Raw_Data/MELD/test/dia159_utt0.wav,angry,meld,test,train
Raw_Data/MELD/train/dia914_utt0.wav,happy,meld,train,train
Raw_Data/MELD/train/dia679_utt0.wav,neutral,meld,train,train
Raw_Data/MELD/train/dia74_utt1.wav,neutral,meld,train,train
Raw_Data/MELD/train/dia905_utt8.wav,happy,meld,train,train
Raw_Data/MELD/test/dia71_utt4.wav,happy,meld,test,train
Raw_Data/MELD/train/dia596_utt13.wav,neutral,meld,train,train
Raw_Data/MELD/train/dia34_utt6.wav,neutral,meld,train,train
Raw_Data/MELD/train/dia564_utt9.wav,sad,meld,train,train
Raw_Data/MELD/train/dia37_utt0.wav,neutral,meld,train,train
Raw_Data/MELD/train/dia367_utt8.wav,happy,meld,train,train
Raw_Data/MELD/test/dia168_utt4.wav,neutral,meld,test,train
Raw_Data/MELD/train/dia805_utt1.wav,neutral,meld,train,train
Raw_Data/MELD/train/dia326_utt8.wav,neutral,meld,train,train
Raw_Data/MELD/test/dia254_utt2.wav,disgust,meld,test,train
Raw_Data/MELD/train/dia14_utt1.wav,neutral,meld,train,train
Raw_Data/MELD/dev/dia79_utt8.wav,neutral,meld,dev,train
Raw_Data/MELD/train/dia334_utt9.wav,neutral,meld,train,train
Raw_Data/MELD/train/dia822_utt4.wav,happy,meld,train,train
Raw_Data/MELD/train/dia320_utt10.wav,neutral,meld,train,train
Raw_Data/MELD/train/dia972_utt3.wav,neutral,meld,train,train
Raw_Data/MELD/train/dia1011_utt10.wav,neutral,meld,train,train
Raw_Data/MELD/train/dia605_utt3.wav,happy,meld,train,train
Raw_Data/MELD/train/dia994_utt4.wav,neutral,meld,train,train
Raw_Data/MELD/train/dia448_utt3.wav,angry,meld,train,train
Raw_Data/MELD/train/dia67_utt14.wav,neutral,meld,train,train
Raw_Data/MELD/train/dia736_utt10.wav,fear,meld,train,train
Raw_Data/MELD/train/dia946_utt2.wav,neutral,meld,train,train
Raw_Data/MELD/train/dia347_utt0.wav,sad,meld,train,train
Raw_Data/MELD/test/dia230_utt1.wav,neutral,meld,test,train
Raw_Data/MELD/train/dia329_utt1.wav,angry,meld,train,train
Raw_Data/MELD/train/dia8_utt5.wav,neutral,meld,train,train
Raw_Data/MELD/test/dia113_utt9.wav,neutral,meld,test,train
Raw_Data/MELD/train/dia316_utt3.wav,neutral,meld,train,train
Raw_Data/MELD/train/dia886_utt14.wav,neutral,meld,train,train
Raw_Data/MELD/test/dia34_utt6.wav,disgust,meld,test,train
Raw_Data/MELD/test/dia17_utt25.wav,neutral,meld,test,train
Raw_Data/MELD/train/dia4_utt6.wav,neutral,meld,train,train
Raw_Data/MELD/train/dia973_utt11.wav,sad,meld,train,train
Raw_Data/MELD/test/dia56_utt0.wav,sad,meld,test,train
Raw_Data/MELD/train/dia766_utt0.wav,neutral,meld,train,train
Raw_Data/MELD/train/dia211_utt9.wav,surprise,meld,train,train
Raw_Data/MELD/train/dia868_utt3.wav,neutral,meld,train,train
Raw_Data/MELD/train/dia821_utt13.wav,happy,meld,train,train
Raw_Data/MELD/train/dia53_utt8.wav,happy,meld,train,train
Raw_Data/MELD/train/dia455_utt8.wav,angry,meld,train,train
Raw_Data/MELD/train/dia371_utt1.wav,neutral,meld,train,train
Raw_Data/MELD/dev/dia67_utt1.wav,happy,meld,dev,train
Raw_Data/MELD/train/dia121_utt4.wav,disgust,meld,train,train
Raw_Data/MELD/train/dia830_utt7.wav,sad,meld,train,train
Raw_Data/MELD/test/dia170_utt0.wav,surprise,meld,test,train
Raw_Data/MELD/train/dia499_utt19.wav,neutral,meld,train,train
Raw_Data/MELD/train/dia40_utt3.wav,neutral,meld,train,train
Raw_Data/MELD/train/dia749_utt7.wav,happy,meld,train,train
Raw_Data/MELD/train/dia354_utt17.wav,neutral,meld,train,train
Raw_Data/MELD/train/dia234_utt4.wav,surprise,meld,train,train
Raw_Data/MELD/dev/dia37_utt6.wav,fear,meld,dev,train
Raw_Data/MELD/train/dia995_utt0.wav,angry,meld,train,train
Raw_Data/MELD/train/dia218_utt2.wav,neutral,meld,train,train
Raw_Data/MELD/train/dia869_utt10.wav,disgust,meld,train,train
Raw_Data/MELD/dev/dia31_utt12.wav,happy,meld,dev,train
Raw_Data/MELD/train/dia346_utt0.wav,happy,meld,train,train
Raw_Data/MELD/test/dia157_utt2.wav,angry,meld,test,train
Raw_Data/MELD/dev/dia5_utt1.wav,surprise,meld,dev,train
Raw_Data/MELD/test/dia270_utt8.wav,surprise,meld,test,train
Raw_Data/MELD/train/dia921_utt1.wav,fear,meld,train,train
Raw_Data/MELD/train/dia632_utt17.wav,sad,meld,train,train
Raw_Data/MELD/test/dia169_utt15.wav,surprise,meld,test,train
Raw_Data/MELD/train/dia132_utt7.wav,neutral,meld,train,train
Raw_Data/MELD/train/dia516_utt0.wav,angry,meld,train,train
Raw_Data/MELD/train/dia49_utt3.wav,happy,meld,train,train
Raw_Data/MELD/dev/dia5_utt7.wav,angry,meld,dev,train
Raw_Data/MELD/train/dia735_utt5.wav,neutral,meld,train,train
Raw_Data/MELD/train/dia336_utt6.wav,sad,meld,train,train
Raw_Data/MELD/train/dia312_utt17.wav,angry,meld,train,train
Raw_Data/MELD/train/dia659_utt10.wav,neutral,meld,train,train
Raw_Data/MELD/train/dia772_utt14.wav,neutral,meld,train,train
Raw_Data/MELD/test/dia63_utt1.wav,neutral,meld,test,train
Raw_Data/MELD/dev/dia46_utt6.wav,neutral,meld,dev,train
Raw_Data/MELD/train/dia203_utt4.wav,happy,meld,train,train
Raw_Data/MELD/train/dia578_utt3.wav,surprise,meld,train,train
Raw_Data/MELD/train/dia347_utt3.wav,neutral,meld,train,train
Raw_Data/MELD/test/dia224_utt5.wav,neutral,meld,test,train
Raw_Data/MELD/train/dia54_utt1.wav,sad,meld,train,train
Raw_Data/MELD/train/dia1029_utt4.wav,happy,meld,train,train
Raw_Data/MELD/train/dia585_utt5.wav,neutral,meld,train,train
Raw_Data/MELD/dev/dia97_utt7.wav,happy,meld,dev,train
Raw_Data/MELD/train/dia87_utt9.wav,happy,meld,train,train
Raw_Data/MELD/train/dia973_utt5.wav,angry,meld,train,train
Raw_Data/MELD/train/dia930_utt0.wav,happy,meld,train,train
Raw_Data/MELD/train/dia474_utt3.wav,sad,meld,train,train
Raw_Data/MELD/test/dia1_utt3.wav,happy,meld,test,train
Raw_Data/MELD/train/dia544_utt3.wav,happy,meld,train,train
Raw_Data/MELD/test/dia60_utt3.wav,surprise,meld,test,train
Raw_Data/MELD/train/dia615_utt15.wav,neutral,meld,train,train
Raw_Data/MELD/train/dia344_utt2.wav,neutral,meld,train,train
Raw_Data/MELD/train/dia220_utt2.wav,neutral,meld,train,train
Raw_Data/MELD/train/dia425_utt1.wav,neutral,meld,train,train
Raw_Data/MELD/dev/dia9_utt3.wav,happy,meld,dev,train
Raw_Data/MELD/train/dia588_utt6.wav,neutral,meld,train,train
Raw_Data/MELD/test/dia254_utt6.wav,angry,meld,test,train
Raw_Data/MELD/train/dia526_utt4.wav,happy,meld,train,train
Raw_Data/MELD/test/dia12_utt10.wav,neutral,meld,test,train
Raw_Data/MELD/train/dia254_utt3.wav,angry,meld,train,train
Raw_Data/MELD/train/dia623_utt10.wav,happy,meld,train,train
Raw_Data/MELD/train/dia714_utt5.wav,angry,meld,train,train
Raw_Data/MELD/dev/dia16_utt9.wav,disgust,meld,dev,train
Raw_Data/MELD/test/dia88_utt12.wav,happy,meld,test,train
Raw_Data/MELD/train/dia835_utt0.wav,sad,meld,train,train
Raw_Data/MELD/train/dia387_utt0.wav,sad,meld,train,train
Raw_Data/MELD/train/dia893_utt6.wav,neutral,meld,train,train
Raw_Data/MELD/train/dia402_utt1.wav,neutral,meld,train,train
Raw_Data/MELD/test/dia233_utt2.wav,surprise,meld,test,train
Raw_Data/MELD/train/dia126_utt2.wav,happy,meld,train,train
Raw_Data/MELD/train/dia199_utt7.wav,surprise,meld,train,train
Raw_Data/MELD/test/dia134_utt1.wav,sad,meld,test,train
Raw_Data/MELD/train/dia182_utt4.wav,angry,meld,train,train
Raw_Data/MELD/train/dia262_utt2.wav,neutral,meld,train,train
Raw_Data/MELD/train/dia350_utt6.wav,neutral,meld,train,train
Raw_Data/MELD/train/dia15_utt0.wav,angry,meld,train,train
Raw_Data/MELD/dev/dia53_utt6.wav,neutral,meld,dev,train
Raw_Data/MELD/train/dia885_utt1.wav,neutral,meld,train,train
Raw_Data/MELD/train/dia722_utt1.wav,neutral,meld,train,train
Raw_Data/MELD/train/dia14_utt5.wav,neutral,meld,train,train
Raw_Data/MELD/train/dia524_utt3.wav,neutral,meld,train,train
Raw_Data/MELD/train/dia141_utt6.wav,neutral,meld,train,train
Raw_Data/MELD/train/dia705_utt5.wav,happy,meld,train,train
Raw_Data/MELD/dev/dia58_utt6.wav,surprise,meld,dev,train
Raw_Data/MELD/train/dia999_utt3.wav,surprise,meld,train,train
Raw_Data/MELD/test/dia147_utt10.wav,happy,meld,test,train
Raw_Data/MELD/train/dia527_utt3.wav,neutral,meld,train,train
Raw_Data/MELD/train/dia109_utt0.wav,neutral,meld,train,train
Raw_Data/MELD/train/dia275_utt15.wav,fear,meld,train,train
Raw_Data/MELD/train/dia849_utt6.wav,happy,meld,train,train
Raw_Data/MELD/train/dia404_utt7.wav,angry,meld,train,train
Raw_Data/MELD/test/dia241_utt7.wav,surprise,meld,test,train
Raw_Data/MELD/train/dia897_utt3.wav,neutral,meld,train,train
Raw_Data/MELD/dev/dia7_utt5.wav,happy,meld,dev,train
Raw_Data/MELD/train/dia54_utt5.wav,neutral,meld,train,train
Raw_Data/MELD/train/dia963_utt8.wav,angry,meld,train,train
Raw_Data/MELD/train/dia861_utt7.wav,neutral,meld,train,train
Raw_Data/MELD/test/dia99_utt7.wav,neutral,meld,test,train
Raw_Data/MELD/test/dia247_utt0.wav,neutral,meld,test,train
Raw_Data/MELD/train/dia158_utt4.wav,surprise,meld,train,train
Raw_Data/MELD/train/dia372_utt5.wav,sad,meld,train,train
Raw_Data/MELD/test/dia187_utt6.wav,neutral,meld,test,train
Raw_Data/MELD/train/dia610_utt6.wav,happy,meld,train,train
Raw_Data/MELD/train/dia288_utt3.wav,surprise,meld,train,train
Raw_Data/MELD/train/dia429_utt4.wav,happy,meld,train,train
Raw_Data/MELD/train/dia922_utt4.wav,neutral,meld,train,train
Raw_Data/MELD/train/dia914_utt1.wav,neutral,meld,train,train
Raw_Data/MELD/train/dia745_utt1.wav,neutral,meld,train,train
Raw_Data/MELD/train/dia70_utt4.wav,neutral,meld,train,train
Raw_Data/MELD/test/dia182_utt0.wav,happy,meld,test,train
Raw_Data/MELD/train/dia982_utt8.wav,neutral,meld,train,train
Raw_Data/MELD/train/dia630_utt5.wav,happy,meld,train,train
Raw_Data/MELD/train/dia409_utt8.wav,surprise,meld,train,train
Raw_Data/MELD/train/dia477_utt6.wav,sad,meld,train,train
Raw_Data/MELD/train/dia493_utt5.wav,neutral,meld,train,train
Raw_Data/MELD/train/dia761_utt5.wav,angry,meld,train,train
Raw_Data/MELD/test/dia120_utt5.wav,happy,meld,test,train
Raw_Data/MELD/train/dia996_utt20.wav,sad,meld,train,train
Raw_Data/MELD/test/dia249_utt6.wav,neutral,meld,test,train
Raw_Data/MELD/train/dia185_utt12.wav,fear,meld,train,train
Raw_Data/MELD/train/dia907_utt7.wav,angry,meld,train,train
Raw_Data/MELD/train/dia1005_utt4.wav,neutral,meld,train,train
Raw_Data/MELD/test/dia137_utt13.wav,angry,meld,test,train
Raw_Data/MELD/test/dia169_utt9.wav,angry,meld,test,train
Raw_Data/MELD/train/dia608_utt0.wav,surprise,meld,train,train
Raw_Data/MELD/dev/dia91_utt9.wav,neutral,meld,dev,train
Raw_Data/MELD/train/dia915_utt5.wav,neutral,meld,train,train
Raw_Data/MELD/test/dia163_utt6.wav,sad,meld,test,train
Raw_Data/MELD/dev/dia83_utt7.wav,happy,meld,dev,train
Raw_Data/MELD/train/dia554_utt7.wav,surprise,meld,train,train
Raw_Data/MELD/train/dia66_utt10.wav,happy,meld,train,train
Raw_Data/MELD/train/dia593_utt3.wav,sad,meld,train,train
Raw_Data/MELD/test/dia7_utt4.wav,surprise,meld,test,train
Raw_Data/MELD/train/dia255_utt6.wav,fear,meld,train,train
Raw_Data/MELD/train/dia897_utt0.wav,angry,meld,train,train
Raw_Data/MELD/train/dia47_utt6.wav,neutral,meld,train,train
Raw_Data/MELD/train/dia956_utt0.wav,surprise,meld,train,train
Raw_Data/MELD/test/dia4_utt7.wav,angry,meld,test,train
Raw_Data/MELD/train/dia819_utt9.wav,fear,meld,train,train
Raw_Data/MELD/train/dia1031_utt1.wav,neutral,meld,train,train
Raw_Data/MELD/train/dia752_utt9.wav,happy,meld,train,train
Raw_Data/MELD/test/dia163_utt4.wav,neutral,meld,test,train
Raw_Data/MELD/dev/dia62_utt5.wav,neutral,meld,dev,train
Raw_Data/MELD/train/dia307_utt1.wav,happy,meld,train,train
Raw_Data/MELD/train/dia264_utt10.wav,neutral,meld,train,train
Raw_Data/MELD/test/dia4_utt1.wav,neutral,meld,test,train
Raw_Data/MELD/test/dia225_utt2.wav,neutral,meld,test,train
Raw_Data/MELD/test/dia158_utt3.wav,neutral,meld,test,train
Raw_Data/MELD/train/dia817_utt12.wav,angry,meld,train,train
Raw_Data/MELD/train/dia285_utt15.wav,neutral,meld,train,train
Raw_Data/MELD/train/dia942_utt4.wav,neutral,meld,train,train
Raw_Data/MELD/dev/dia73_utt0.wav,angry,meld,dev,train
Raw_Data/MELD/train/dia626_utt11.wav,neutral,meld,train,train
Raw_Data/MELD/train/dia46_utt13.wav,surprise,meld,train,train
Raw_Data/MELD/test/dia163_utt3.wav,happy,meld,test,train
Raw_Data/MELD/test/dia113_utt8.wav,angry,meld,test,train
Raw_Data/MELD/dev/dia13_utt6.wav,surprise,meld,dev,train
Raw_Data/MELD/test/dia173_utt7.wav,sad,meld,test,train
Raw_Data/MELD/dev/dia30_utt15.wav,angry,meld,dev,train
Raw_Data/MELD/dev/dia105_utt6.wav,neutral,meld,dev,train
Raw_Data/MELD/train/dia865_utt2.wav,neutral,meld,train,train
Raw_Data/MELD/train/dia673_utt8.wav,neutral,meld,train,train
Raw_Data/MELD/test/dia234_utt9.wav,neutral,meld,test,train
Raw_Data/MELD/train/dia219_utt2.wav,neutral,meld,train,train
Raw_Data/MELD/train/dia888_utt7.wav,neutral,meld,train,train
Raw_Data/MELD/train/dia978_utt5.wav,neutral,meld,train,train
Raw_Data/MELD/dev/dia81_utt0.wav,happy,meld,dev,train
Raw_Data/MELD/train/dia707_utt4.wav,neutral,meld,train,train
Raw_Data/MELD/train/dia583_utt7.wav,surprise,meld,train,train
Raw_Data/MELD/train/dia910_utt8.wav,happy,meld,train,train
Raw_Data/MELD/test/dia154_utt20.wav,neutral,meld,test,train
Raw_Data/MELD/train/dia796_utt13.wav,happy,meld,train,train
Raw_Data/MELD/train/dia526_utt8.wav,neutral,meld,train,train
Raw_Data/MELD/dev/dia10_utt0.wav,neutral,meld,dev,train
Raw_Data/MELD/train/dia64_utt4.wav,neutral,meld,train,train
Raw_Data/MELD/train/dia762_utt3.wav,neutral,meld,train,train
Raw_Data/MELD/train/dia499_utt8.wav,happy,meld,train,train
Raw_Data/MELD/test/dia156_utt8.wav,neutral,meld,test,train
Raw_Data/MELD/train/dia18_utt3.wav,happy,meld,train,train
Raw_Data/MELD/train/dia474_utt2.wav,happy,meld,train,train
Raw_Data/MELD/train/dia886_utt1.wav,happy,meld,train,train
Raw_Data/MELD/train/dia6_utt20.wav,angry,meld,train,train
Raw_Data/MELD/test/dia158_utt2.wav,sad,meld,test,train
Raw_Data/MELD/train/dia1018_utt12.wav,surprise,meld,train,train
Raw_Data/MELD/test/dia278_utt4.wav,neutral,meld,test,train
Raw_Data/MELD/train/dia240_utt4.wav,neutral,meld,train,train
Raw_Data/MELD/train/dia551_utt5.wav,happy,meld,train,train
Raw_Data/MELD/train/dia1005_utt12.wav,neutral,meld,train,train
Raw_Data/MELD/train/dia841_utt13.wav,neutral,meld,train,train
Raw_Data/MELD/train/dia304_utt8.wav,angry,meld,train,train
Raw_Data/MELD/train/dia369_utt0.wav,neutral,meld,train,train
Raw_Data/MELD/train/dia671_utt5.wav,neutral,meld,train,train
Raw_Data/MELD/dev/dia80_utt9.wav,neutral,meld,dev,train
Raw_Data/MELD/train/dia895_utt7.wav,neutral,meld,train,train
Raw_Data/MELD/train/dia287_utt2.wav,angry,meld,train,train
Raw_Data/MELD/test/dia131_utt1.wav,happy,meld,test,train
Raw_Data/MELD/train/dia468_utt0.wav,neutral,meld,train,train
Raw_Data/MELD/train/dia145_utt3.wav,neutral,meld,train,train
Raw_Data/MELD/test/dia228_utt6.wav,neutral,meld,test,train
Raw_Data/MELD/test/dia114_utt4.wav,neutral,meld,test,train
Raw_Data/MELD/train/dia439_utt0.wav,neutral,meld,train,train
Raw_Data/MELD/train/dia305_utt8.wav,neutral,meld,train,train
Raw_Data/MELD/train/dia640_utt6.wav,neutral,meld,train,train
Raw_Data/MELD/train/dia912_utt1.wav,surprise,meld,train,train
Raw_Data/MELD/train/dia772_utt3.wav,angry,meld,train,train
Raw_Data/MELD/train/dia619_utt1.wav,neutral,meld,train,train
Raw_Data/MELD/train/dia409_utt4.wav,neutral,meld,train,train
Raw_Data/MELD/dev/dia82_utt17.wav,neutral,meld,dev,train
Raw_Data/MELD/dev/dia4_utt13.wav,surprise,meld,dev,train
Raw_Data/MELD/train/dia662_utt5.wav,neutral,meld,train,train
Raw_Data/MELD/train/dia616_utt3.wav,neutral,meld,train,train
Raw_Data/MELD/test/dia209_utt1.wav,happy,meld,test,train
Raw_Data/MELD/train/dia936_utt15.wav,sad,meld,train,train
Raw_Data/MELD/train/dia888_utt5.wav,neutral,meld,train,train
Raw_Data/MELD/train/dia161_utt2.wav,neutral,meld,train,train
Raw_Data/MELD/train/dia835_utt6.wav,neutral,meld,train,train
Raw_Data/MELD/train/dia47_utt7.wav,happy,meld,train,train
Raw_Data/MELD/train/dia277_utt0.wav,neutral,meld,train,train
Raw_Data/MELD/train/dia372_utt0.wav,neutral,meld,train,train
Raw_Data/MELD/train/dia561_utt0.wav,neutral,meld,train,train
Raw_Data/MELD/train/dia300_utt2.wav,neutral,meld,train,train
Raw_Data/MELD/train/dia464_utt17.wav,sad,meld,train,train
Raw_Data/MELD/test/dia199_utt8.wav,sad,meld,test,train
Raw_Data/MELD/train/dia17_utt3.wav,neutral,meld,train,train
Raw_Data/MELD/dev/dia63_utt3.wav,happy,meld,dev,train
Raw_Data/MELD/test/dia73_utt0.wav,fear,meld,test,train
Raw_Data/MELD/train/dia112_utt3.wav,angry,meld,train,train
Raw_Data/MELD/test/dia152_utt0.wav,neutral,meld,test,train
Raw_Data/MELD/train/dia766_utt4.wav,neutral,meld,train,train
Raw_Data/MELD/train/dia563_utt8.wav,happy,meld,train,train
Raw_Data/MELD/test/dia95_utt11.wav,surprise,meld,test,train
Raw_Data/MELD/train/dia226_utt3.wav,neutral,meld,train,train
Raw_Data/MELD/train/dia241_utt1.wav,sad,meld,train,train
Raw_Data/MELD/train/dia486_utt12.wav,angry,meld,train,train
Raw_Data/MELD/train/dia365_utt4.wav,neutral,meld,train,train
Raw_Data/MELD/train/dia285_utt5.wav,neutral,meld,train,train
Raw_Data/MELD/train/dia602_utt3.wav,happy,meld,train,train
Raw_Data/MELD/test/dia183_utt4.wav,neutral,meld,test,train
Raw_Data/MELD/test/dia132_utt5.wav,neutral,meld,test,train
Raw_Data/MELD/train/dia623_utt18.wav,happy,meld,train,train
Raw_Data/MELD/test/dia117_utt8.wav,surprise,meld,test,train
Raw_Data/MELD/test/dia48_utt0.wav,neutral,meld,test,train
Raw_Data/MELD/train/dia989_utt9.wav,surprise,meld,train,train
Raw_Data/MELD/train/dia372_utt7.wav,surprise,meld,train,train
Raw_Data/MELD/test/dia170_utt1.wav,surprise,meld,test,train
Raw_Data/MELD/train/dia891_utt5.wav,happy,meld,train,train
Raw_Data/MELD/dev/dia2_utt2.wav,surprise,meld,dev,train
Raw_Data/MELD/train/dia776_utt4.wav,neutral,meld,train,train
Raw_Data/MELD/train/dia772_utt10.wav,happy,meld,train,train
Raw_Data/MELD/train/dia720_utt1.wav,neutral,meld,train,train
Raw_Data/MELD/train/dia659_utt8.wav,neutral,meld,train,train
Raw_Data/MELD/dev/dia12_utt2.wav,neutral,meld,dev,train
Raw_Data/MELD/train/dia6_utt21.wav,angry,meld,train,train
Raw_Data/MELD/train/dia869_utt5.wav,fear,meld,train,train
Raw_Data/MELD/train/dia604_utt0.wav,happy,meld,train,train
Raw_Data/MELD/dev/dia10_utt9.wav,neutral,meld,dev,train
Raw_Data/MELD/test/dia100_utt15.wav,fear,meld,test,train
Raw_Data/MELD/train/dia700_utt11.wav,sad,meld,train,train
Raw_Data/MELD/test/dia56_utt4.wav,angry,meld,test,train
Raw_Data/MELD/test/dia251_utt2.wav,neutral,meld,test,train
Raw_Data/MELD/train/dia30_utt10.wav,neutral,meld,train,train
Raw_Data/MELD/test/dia90_utt0.wav,neutral,meld,test,train
Raw_Data/MELD/train/dia1010_utt4.wav,disgust,meld,train,train
Raw_Data/MELD/train/dia700_utt1.wav,neutral,meld,train,train
Raw_Data/MELD/train/dia759_utt9.wav,neutral,meld,train,train
Raw_Data/MELD/train/dia175_utt9.wav,sad,meld,train,train
Raw_Data/MELD/train/dia509_utt3.wav,neutral,meld,train,train
Raw_Data/MELD/train/dia542_utt5.wav,neutral,meld,train,train
Raw_Data/MELD/test/dia90_utt2.wav,surprise,meld,test,train
Raw_Data/MELD/dev/dia91_utt8.wav,disgust,meld,dev,train
Raw_Data/MELD/train/dia890_utt2.wav,neutral,meld,train,train
Raw_Data/MELD/train/dia693_utt4.wav,angry,meld,train,train
Raw_Data/MELD/train/dia661_utt5.wav,neutral,meld,train,train
Raw_Data/MELD/train/dia778_utt9.wav,surprise,meld,train,train
Raw_Data/MELD/train/dia270_utt2.wav,happy,meld,train,train
Raw_Data/MELD/train/dia28_utt4.wav,fear,meld,train,train
Raw_Data/MELD/train/dia650_utt6.wav,neutral,meld,train,train
Raw_Data/MELD/train/dia7_utt0.wav,neutral,meld,train,train
Raw_Data/MELD/train/dia916_utt13.wav,sad,meld,train,train
Raw_Data/MELD/test/dia132_utt6.wav,neutral,meld,test,train
Raw_Data/MELD/train/dia1022_utt6.wav,surprise,meld,train,train
Raw_Data/MELD/dev/dia13_utt0.wav,neutral,meld,dev,train
Raw_Data/MELD/train/dia22_utt3.wav,neutral,meld,train,train
Raw_Data/MELD/train/dia124_utt8.wav,sad,meld,train,train
Raw_Data/MELD/train/dia179_utt14.wav,neutral,meld,train,train
Raw_Data/MELD/train/dia606_utt0.wav,surprise,meld,train,train
Raw_Data/MELD/train/dia295_utt15.wav,neutral,meld,train,train
Raw_Data/MELD/train/dia823_utt2.wav,happy,meld,train,train
Raw_Data/MELD/train/dia225_utt0.wav,disgust,meld,train,train
Raw_Data/MELD/train/dia67_utt5.wav,happy,meld,train,train
Raw_Data/MELD/train/dia772_utt12.wav,happy,meld,train,train
Raw_Data/MELD/train/dia1038_utt1.wav,happy,meld,train,train
Raw_Data/MELD/test/dia253_utt8.wav,neutral,meld,test,train
Raw_Data/MELD/train/dia52_utt8.wav,neutral,meld,train,train
Raw_Data/MELD/test/dia240_utt6.wav,sad,meld,test,train
Raw_Data/MELD/train/dia549_utt3.wav,neutral,meld,train,train
Raw_Data/MELD/train/dia910_utt13.wav,happy,meld,train,train
Raw_Data/MELD/test/dia278_utt10.wav,neutral,meld,test,train
Raw_Data/MELD/test/dia70_utt17.wav,happy,meld,test,train
Raw_Data/MELD/train/dia538_utt7.wav,happy,meld,train,train
Raw_Data/MELD/train/dia568_utt11.wav,angry,meld,train,train
Raw_Data/MELD/test/dia52_utt7.wav,surprise,meld,test,train
Raw_Data/MELD/dev/dia76_utt10.wav,angry,meld,dev,train
Raw_Data/MELD/dev/dia82_utt6.wav,surprise,meld,dev,train
Raw_Data/MELD/dev/dia80_utt7.wav,happy,meld,dev,train
Raw_Data/MELD/train/dia681_utt5.wav,neutral,meld,train,train
Raw_Data/MELD/train/dia474_utt11.wav,happy,meld,train,train
Raw_Data/MELD/test/dia198_utt6.wav,happy,meld,test,train
Raw_Data/MELD/test/dia95_utt8.wav,happy,meld,test,train
Raw_Data/MELD/train/dia768_utt0.wav,surprise,meld,train,train
Raw_Data/MELD/train/dia481_utt4.wav,surprise,meld,train,train
Raw_Data/MELD/test/dia181_utt5.wav,surprise,meld,test,train
Raw_Data/MELD/train/dia842_utt11.wav,neutral,meld,train,train
Raw_Data/MELD/train/dia160_utt3.wav,neutral,meld,train,train
Raw_Data/MELD/train/dia939_utt0.wav,angry,meld,train,train
Raw_Data/MELD/train/dia5_utt2.wav,neutral,meld,train,train
Raw_Data/MELD/dev/dia82_utt13.wav,happy,meld,dev,train
Raw_Data/MELD/test/dia263_utt1.wav,neutral,meld,test,train
Raw_Data/MELD/train/dia228_utt0.wav,angry,meld,train,train
Raw_Data/MELD/train/dia401_utt12.wav,surprise,meld,train,train
Raw_Data/MELD/train/dia380_utt2.wav,sad,meld,train,train
Raw_Data/MELD/train/dia1013_utt3.wav,angry,meld,train,train
Raw_Data/MELD/test/dia124_utt8.wav,surprise,meld,test,train
Raw_Data/MELD/train/dia121_utt1.wav,happy,meld,train,train
Raw_Data/MELD/train/dia745_utt6.wav,neutral,meld,train,train
Raw_Data/MELD/train/dia658_utt9.wav,neutral,meld,train,train
Raw_Data/MELD/train/dia460_utt2.wav,fear,meld,train,train
Raw_Data/MELD/train/dia936_utt4.wav,neutral,meld,train,train
Raw_Data/MELD/train/dia61_utt7.wav,sad,meld,train,train
Raw_Data/MELD/train/dia298_utt1.wav,angry,meld,train,train
Raw_Data/MELD/train/dia813_utt8.wav,surprise,meld,train,train
Raw_Data/MELD/train/dia95_utt2.wav,neutral,meld,train,train
Raw_Data/MELD/test/dia104_utt2.wav,neutral,meld,test,train
Raw_Data/MELD/train/dia593_utt0.wav,neutral,meld,train,train
Raw_Data/MELD/train/dia414_utt4.wav,neutral,meld,train,train
Raw_Data/MELD/train/dia952_utt0.wav,neutral,meld,train,train
Raw_Data/MELD/train/dia424_utt14.wav,happy,meld,train,train
Raw_Data/MELD/train/dia809_utt4.wav,happy,meld,train,train
Raw_Data/MELD/test/dia253_utt1.wav,neutral,meld,test,train
Raw_Data/MELD/train/dia508_utt20.wav,angry,meld,train,train
Raw_Data/MELD/train/dia893_utt3.wav,happy,meld,train,train
Raw_Data/MELD/train/dia187_utt4.wav,neutral,meld,train,train
Raw_Data/MELD/train/dia54_utt8.wav,sad,meld,train,train
Raw_Data/MELD/train/dia690_utt5.wav,surprise,meld,train,train
Raw_Data/MELD/train/dia464_utt13.wav,neutral,meld,train,train
Raw_Data/MELD/test/dia278_utt14.wav,neutral,meld,test,train
Raw_Data/MELD/train/dia12_utt0.wav,neutral,meld,train,train
Raw_Data/MELD/train/dia722_utt2.wav,angry,meld,train,train
Raw_Data/MELD/train/dia356_utt13.wav,happy,meld,train,train
Raw_Data/MELD/test/dia243_utt5.wav,neutral,meld,test,train
Raw_Data/MELD/train/dia760_utt1.wav,angry,meld,train,train
Raw_Data/MELD/train/dia670_utt13.wav,happy,meld,train,train
Raw_Data/MELD/train/dia89_utt8.wav,neutral,meld,train,train
Raw_Data/MELD/train/dia225_utt10.wav,neutral,meld,train,train
Raw_Data/MELD/train/dia481_utt0.wav,surprise,meld,train,train
Raw_Data/MELD/test/dia228_utt2.wav,neutral,meld,test,train
Raw_Data/MELD/train/dia329_utt2.wav,neutral,meld,train,train
Raw_Data/MELD/train/dia403_utt0.wav,neutral,meld,train,train
Raw_Data/MELD/test/dia53_utt1.wav,neutral,meld,test,train
Raw_Data/MELD/train/dia89_utt5.wav,neutral,meld,train,train
Raw_Data/MELD/train/dia424_utt4.wav,neutral,meld,train,train
Raw_Data/MELD/train/dia408_utt0.wav,neutral,meld,train,train
Raw_Data/MELD/train/dia607_utt1.wav,disgust,meld,train,train
Raw_Data/MELD/train/dia429_utt7.wav,neutral,meld,train,train
Raw_Data/MELD/test/dia232_utt5.wav,happy,meld,test,train
Raw_Data/MELD/test/dia215_utt7.wav,sad,meld,test,train
Raw_Data/MELD/train/dia222_utt13.wav,happy,meld,train,train
Raw_Data/MELD/train/dia533_utt8.wav,neutral,meld,train,train
Raw_Data/MELD/train/dia650_utt8.wav,happy,meld,train,train
Raw_Data/MELD/train/dia273_utt9.wav,surprise,meld,train,train
Raw_Data/MELD/train/dia533_utt5.wav,happy,meld,train,train
Raw_Data/MELD/train/dia463_utt2.wav,neutral,meld,train,train
Raw_Data/MELD/train/dia799_utt5.wav,neutral,meld,train,train
Raw_Data/MELD/train/dia615_utt3.wav,angry,meld,train,train
Raw_Data/MELD/train/dia231_utt4.wav,neutral,meld,train,train
Raw_Data/MELD/dev/dia28_utt4.wav,neutral,meld,dev,train
Raw_Data/MELD/train/dia367_utt11.wav,surprise,meld,train,train
Raw_Data/MELD/test/dia199_utt2.wav,neutral,meld,test,train
Raw_Data/MELD/test/dia30_utt4.wav,surprise,meld,test,train
Raw_Data/MELD/train/dia499_utt1.wav,happy,meld,train,train
Raw_Data/MELD/train/dia671_utt16.wav,neutral,meld,train,train
Raw_Data/MELD/train/dia657_utt17.wav,neutral,meld,train,train
Raw_Data/MELD/train/dia160_utt7.wav,neutral,meld,train,train
Raw_Data/MELD/test/dia110_utt4.wav,happy,meld,test,train
Raw_Data/MELD/dev/dia15_utt1.wav,happy,meld,dev,train
Raw_Data/MELD/dev/dia5_utt5.wav,angry,meld,dev,train
Raw_Data/MELD/train/dia670_utt12.wav,neutral,meld,train,train
Raw_Data/MELD/train/dia615_utt1.wav,neutral,meld,train,train
Raw_Data/MELD/train/dia59_utt5.wav,happy,meld,train,train
Raw_Data/MELD/test/dia203_utt12.wav,neutral,meld,test,train
Raw_Data/MELD/train/dia432_utt0.wav,neutral,meld,train,train
Raw_Data/MELD/train/dia647_utt0.wav,neutral,meld,train,train
Raw_Data/MELD/train/dia801_utt2.wav,neutral,meld,train,train
Raw_Data/MELD/train/dia739_utt7.wav,surprise,meld,train,train
Raw_Data/MELD/train/dia206_utt15.wav,angry,meld,train,train
Raw_Data/MELD/train/dia572_utt18.wav,neutral,meld,train,train
Raw_Data/MELD/train/dia673_utt7.wav,surprise,meld,train,train
Raw_Data/MELD/train/dia293_utt12.wav,happy,meld,train,train
Raw_Data/MELD/train/dia150_utt1.wav,neutral,meld,train,train
Raw_Data/MELD/dev/dia13_utt11.wav,surprise,meld,dev,train
Raw_Data/MELD/train/dia541_utt5.wav,happy,meld,train,train
Raw_Data/MELD/train/dia456_utt9.wav,sad,meld,train,train
Raw_Data/MELD/test/dia244_utt6.wav,disgust,meld,test,train
Raw_Data/MELD/test/dia195_utt2.wav,sad,meld,test,train
Raw_Data/MELD/test/dia41_utt1.wav,angry,meld,test,train
Raw_Data/MELD/train/dia254_utt6.wav,angry,meld,train,train
Raw_Data/MELD/train/dia523_utt10.wav,happy,meld,train,train
Raw_Data/MELD/test/dia251_utt0.wav,surprise,meld,test,train
Raw_Data/MELD/train/dia392_utt12.wav,happy,meld,train,train
Raw_Data/MELD/train/dia264_utt18.wav,neutral,meld,train,train
Raw_Data/MELD/train/dia719_utt4.wav,neutral,meld,train,train
Raw_Data/MELD/test/dia161_utt4.wav,happy,meld,test,train
Raw_Data/MELD/dev/dia34_utt4.wav,neutral,meld,dev,train
Raw_Data/MELD/train/dia342_utt14.wav,neutral,meld,train,train
Raw_Data/MELD/train/dia410_utt7.wav,neutral,meld,train,train
Raw_Data/MELD/train/dia312_utt4.wav,sad,meld,train,train
Raw_Data/MELD/train/dia94_utt4.wav,disgust,meld,train,train
Raw_Data/MELD/train/dia948_utt5.wav,happy,meld,train,train
Raw_Data/MELD/train/dia687_utt0.wav,neutral,meld,train,train
Raw_Data/MELD/train/dia652_utt9.wav,fear,meld,train,train
Raw_Data/MELD/train/dia6_utt16.wav,sad,meld,train,train
Raw_Data/MELD/test/dia72_utt8.wav,angry,meld,test,train
Raw_Data/MELD/train/dia178_utt1.wav,neutral,meld,train,train
Raw_Data/MELD/train/dia184_utt20.wav,neutral,meld,train,train
Raw_Data/MELD/train/dia604_utt4.wav,surprise,meld,train,train
Raw_Data/MELD/train/dia920_utt4.wav,neutral,meld,train,train
Raw_Data/MELD/dev/dia70_utt1.wav,neutral,meld,dev,train
Raw_Data/MELD/train/dia565_utt0.wav,neutral,meld,train,train
Raw_Data/MELD/dev/dia74_utt19.wav,angry,meld,dev,train
Raw_Data/MELD/test/dia137_utt7.wav,surprise,meld,test,train
Raw_Data/MELD/train/dia501_utt1.wav,happy,meld,train,train
Raw_Data/MELD/train/dia657_utt3.wav,happy,meld,train,train
Raw_Data/MELD/train/dia212_utt7.wav,angry,meld,train,train
Raw_Data/MELD/train/dia410_utt12.wav,neutral,meld,train,train
Raw_Data/MELD/test/dia270_utt14.wav,surprise,meld,test,train
Raw_Data/MELD/train/dia546_utt6.wav,neutral,meld,train,train
Raw_Data/MELD/train/dia670_utt7.wav,angry,meld,train,train
Raw_Data/MELD/train/dia849_utt4.wav,happy,meld,train,train
Raw_Data/MELD/train/dia332_utt9.wav,neutral,meld,train,train
Raw_Data/MELD/train/dia940_utt5.wav,neutral,meld,train,train
Raw_Data/MELD/train/dia596_utt8.wav,angry,meld,train,train
Raw_Data/MELD/train/dia700_utt12.wav,neutral,meld,train,train
Raw_Data/MELD/train/dia1025_utt12.wav,neutral,meld,train,train
Raw_Data/MELD/train/dia770_utt6.wav,neutral,meld,train,train
Raw_Data/MELD/test/dia42_utt0.wav,happy,meld,test,train
Raw_Data/MELD/train/dia476_utt2.wav,neutral,meld,train,train
Raw_Data/MELD/dev/dia78_utt2.wav,neutral,meld,dev,train
Raw_Data/MELD/train/dia49_utt8.wav,neutral,meld,train,train
Raw_Data/MELD/dev/dia111_utt2.wav,neutral,meld,dev,train
Raw_Data/MELD/test/dia189_utt3.wav,happy,meld,test,train
Raw_Data/MELD/train/dia645_utt4.wav,neutral,meld,train,train
Raw_Data/MELD/test/dia32_utt8.wav,surprise,meld,test,train
Raw_Data/MELD/train/dia758_utt2.wav,angry,meld,train,train
Raw_Data/MELD/train/dia527_utt2.wav,surprise,meld,train,train
Raw_Data/MELD/test/dia118_utt7.wav,happy,meld,test,train
Raw_Data/MELD/test/dia17_utt28.wav,sad,meld,test,train
Raw_Data/MELD/train/dia1019_utt14.wav,neutral,meld,train,train
Raw_Data/MELD/train/dia367_utt2.wav,happy,meld,train,train
Raw_Data/MELD/train/dia524_utt0.wav,neutral,meld,train,train
Raw_Data/MELD/train/dia164_utt8.wav,happy,meld,train,train
Raw_Data/MELD/dev/dia87_utt3.wav,neutral,meld,dev,train
Raw_Data/MELD/test/dia199_utt11.wav,sad,meld,test,train
Raw_Data/MELD/dev/dia64_utt0.wav,surprise,meld,dev,train
Raw_Data/MELD/train/dia529_utt2.wav,neutral,meld,train,train
Raw_Data/MELD/train/dia4_utt1.wav,happy,meld,train,train
Raw_Data/MELD/train/dia782_utt7.wav,happy,meld,train,train
Raw_Data/MELD/train/dia475_utt5.wav,neutral,meld,train,train
Raw_Data/MELD/train/dia256_utt1.wav,neutral,meld,train,train
Raw_Data/MELD/train/dia601_utt3.wav,happy,meld,train,train
Raw_Data/MELD/train/dia615_utt0.wav,neutral,meld,train,train
Raw_Data/MELD/train/dia674_utt3.wav,surprise,meld,train,train
Raw_Data/MELD/test/dia100_utt14.wav,fear,meld,test,train
Raw_Data/MELD/train/dia62_utt9.wav,surprise,meld,train,train
Raw_Data/MELD/train/dia144_utt4.wav,surprise,meld,train,train
Raw_Data/MELD/train/dia66_utt2.wav,neutral,meld,train,train
Raw_Data/MELD/train/dia9_utt0.wav,neutral,meld,train,train
Raw_Data/MELD/train/dia737_utt4.wav,surprise,meld,train,train
Raw_Data/MELD/train/dia962_utt2.wav,happy,meld,train,train
Raw_Data/MELD/train/dia565_utt3.wav,neutral,meld,train,train
Raw_Data/MELD/train/dia235_utt3.wav,happy,meld,train,train
Raw_Data/MELD/train/dia205_utt6.wav,happy,meld,train,train
Raw_Data/MELD/train/dia6_utt6.wav,happy,meld,train,train
Raw_Data/MELD/train/dia149_utt2.wav,neutral,meld,train,train
Raw_Data/MELD/train/dia1021_utt1.wav,neutral,meld,train,train
Raw_Data/MELD/train/dia941_utt1.wav,neutral,meld,train,train
Raw_Data/MELD/train/dia152_utt8.wav,surprise,meld,train,train
Raw_Data/MELD/train/dia607_utt10.wav,neutral,meld,train,train
Raw_Data/MELD/test/dia118_utt6.wav,neutral,meld,test,train
Raw_Data/MELD/train/dia314_utt12.wav,neutral,meld,train,train
Raw_Data/MELD/test/dia173_utt12.wav,sad,meld,test,train
Raw_Data/MELD/train/dia803_utt4.wav,happy,meld,train,train
Raw_Data/MELD/train/dia184_utt2.wav,neutral,meld,train,train
Raw_Data/MELD/test/dia68_utt11.wav,angry,meld,test,train
Raw_Data/MELD/test/dia118_utt1.wav,sad,meld,test,train
Raw_Data/MELD/train/dia148_utt18.wav,angry,meld,train,train
Raw_Data/MELD/train/dia320_utt13.wav,sad,meld,train,train
Raw_Data/MELD/test/dia213_utt9.wav,neutral,meld,test,train
Raw_Data/MELD/train/dia301_utt7.wav,neutral,meld,train,train
Raw_Data/MELD/train/dia200_utt0.wav,neutral,meld,train,train
Raw_Data/MELD/dev/dia26_utt0.wav,neutral,meld,dev,train
Raw_Data/MELD/train/dia120_utt15.wav,neutral,meld,train,train
Raw_Data/MELD/train/dia389_utt11.wav,happy,meld,train,train
Raw_Data/MELD/test/dia145_utt9.wav,surprise,meld,test,train
Raw_Data/MELD/train/dia579_utt1.wav,happy,meld,train,train
Raw_Data/MELD/train/dia132_utt4.wav,sad,meld,train,train
Raw_Data/MELD/train/dia864_utt3.wav,happy,meld,train,train
Raw_Data/MELD/train/dia574_utt15.wav,fear,meld,train,train
Raw_Data/MELD/test/dia65_utt8.wav,neutral,meld,test,train
Raw_Data/MELD/train/dia886_utt8.wav,happy,meld,train,train
Raw_Data/MELD/test/dia167_utt9.wav,angry,meld,test,train
Raw_Data/MELD/train/dia463_utt12.wav,neutral,meld,train,train
Raw_Data/MELD/train/dia829_utt2.wav,angry,meld,train,train
Raw_Data/MELD/train/dia527_utt4.wav,happy,meld,train,train
Raw_Data/MELD/dev/dia27_utt0.wav,surprise,meld,dev,train
Raw_Data/MELD/train/dia752_utt8.wav,neutral,meld,train,train
Raw_Data/MELD/test/dia145_utt6.wav,neutral,meld,test,train
Raw_Data/MELD/test/dia208_utt4.wav,sad,meld,test,train
Raw_Data/MELD/train/dia640_utt5.wav,happy,meld,train,train
Raw_Data/MELD/train/dia259_utt2.wav,angry,meld,train,train
Raw_Data/MELD/train/dia787_utt5.wav,neutral,meld,train,train
Raw_Data/MELD/train/dia950_utt13.wav,happy,meld,train,train
Raw_Data/MELD/train/dia584_utt3.wav,neutral,meld,train,train
Raw_Data/MELD/dev/dia89_utt2.wav,fear,meld,dev,train
Raw_Data/MELD/train/dia638_utt11.wav,neutral,meld,train,train
Raw_Data/MELD/train/dia676_utt10.wav,angry,meld,train,train
Raw_Data/MELD/train/dia293_utt0.wav,surprise,meld,train,train
Raw_Data/MELD/test/dia185_utt6.wav,happy,meld,test,train
Raw_Data/MELD/train/dia320_utt14.wav,neutral,meld,train,train
Raw_Data/MELD/train/dia607_utt6.wav,surprise,meld,train,train
Raw_Data/MELD/train/dia66_utt1.wav,neutral,meld,train,train
Raw_Data/MELD/train/dia907_utt12.wav,fear,meld,train,train
Raw_Data/MELD/test/dia168_utt13.wav,angry,meld,test,train
Raw_Data/MELD/train/dia1021_utt4.wav,sad,meld,train,train
Raw_Data/MELD/train/dia199_utt8.wav,neutral,meld,train,train
Raw_Data/MELD/train/dia705_utt2.wav,happy,meld,train,train
Raw_Data/MELD/train/dia489_utt0.wav,happy,meld,train,train
Raw_Data/MELD/dev/dia109_utt4.wav,angry,meld,dev,train
Raw_Data/MELD/train/dia610_utt1.wav,happy,meld,train,train
Raw_Data/MELD/dev/dia48_utt6.wav,surprise,meld,dev,train
Raw_Data/MELD/train/dia15_utt7.wav,sad,meld,train,train
Raw_Data/MELD/test/dia217_utt11.wav,neutral,meld,test,train
Raw_Data/MELD/dev/dia16_utt13.wav,neutral,meld,dev,train
Raw_Data/MELD/train/dia793_utt1.wav,neutral,meld,train,train
Raw_Data/MELD/train/dia658_utt7.wav,neutral,meld,train,train
Raw_Data/MELD/train/dia787_utt8.wav,neutral,meld,train,train
Raw_Data/MELD/train/dia524_utt15.wav,fear,meld,train,train
Raw_Data/MELD/train/dia538_utt9.wav,disgust,meld,train,train
Raw_Data/MELD/train/dia584_utt1.wav,neutral,meld,train,train
Raw_Data/MELD/train/dia523_utt19.wav,neutral,meld,train,train
Raw_Data/MELD/train/dia214_utt8.wav,happy,meld,train,train
Raw_Data/MELD/train/dia1009_utt8.wav,surprise,meld,train,train
Raw_Data/MELD/train/dia693_utt0.wav,neutral,meld,train,train
Raw_Data/MELD/train/dia356_utt14.wav,neutral,meld,train,train
Raw_Data/MELD/test/dia71_utt6.wav,surprise,meld,test,train
Raw_Data/MELD/train/dia30_utt8.wav,neutral,meld,train,train
Raw_Data/MELD/dev/dia99_utt1.wav,neutral,meld,dev,train
Raw_Data/MELD/train/dia924_utt3.wav,neutral,meld,train,train
Raw_Data/MELD/train/dia571_utt0.wav,neutral,meld,train,train
Raw_Data/MELD/train/dia655_utt0.wav,surprise,meld,train,train
Raw_Data/MELD/train/dia767_utt8.wav,neutral,meld,train,train
Raw_Data/MELD/dev/dia2_utt0.wav,neutral,meld,dev,train
Raw_Data/MELD/test/dia180_utt0.wav,neutral,meld,test,train
Raw_Data/MELD/train/dia287_utt6.wav,neutral,meld,train,train
Raw_Data/MELD/train/dia295_utt2.wav,surprise,meld,train,train
Raw_Data/MELD/train/dia583_utt2.wav,neutral,meld,train,train
Raw_Data/MELD/test/dia130_utt7.wav,neutral,meld,test,train
Raw_Data/MELD/test/dia166_utt3.wav,angry,meld,test,train
Raw_Data/MELD/train/dia531_utt12.wav,neutral,meld,train,train
Raw_Data/MELD/train/dia707_utt0.wav,angry,meld,train,train
Raw_Data/MELD/train/dia530_utt21.wav,neutral,meld,train,train
Raw_Data/MELD/train/dia968_utt3.wav,surprise,meld,train,train
Raw_Data/MELD/train/dia138_utt12.wav,neutral,meld,train,train
Raw_Data/MELD/train/dia302_utt2.wav,fear,meld,train,train
Raw_Data/MELD/test/dia126_utt12.wav,angry,meld,test,train
Raw_Data/MELD/dev/dia57_utt8.wav,neutral,meld,dev,train
Raw_Data/MELD/train/dia979_utt4.wav,happy,meld,train,train
Raw_Data/MELD/dev/dia36_utt3.wav,neutral,meld,dev,train
Raw_Data/MELD/test/dia96_utt6.wav,angry,meld,test,train
Raw_Data/MELD/train/dia521_utt0.wav,neutral,meld,train,train
Raw_Data/MELD/test/dia58_utt15.wav,neutral,meld,test,train
Raw_Data/MELD/train/dia853_utt10.wav,surprise,meld,train,train
Raw_Data/MELD/test/dia119_utt2.wav,neutral,meld,test,train
Raw_Data/MELD/test/dia4_utt2.wav,surprise,meld,test,train
Raw_Data/MELD/train/dia933_utt5.wav,neutral,meld,train,train
Raw_Data/MELD/train/dia363_utt0.wav,neutral,meld,train,train
Raw_Data/MELD/train/dia578_utt1.wav,surprise,meld,train,train
Raw_Data/MELD/train/dia933_utt18.wav,neutral,meld,train,train
Raw_Data/MELD/train/dia913_utt14.wav,neutral,meld,train,train
Raw_Data/MELD/train/dia26_utt5.wav,happy,meld,train,train
Raw_Data/MELD/train/dia545_utt5.wav,happy,meld,train,train
Raw_Data/MELD/train/dia1036_utt15.wav,angry,meld,train,train
Raw_Data/MELD/train/dia371_utt11.wav,sad,meld,train,train
Raw_Data/MELD/test/dia193_utt4.wav,neutral,meld,test,train
Raw_Data/MELD/train/dia673_utt0.wav,neutral,meld,train,train
Raw_Data/MELD/train/dia254_utt8.wav,happy,meld,train,train
Raw_Data/MELD/train/dia852_utt3.wav,neutral,meld,train,train
Raw_Data/MELD/dev/dia62_utt1.wav,happy,meld,dev,train
Raw_Data/MELD/train/dia953_utt14.wav,surprise,meld,train,train
Raw_Data/MELD/test/dia201_utt7.wav,neutral,meld,test,train
Raw_Data/MELD/train/dia170_utt11.wav,neutral,meld,train,train
Raw_Data/MELD/train/dia736_utt12.wav,neutral,meld,train,train
Raw_Data/MELD/train/dia26_utt2.wav,surprise,meld,train,train
Raw_Data/MELD/train/dia596_utt18.wav,neutral,meld,train,train
Raw_Data/MELD/train/dia623_utt9.wav,happy,meld,train,train
Raw_Data/MELD/train/dia314_utt9.wav,happy,meld,train,train
Raw_Data/MELD/test/dia233_utt7.wav,happy,meld,test,train
Raw_Data/MELD/train/dia849_utt1.wav,happy,meld,train,train
Raw_Data/MELD/train/dia67_utt8.wav,happy,meld,train,train
Raw_Data/MELD/dev/dia83_utt5.wav,neutral,meld,dev,train
Raw_Data/MELD/dev/dia29_utt6.wav,neutral,meld,dev,train
Raw_Data/MELD/train/dia891_utt6.wav,happy,meld,train,train
Raw_Data/MELD/train/dia909_utt7.wav,neutral,meld,train,train
Raw_Data/MELD/test/dia143_utt0.wav,neutral,meld,test,train
Raw_Data/MELD/train/dia834_utt10.wav,neutral,meld,train,train
Raw_Data/MELD/train/dia568_utt10.wav,angry,meld,train,train
Raw_Data/MELD/train/dia193_utt2.wav,happy,meld,train,train
Raw_Data/MELD/train/dia810_utt9.wav,happy,meld,train,train
Raw_Data/MELD/test/dia28_utt5.wav,neutral,meld,test,train
Raw_Data/MELD/train/dia680_utt0.wav,happy,meld,train,train
Raw_Data/MELD/test/dia195_utt1.wav,neutral,meld,test,train
Raw_Data/MELD/train/dia989_utt0.wav,surprise,meld,train,train
Raw_Data/MELD/train/dia817_utt3.wav,surprise,meld,train,train
Raw_Data/MELD/test/dia203_utt11.wav,neutral,meld,test,train
Raw_Data/MELD/train/dia409_utt9.wav,neutral,meld,train,train
Raw_Data/MELD/train/dia384_utt1.wav,surprise,meld,train,train
Raw_Data/MELD/train/dia383_utt1.wav,disgust,meld,train,train
Raw_Data/MELD/train/dia795_utt3.wav,neutral,meld,train,train
Raw_Data/MELD/train/dia86_utt10.wav,happy,meld,train,train
Raw_Data/MELD/train/dia372_utt11.wav,neutral,meld,train,train
Raw_Data/MELD/test/dia112_utt18.wav,neutral,meld,test,train
Raw_Data/MELD/train/dia93_utt1.wav,neutral,meld,train,train
Raw_Data/MELD/test/dia23_utt0.wav,happy,meld,test,train
Raw_Data/MELD/train/dia617_utt0.wav,neutral,meld,train,train
Raw_Data/MELD/train/dia15_utt15.wav,happy,meld,train,train
Raw_Data/MELD/train/dia585_utt12.wav,sad,meld,train,train
Raw_Data/MELD/test/dia64_utt7.wav,neutral,meld,test,train
Raw_Data/MELD/train/dia907_utt4.wav,angry,meld,train,train
Raw_Data/MELD/train/dia250_utt1.wav,happy,meld,train,train
Raw_Data/MELD/train/dia143_utt1.wav,neutral,meld,train,train
Raw_Data/MELD/test/dia9_utt2.wav,sad,meld,test,train
Raw_Data/MELD/train/dia318_utt3.wav,neutral,meld,train,train
Raw_Data/MELD/test/dia254_utt10.wav,neutral,meld,test,train
Raw_Data/MELD/test/dia96_utt2.wav,happy,meld,test,train
Raw_Data/MELD/train/dia789_utt0.wav,happy,meld,train,train
Raw_Data/MELD/train/dia573_utt7.wav,happy,meld,train,train
Raw_Data/MELD/train/dia772_utt15.wav,neutral,meld,train,train
Raw_Data/MELD/test/dia239_utt8.wav,neutral,meld,test,train
Raw_Data/MELD/train/dia163_utt7.wav,surprise,meld,train,train
Raw_Data/MELD/train/dia506_utt1.wav,fear,meld,train,train
Raw_Data/MELD/train/dia135_utt5.wav,neutral,meld,train,train
Raw_Data/MELD/train/dia861_utt11.wav,surprise,meld,train,train
Raw_Data/MELD/train/dia763_utt5.wav,sad,meld,train,train
Raw_Data/MELD/test/dia244_utt5.wav,neutral,meld,test,train
Raw_Data/MELD/train/dia116_utt1.wav,neutral,meld,train,train
Raw_Data/MELD/train/dia316_utt0.wav,neutral,meld,train,train
Raw_Data/MELD/train/dia740_utt13.wav,happy,meld,train,train
Raw_Data/MELD/train/dia568_utt0.wav,disgust,meld,train,train
Raw_Data/MELD/train/dia946_utt7.wav,angry,meld,train,train
Raw_Data/MELD/dev/dia18_utt8.wav,fear,meld,dev,train
Raw_Data/MELD/train/dia498_utt0.wav,neutral,meld,train,train
Raw_Data/MELD/train/dia604_utt13.wav,neutral,meld,train,train
Raw_Data/MELD/train/dia860_utt10.wav,neutral,meld,train,train
Raw_Data/MELD/train/dia285_utt14.wav,neutral,meld,train,train
Raw_Data/MELD/train/dia884_utt4.wav,neutral,meld,train,train
Raw_Data/MELD/train/dia650_utt5.wav,disgust,meld,train,train
Raw_Data/MELD/train/dia673_utt5.wav,neutral,meld,train,train
Raw_Data/MELD/train/dia129_utt6.wav,surprise,meld,train,train
Raw_Data/MELD/test/dia233_utt9.wav,happy,meld,test,train
Raw_Data/MELD/test/dia204_utt3.wav,angry,meld,test,train
Raw_Data/MELD/train/dia434_utt12.wav,neutral,meld,train,train
Raw_Data/MELD/train/dia130_utt11.wav,surprise,meld,train,train
Raw_Data/MELD/train/dia660_utt9.wav,happy,meld,train,train
Raw_Data/MELD/train/dia645_utt1.wav,happy,meld,train,train
Raw_Data/MELD/train/dia946_utt3.wav,surprise,meld,train,train
Raw_Data/MELD/test/dia169_utt20.wav,neutral,meld,test,train
Raw_Data/MELD/train/dia640_utt0.wav,happy,meld,train,train
Raw_Data/MELD/train/dia595_utt0.wav,angry,meld,train,train
Raw_Data/MELD/train/dia723_utt7.wav,fear,meld,train,train
Raw_Data/MELD/train/dia1002_utt4.wav,happy,meld,train,train
Raw_Data/MELD/train/dia948_utt3.wav,happy,meld,train,train
Raw_Data/MELD/train/dia666_utt6.wav,neutral,meld,train,train
Raw_Data/MELD/test/dia174_utt1.wav,neutral,meld,test,train
Raw_Data/MELD/train/dia1024_utt15.wav,sad,meld,train,train
Raw_Data/MELD/train/dia712_utt5.wav,happy,meld,train,train
Raw_Data/MELD/dev/dia88_utt3.wav,sad,meld,dev,train
Raw_Data/MELD/train/dia234_utt5.wav,neutral,meld,train,train
Raw_Data/MELD/train/dia362_utt4.wav,neutral,meld,train,train
Raw_Data/MELD/test/dia203_utt2.wav,surprise,meld,test,train
Raw_Data/MELD/train/dia183_utt7.wav,neutral,meld,train,train
Raw_Data/MELD/train/dia810_utt14.wav,neutral,meld,train,train
Raw_Data/MELD/train/dia216_utt1.wav,neutral,meld,train,train
Raw_Data/MELD/train/dia813_utt9.wav,neutral,meld,train,train
Raw_Data/MELD/train/dia705_utt8.wav,neutral,meld,train,train
Raw_Data/MELD/train/dia983_utt2.wav,angry,meld,train,train
Raw_Data/MELD/train/dia760_utt2.wav,fear,meld,train,train
Raw_Data/MELD/train/dia594_utt0.wav,sad,meld,train,train
Raw_Data/MELD/train/dia745_utt3.wav,surprise,meld,train,train
Raw_Data/MELD/test/dia58_utt12.wav,happy,meld,test,train
Raw_Data/MELD/train/dia534_utt2.wav,happy,meld,train,train
Raw_Data/MELD/train/dia1015_utt1.wav,neutral,meld,train,train
Raw_Data/MELD/train/dia414_utt7.wav,happy,meld,train,train
Raw_Data/MELD/train/dia338_utt16.wav,neutral,meld,train,train
Raw_Data/MELD/train/dia551_utt4.wav,neutral,meld,train,train
Raw_Data/MELD/train/dia688_utt0.wav,neutral,meld,train,train
Raw_Data/MELD/train/dia477_utt16.wav,neutral,meld,train,train
Raw_Data/MELD/test/dia230_utt5.wav,neutral,meld,test,train
Raw_Data/MELD/train/dia605_utt2.wav,neutral,meld,train,train
Raw_Data/MELD/train/dia356_utt5.wav,neutral,meld,train,train
Raw_Data/MELD/train/dia168_utt8.wav,neutral,meld,train,train
Raw_Data/MELD/train/dia151_utt8.wav,angry,meld,train,train
Raw_Data/MELD/train/dia286_utt3.wav,neutral,meld,train,train
Raw_Data/MELD/test/dia130_utt8.wav,surprise,meld,test,train
Raw_Data/MELD/train/dia486_utt0.wav,neutral,meld,train,train
Raw_Data/MELD/train/dia838_utt0.wav,surprise,meld,train,train
Raw_Data/MELD/train/dia319_utt9.wav,neutral,meld,train,train
Raw_Data/MELD/train/dia965_utt3.wav,happy,meld,train,train
Raw_Data/MELD/train/dia821_utt4.wav,neutral,meld,train,train
Raw_Data/MELD/train/dia526_utt3.wav,neutral,meld,train,train
Raw_Data/MELD/train/dia949_utt11.wav,neutral,meld,train,train
Raw_Data/MELD/train/dia582_utt0.wav,neutral,meld,train,train
Raw_Data/MELD/train/dia705_utt0.wav,neutral,meld,train,train
Raw_Data/MELD/train/dia43_utt0.wav,neutral,meld,train,train
Raw_Data/MELD/train/dia1031_utt0.wav,neutral,meld,train,train
Raw_Data/MELD/train/dia523_utt21.wav,angry,meld,train,train
Raw_Data/MELD/test/dia86_utt5.wav,disgust,meld,test,train
Raw_Data/MELD/train/dia1025_utt11.wav,fear,meld,train,train
Raw_Data/MELD/dev/dia60_utt6.wav,happy,meld,dev,train
Raw_Data/MELD/dev/dia53_utt5.wav,neutral,meld,dev,train
Raw_Data/MELD/train/dia0_utt11.wav,neutral,meld,train,train
Raw_Data/MELD/train/dia312_utt11.wav,neutral,meld,train,train
Raw_Data/MELD/train/dia594_utt7.wav,sad,meld,train,train
Raw_Data/MELD/train/dia305_utt3.wav,neutral,meld,train,train
Raw_Data/MELD/train/dia823_utt5.wav,disgust,meld,train,train
Raw_Data/MELD/train/dia240_utt5.wav,neutral,meld,train,train
Raw_Data/MELD/train/dia680_utt5.wav,sad,meld,train,train
Raw_Data/MELD/train/dia635_utt6.wav,neutral,meld,train,train
Raw_Data/MELD/test/dia169_utt0.wav,surprise,meld,test,train
Raw_Data/MELD/train/dia655_utt5.wav,neutral,meld,train,train
Raw_Data/MELD/dev/dia56_utt1.wav,sad,meld,dev,train
Raw_Data/MELD/test/dia17_utt13.wav,angry,meld,test,train
Raw_Data/MELD/test/dia215_utt1.wav,neutral,meld,test,train
Raw_Data/MELD/train/dia438_utt4.wav,neutral,meld,train,train
Raw_Data/MELD/test/dia233_utt12.wav,neutral,meld,test,train
Raw_Data/MELD/train/dia872_utt1.wav,surprise,meld,train,train
Raw_Data/MELD/test/dia49_utt12.wav,surprise,meld,test,train
Raw_Data/MELD/train/dia759_utt8.wav,angry,meld,train,train
Raw_Data/MELD/test/dia226_utt1.wav,happy,meld,test,train
Raw_Data/MELD/train/dia153_utt8.wav,disgust,meld,train,train
Raw_Data/MELD/train/dia996_utt10.wav,angry,meld,train,train
Raw_Data/MELD/train/dia420_utt1.wav,happy,meld,train,train
Raw_Data/MELD/train/dia1037_utt2.wav,neutral,meld,train,train
Raw_Data/MELD/train/dia639_utt1.wav,happy,meld,train,train
Raw_Data/MELD/train/dia273_utt3.wav,sad,meld,train,train
Raw_Data/MELD/dev/dia10_utt5.wav,angry,meld,dev,train
Raw_Data/MELD/train/dia593_utt1.wav,neutral,meld,train,train
Raw_Data/MELD/train/dia560_utt2.wav,happy,meld,train,train
Raw_Data/MELD/train/dia47_utt8.wav,neutral,meld,train,train
Raw_Data/MELD/dev/dia23_utt11.wav,sad,meld,dev,train
Raw_Data/MELD/train/dia976_utt11.wav,neutral,meld,train,train
Raw_Data/MELD/train/dia978_utt9.wav,neutral,meld,train,train
Raw_Data/MELD/train/dia293_utt1.wav,surprise,meld,train,train
Raw_Data/MELD/test/dia169_utt21.wav,surprise,meld,test,train
Raw_Data/MELD/train/dia775_utt2.wav,surprise,meld,train,train
Raw_Data/MELD/train/dia659_utt12.wav,neutral,meld,train,train
Raw_Data/MELD/train/dia238_utt4.wav,neutral,meld,train,train
Raw_Data/MELD/train/dia76_utt0.wav,neutral,meld,train,train
Raw_Data/MELD/train/dia448_utt1.wav,angry,meld,train,train
Raw_Data/MELD/train/dia532_utt9.wav,sad,meld,train,train
Raw_Data/MELD/train/dia6_utt11.wav,angry,meld,train,train
Raw_Data/MELD/train/dia255_utt11.wav,angry,meld,train,train
Raw_Data/MELD/train/dia114_utt2.wav,neutral,meld,train,train
Raw_Data/MELD/dev/dia77_utt3.wav,happy,meld,dev,train
Raw_Data/MELD/train/dia774_utt8.wav,neutral,meld,train,train
Raw_Data/MELD/test/dia101_utt1.wav,neutral,meld,test,train
Raw_Data/MELD/train/dia371_utt2.wav,neutral,meld,train,train
Raw_Data/MELD/train/dia664_utt7.wav,neutral,meld,train,train
Raw_Data/MELD/train/dia180_utt12.wav,neutral,meld,train,train
Raw_Data/MELD/train/dia859_utt1.wav,neutral,meld,train,train
Raw_Data/MELD/dev/dia30_utt17.wav,angry,meld,dev,train
Raw_Data/MELD/train/dia6_utt9.wav,angry,meld,train,train
Raw_Data/MELD/train/dia910_utt4.wav,neutral,meld,train,train
Raw_Data/MELD/train/dia289_utt1.wav,fear,meld,train,train
Raw_Data/MELD/train/dia354_utt1.wav,neutral,meld,train,train
Raw_Data/MELD/train/dia1015_utt2.wav,happy,meld,train,train
Raw_Data/MELD/train/dia886_utt11.wav,happy,meld,train,train
Raw_Data/MELD/train/dia1029_utt13.wav,neutral,meld,train,train
Raw_Data/MELD/train/dia392_utt7.wav,neutral,meld,train,train
Raw_Data/MELD/train/dia947_utt9.wav,neutral,meld,train,train
Raw_Data/MELD/train/dia61_utt8.wav,happy,meld,train,train
Raw_Data/MELD/train/dia218_utt4.wav,sad,meld,train,train
Raw_Data/MELD/train/dia354_utt8.wav,happy,meld,train,train
Raw_Data/MELD/dev/dia8_utt8.wav,neutral,meld,dev,train
Raw_Data/MELD/train/dia185_utt2.wav,surprise,meld,train,train
Raw_Data/MELD/train/dia755_utt7.wav,happy,meld,train,train
Raw_Data/MELD/train/dia499_utt18.wav,surprise,meld,train,train
Raw_Data/MELD/train/dia255_utt7.wav,happy,meld,train,train
Raw_Data/MELD/train/dia541_utt4.wav,sad,meld,train,train
Raw_Data/MELD/train/dia498_utt4.wav,surprise,meld,train,train
Raw_Data/MELD/train/dia54_utt15.wav,sad,meld,train,train
Raw_Data/MELD/train/dia182_utt0.wav,neutral,meld,train,train
Raw_Data/MELD/train/dia232_utt6.wav,neutral,meld,train,train
Raw_Data/MELD/train/dia508_utt4.wav,neutral,meld,train,train
Raw_Data/MELD/test/dia246_utt0.wav,neutral,meld,test,train
Raw_Data/MELD/train/dia297_utt0.wav,neutral,meld,train,train
Raw_Data/MELD/train/dia967_utt8.wav,surprise,meld,train,train
Raw_Data/MELD/test/dia174_utt0.wav,neutral,meld,test,train
Raw_Data/MELD/test/dia272_utt1.wav,neutral,meld,test,train
Raw_Data/MELD/test/dia12_utt18.wav,neutral,meld,test,train
Raw_Data/MELD/test/dia39_utt1.wav,neutral,meld,test,train
Raw_Data/MELD/train/dia976_utt1.wav,neutral,meld,train,train
Raw_Data/MELD/test/dia171_utt2.wav,neutral,meld,test,train
Raw_Data/MELD/train/dia288_utt15.wav,happy,meld,train,train
Raw_Data/MELD/train/dia223_utt5.wav,sad,meld,train,train
Raw_Data/MELD/train/dia434_utt3.wav,neutral,meld,train,train
Raw_Data/MELD/dev/dia76_utt11.wav,angry,meld,dev,train
Raw_Data/MELD/train/dia700_utt2.wav,neutral,meld,train,train
Raw_Data/MELD/dev/dia108_utt1.wav,fear,meld,dev,train
Raw_Data/MELD/test/dia242_utt4.wav,happy,meld,test,train
Raw_Data/MELD/train/dia479_utt5.wav,surprise,meld,train,train
Raw_Data/MELD/test/dia71_utt13.wav,fear,meld,test,train
Raw_Data/MELD/train/dia936_utt20.wav,angry,meld,train,train
Raw_Data/MELD/train/dia442_utt0.wav,happy,meld,train,train
Raw_Data/MELD/train/dia287_utt11.wav,neutral,meld,train,train
Raw_Data/MELD/train/dia956_utt14.wav,neutral,meld,train,train
Raw_Data/MELD/train/dia126_utt4.wav,happy,meld,train,train
Raw_Data/MELD/train/dia828_utt7.wav,neutral,meld,train,train
Raw_Data/MELD/train/dia561_utt3.wav,surprise,meld,train,train
Raw_Data/MELD/train/dia511_utt5.wav,neutral,meld,train,train
Raw_Data/MELD/train/dia438_utt7.wav,neutral,meld,train,train
Raw_Data/MELD/train/dia163_utt8.wav,angry,meld,train,train
Raw_Data/MELD/train/dia202_utt3.wav,neutral,meld,train,train
Raw_Data/MELD/train/dia983_utt6.wav,sad,meld,train,train
Raw_Data/MELD/test/dia133_utt3.wav,happy,meld,test,train
Raw_Data/MELD/train/dia670_utt0.wav,happy,meld,train,train
Raw_Data/MELD/train/dia1020_utt3.wav,neutral,meld,train,train
Raw_Data/MELD/train/dia645_utt3.wav,neutral,meld,train,train
Raw_Data/MELD/train/dia770_utt16.wav,angry,meld,train,train
Raw_Data/MELD/dev/dia112_utt1.wav,sad,meld,dev,train
Raw_Data/MELD/train/dia289_utt2.wav,neutral,meld,train,train
Raw_Data/MELD/train/dia677_utt2.wav,happy,meld,train,train
Raw_Data/MELD/train/dia576_utt0.wav,fear,meld,train,train
Raw_Data/MELD/train/dia820_utt6.wav,neutral,meld,train,train
Raw_Data/MELD/train/dia481_utt8.wav,surprise,meld,train,train
Raw_Data/MELD/train/dia132_utt0.wav,surprise,meld,train,train
Raw_Data/MELD/test/dia12_utt14.wav,neutral,meld,test,train
Raw_Data/MELD/train/dia549_utt6.wav,surprise,meld,train,train
Raw_Data/MELD/train/dia475_utt13.wav,surprise,meld,train,train
Raw_Data/MELD/test/dia14_utt5.wav,neutral,meld,test,train
Raw_Data/MELD/train/dia874_utt2.wav,surprise,meld,train,train
Raw_Data/MELD/test/dia190_utt4.wav,neutral,meld,test,train
Raw_Data/MELD/test/dia29_utt4.wav,surprise,meld,test,train
Raw_Data/MELD/train/dia640_utt16.wav,neutral,meld,train,train
Raw_Data/MELD/train/dia844_utt14.wav,neutral,meld,train,train
Raw_Data/MELD/test/dia211_utt4.wav,angry,meld,test,train
Raw_Data/MELD/test/dia160_utt3.wav,angry,meld,test,train
Raw_Data/MELD/train/dia431_utt19.wav,disgust,meld,train,train
Raw_Data/MELD/train/dia506_utt5.wav,sad,meld,train,train
Raw_Data/MELD/train/dia335_utt1.wav,happy,meld,train,train
Raw_Data/MELD/train/dia984_utt2.wav,neutral,meld,train,train
Raw_Data/MELD/dev/dia67_utt3.wav,happy,meld,dev,train
Raw_Data/MELD/test/dia168_utt10.wav,neutral,meld,test,train
Raw_Data/MELD/dev/dia30_utt9.wav,happy,meld,dev,train
Raw_Data/MELD/train/dia865_utt0.wav,neutral,meld,train,train
Raw_Data/MELD/train/dia529_utt3.wav,angry,meld,train,train
Raw_Data/MELD/train/dia221_utt5.wav,fear,meld,train,train
Raw_Data/MELD/test/dia225_utt4.wav,neutral,meld,test,train
Raw_Data/MELD/test/dia100_utt18.wav,fear,meld,test,train
Raw_Data/MELD/train/dia653_utt1.wav,neutral,meld,train,train
Raw_Data/MELD/test/dia215_utt6.wav,sad,meld,test,train
Raw_Data/MELD/train/dia924_utt6.wav,sad,meld,train,train
Raw_Data/MELD/train/dia1029_utt11.wav,neutral,meld,train,train
Raw_Data/MELD/test/dia116_utt4.wav,angry,meld,test,train
Raw_Data/MELD/train/dia82_utt3.wav,disgust,meld,train,train
Raw_Data/MELD/train/dia275_utt9.wav,surprise,meld,train,train
Raw_Data/MELD/test/dia189_utt8.wav,angry,meld,test,train
Raw_Data/MELD/train/dia231_utt5.wav,neutral,meld,train,train
Raw_Data/MELD/train/dia50_utt10.wav,surprise,meld,train,train
Raw_Data/MELD/train/dia169_utt2.wav,neutral,meld,train,train
Raw_Data/MELD/test/dia204_utt7.wav,angry,meld,test,train
Raw_Data/MELD/train/dia564_utt6.wav,fear,meld,train,train
Raw_Data/MELD/train/dia956_utt4.wav,angry,meld,train,train
Raw_Data/MELD/dev/dia16_utt14.wav,sad,meld,dev,train
Raw_Data/MELD/train/dia338_utt12.wav,neutral,meld,train,train
Raw_Data/MELD/dev/dia18_utt9.wav,neutral,meld,dev,train
Raw_Data/MELD/train/dia545_utt0.wav,angry,meld,train,train
Raw_Data/MELD/train/dia952_utt5.wav,disgust,meld,train,train
Raw_Data/MELD/train/dia336_utt10.wav,disgust,meld,train,train
Raw_Data/MELD/train/dia678_utt13.wav,neutral,meld,train,train
Raw_Data/MELD/train/dia577_utt3.wav,neutral,meld,train,train
Raw_Data/MELD/train/dia789_utt1.wav,happy,meld,train,train
Raw_Data/MELD/test/dia16_utt9.wav,angry,meld,test,train
Raw_Data/MELD/train/dia478_utt1.wav,surprise,meld,train,train
Raw_Data/MELD/train/dia32_utt18.wav,neutral,meld,train,train
Raw_Data/MELD/train/dia720_utt13.wav,neutral,meld,train,train
Raw_Data/MELD/train/dia767_utt4.wav,neutral,meld,train,train
Raw_Data/MELD/test/dia43_utt1.wav,neutral,meld,test,train
Raw_Data/MELD/train/dia252_utt2.wav,neutral,meld,train,train
Raw_Data/MELD/train/dia928_utt4.wav,angry,meld,train,train
Raw_Data/MELD/test/dia203_utt10.wav,happy,meld,test,train
Raw_Data/MELD/train/dia434_utt6.wav,happy,meld,train,train
Raw_Data/MELD/train/dia436_utt1.wav,disgust,meld,train,train
Raw_Data/MELD/train/dia171_utt7.wav,surprise,meld,train,train
Raw_Data/MELD/test/dia54_utt8.wav,neutral,meld,test,train
Raw_Data/MELD/train/dia812_utt3.wav,neutral,meld,train,train
Raw_Data/MELD/train/dia820_utt21.wav,happy,meld,train,train
Raw_Data/MELD/train/dia770_utt1.wav,angry,meld,train,train
Raw_Data/MELD/train/dia234_utt6.wav,angry,meld,train,train
Raw_Data/MELD/test/dia68_utt14.wav,neutral,meld,test,train
Raw_Data/MELD/train/dia1005_utt8.wav,neutral,meld,train,train
Raw_Data/MELD/train/dia737_utt6.wav,neutral,meld,train,train
Raw_Data/MELD/train/dia573_utt5.wav,happy,meld,train,train
Raw_Data/MELD/test/dia88_utt3.wav,angry,meld,test,train
Raw_Data/MELD/train/dia521_utt1.wav,neutral,meld,train,train
Raw_Data/MELD/train/dia9_utt7.wav,neutral,meld,train,train
Raw_Data/MELD/train/dia747_utt5.wav,neutral,meld,train,train
Raw_Data/MELD/test/dia215_utt4.wav,happy,meld,test,train
Raw_Data/MELD/train/dia89_utt9.wav,angry,meld,train,train
Raw_Data/MELD/test/dia45_utt8.wav,neutral,meld,test,train
Raw_Data/MELD/test/dia25_utt5.wav,surprise,meld,test,train
Raw_Data/MELD/train/dia1003_utt5.wav,neutral,meld,train,train
Raw_Data/MELD/test/dia112_utt8.wav,neutral,meld,test,train
Raw_Data/MELD/dev/dia11_utt7.wav,fear,meld,dev,train
Raw_Data/MELD/train/dia430_utt1.wav,neutral,meld,train,train
Raw_Data/MELD/train/dia157_utt1.wav,happy,meld,train,train
Raw_Data/MELD/train/dia167_utt1.wav,surprise,meld,train,train
Raw_Data/MELD/train/dia506_utt8.wav,sad,meld,train,train
Raw_Data/MELD/train/dia758_utt0.wav,angry,meld,train,train
Raw_Data/MELD/test/dia66_utt4.wav,happy,meld,test,train
Raw_Data/MELD/train/dia107_utt5.wav,happy,meld,train,train
Raw_Data/MELD/train/dia1016_utt2.wav,angry,meld,train,train
Raw_Data/MELD/train/dia442_utt5.wav,surprise,meld,train,train
Raw_Data/MELD/dev/dia14_utt7.wav,sad,meld,dev,train
Raw_Data/MELD/dev/dia68_utt6.wav,surprise,meld,dev,train
Raw_Data/MELD/train/dia603_utt13.wav,neutral,meld,train,train
Raw_Data/MELD/train/dia616_utt2.wav,sad,meld,train,train
Raw_Data/MELD/train/dia221_utt2.wav,surprise,meld,train,train
Raw_Data/MELD/train/dia1032_utt0.wav,neutral,meld,train,train
Raw_Data/MELD/train/dia976_utt0.wav,happy,meld,train,train
Raw_Data/MELD/test/dia242_utt1.wav,angry,meld,test,train
Raw_Data/MELD/test/dia29_utt7.wav,happy,meld,test,train
Raw_Data/MELD/train/dia145_utt10.wav,disgust,meld,train,train
Raw_Data/MELD/test/dia17_utt10.wav,angry,meld,test,train
Raw_Data/MELD/train/dia434_utt2.wav,sad,meld,train,train
Raw_Data/MELD/train/dia40_utt13.wav,sad,meld,train,train
Raw_Data/MELD/train/dia975_utt3.wav,happy,meld,train,train
Raw_Data/MELD/dev/dia6_utt2.wav,neutral,meld,dev,train
Raw_Data/MELD/train/dia1030_utt2.wav,surprise,meld,train,train
Raw_Data/MELD/train/dia807_utt0.wav,neutral,meld,train,train
Raw_Data/MELD/train/dia830_utt5.wav,happy,meld,train,train
Raw_Data/MELD/train/dia754_utt2.wav,neutral,meld,train,train
Raw_Data/MELD/train/dia638_utt0.wav,neutral,meld,train,train
Raw_Data/MELD/train/dia842_utt6.wav,sad,meld,train,train
Raw_Data/MELD/train/dia489_utt2.wav,neutral,meld,train,train
Raw_Data/MELD/train/dia404_utt2.wav,neutral,meld,train,train
Raw_Data/MELD/test/dia57_utt0.wav,neutral,meld,test,train
Raw_Data/MELD/train/dia118_utt3.wav,happy,meld,train,train
Raw_Data/MELD/train/dia932_utt5.wav,fear,meld,train,train
Raw_Data/MELD/train/dia919_utt0.wav,surprise,meld,train,train
Raw_Data/MELD/train/dia480_utt4.wav,surprise,meld,train,train
Raw_Data/MELD/train/dia611_utt2.wav,neutral,meld,train,train
Raw_Data/MELD/test/dia175_utt18.wav,disgust,meld,test,train
Raw_Data/MELD/train/dia324_utt2.wav,neutral,meld,train,train
Raw_Data/MELD/train/dia54_utt18.wav,happy,meld,train,train
Raw_Data/MELD/train/dia901_utt6.wav,neutral,meld,train,train
Raw_Data/MELD/test/dia28_utt0.wav,neutral,meld,test,train
Raw_Data/MELD/train/dia593_utt8.wav,sad,meld,train,train
Raw_Data/MELD/train/dia754_utt0.wav,sad,meld,train,train
Raw_Data/MELD/train/dia306_utt5.wav,happy,meld,train,train
Raw_Data/MELD/train/dia441_utt8.wav,neutral,meld,train,train
Raw_Data/MELD/train/dia129_utt9.wav,neutral,meld,train,train
Raw_Data/MELD/train/dia968_utt4.wav,surprise,meld,train,train
Raw_Data/MELD/test/dia239_utt7.wav,neutral,meld,test,train
Raw_Data/MELD/train/dia950_utt2.wav,angry,meld,train,train
Raw_Data/MELD/train/dia596_utt12.wav,neutral,meld,train,train
Raw_Data/MELD/test/dia157_utt6.wav,neutral,meld,test,train
Raw_Data/MELD/train/dia401_utt7.wav,happy,meld,train,train
Raw_Data/MELD/train/dia233_utt0.wav,happy,meld,train,train
Raw_Data/MELD/dev/dia76_utt7.wav,happy,meld,dev,train
Raw_Data/MELD/train/dia145_utt15.wav,disgust,meld,train,train
Raw_Data/MELD/dev/dia19_utt17.wav,neutral,meld,dev,train
Raw_Data/MELD/test/dia173_utt9.wav,neutral,meld,test,train
Raw_Data/MELD/test/dia47_utt9.wav,neutral,meld,test,train
Raw_Data/MELD/dev/dia103_utt3.wav,neutral,meld,dev,train
Raw_Data/MELD/train/dia388_utt15.wav,neutral,meld,train,train
Raw_Data/MELD/test/dia249_utt2.wav,neutral,meld,test,train
Raw_Data/MELD/train/dia524_utt9.wav,surprise,meld,train,train
Raw_Data/MELD/train/dia874_utt12.wav,sad,meld,train,train
Raw_Data/MELD/test/dia240_utt11.wav,neutral,meld,test,train
Raw_Data/MELD/test/dia126_utt8.wav,surprise,meld,test,train
Raw_Data/MELD/train/dia888_utt11.wav,neutral,meld,train,train
Raw_Data/MELD/train/dia358_utt15.wav,neutral,meld,train,train
Raw_Data/MELD/train/dia561_utt4.wav,surprise,meld,train,train
Raw_Data/MELD/train/dia604_utt1.wav,happy,meld,train,train
Raw_Data/MELD/train/dia735_utt19.wav,neutral,meld,train,train
Raw_Data/MELD/test/dia254_utt4.wav,neutral,meld,test,train
Raw_Data/MELD/dev/dia16_utt4.wav,angry,meld,dev,train
Raw_Data/MELD/test/dia132_utt7.wav,neutral,meld,test,train
Raw_Data/MELD/train/dia599_utt3.wav,neutral,meld,train,train
Raw_Data/MELD/train/dia99_utt1.wav,happy,meld,train,train
Raw_Data/MELD/train/dia503_utt9.wav,angry,meld,train,train
Raw_Data/MELD/train/dia796_utt9.wav,neutral,meld,train,train
Raw_Data/MELD/test/dia174_utt14.wav,neutral,meld,test,train
Raw_Data/MELD/test/dia112_utt1.wav,neutral,meld,test,train
Raw_Data/MELD/train/dia744_utt5.wav,neutral,meld,train,train
Raw_Data/MELD/train/dia733_utt8.wav,happy,meld,train,train
Raw_Data/MELD/train/dia740_utt0.wav,sad,meld,train,train
Raw_Data/MELD/train/dia190_utt4.wav,happy,meld,train,train
Raw_Data/MELD/train/dia988_utt4.wav,sad,meld,train,train
Raw_Data/MELD/train/dia764_utt0.wav,happy,meld,train,train
Raw_Data/MELD/train/dia826_utt4.wav,sad,meld,train,train
Raw_Data/MELD/train/dia827_utt6.wav,neutral,meld,train,train
Raw_Data/MELD/train/dia811_utt8.wav,happy,meld,train,train
Raw_Data/MELD/train/dia43_utt4.wav,neutral,meld,train,train
Raw_Data/MELD/test/dia211_utt0.wav,angry,meld,test,train
Raw_Data/MELD/train/dia955_utt4.wav,neutral,meld,train,train
Raw_Data/MELD/train/dia466_utt0.wav,surprise,meld,train,train
Raw_Data/MELD/train/dia409_utt3.wav,happy,meld,train,train
Raw_Data/MELD/train/dia3_utt6.wav,surprise,meld,train,train
Raw_Data/MELD/train/dia630_utt12.wav,neutral,meld,train,train
Raw_Data/MELD/train/dia833_utt1.wav,neutral,meld,train,train
Raw_Data/MELD/train/dia717_utt10.wav,neutral,meld,train,train
Raw_Data/MELD/test/dia90_utt5.wav,sad,meld,test,train
Raw_Data/MELD/train/dia49_utt7.wav,neutral,meld,train,train
Raw_Data/MELD/train/dia759_utt15.wav,happy,meld,train,train
Raw_Data/MELD/train/dia879_utt0.wav,neutral,meld,train,train
Raw_Data/MELD/train/dia491_utt1.wav,sad,meld,train,train
Raw_Data/MELD/train/dia637_utt7.wav,neutral,meld,train,train
Raw_Data/MELD/train/dia613_utt3.wav,neutral,meld,train,train
Raw_Data/MELD/train/dia73_utt2.wav,happy,meld,train,train
Raw_Data/MELD/train/dia374_utt0.wav,happy,meld,train,train
Raw_Data/MELD/train/dia448_utt5.wav,angry,meld,train,train
Raw_Data/MELD/train/dia652_utt11.wav,neutral,meld,train,train
Raw_Data/MELD/test/dia49_utt1.wav,happy,meld,test,train
Raw_Data/MELD/test/dia180_utt9.wav,disgust,meld,test,train
Raw_Data/MELD/train/dia891_utt1.wav,neutral,meld,train,train
Raw_Data/MELD/train/dia649_utt17.wav,neutral,meld,train,train
Raw_Data/MELD/train/dia149_utt3.wav,happy,meld,train,train
Raw_Data/MELD/train/dia696_utt0.wav,neutral,meld,train,train
Raw_Data/MELD/test/dia120_utt7.wav,neutral,meld,test,train
Raw_Data/MELD/train/dia954_utt0.wav,happy,meld,train,train
Raw_Data/MELD/test/dia223_utt3.wav,fear,meld,test,train
Raw_Data/MELD/train/dia155_utt0.wav,neutral,meld,train,train
Raw_Data/MELD/train/dia145_utt1.wav,neutral,meld,train,train
Raw_Data/MELD/train/dia1028_utt0.wav,neutral,meld,train,train
Raw_Data/MELD/train/dia400_utt7.wav,neutral,meld,train,train
Raw_Data/MELD/train/dia696_utt3.wav,surprise,meld,train,train
Raw_Data/MELD/train/dia514_utt1.wav,neutral,meld,train,train
Raw_Data/MELD/train/dia170_utt9.wav,neutral,meld,train,train
Raw_Data/MELD/train/dia644_utt3.wav,neutral,meld,train,train
Raw_Data/MELD/test/dia163_utt2.wav,sad,meld,test,train
Raw_Data/MELD/test/dia68_utt13.wav,happy,meld,test,train
Raw_Data/MELD/train/dia81_utt5.wav,neutral,meld,train,train
Raw_Data/MELD/train/dia201_utt5.wav,fear,meld,train,train
Raw_Data/MELD/test/dia118_utt4.wav,sad,meld,test,train
Raw_Data/MELD/train/dia86_utt7.wav,neutral,meld,train,train
Raw_Data/MELD/train/dia841_utt6.wav,sad,meld,train,train
Raw_Data/MELD/train/dia493_utt9.wav,happy,meld,train,train
Raw_Data/MELD/train/dia412_utt1.wav,neutral,meld,train,train
Raw_Data/MELD/train/dia526_utt6.wav,fear,meld,train,train
Raw_Data/MELD/test/dia166_utt7.wav,neutral,meld,test,train
Raw_Data/MELD/train/dia852_utt5.wav,neutral,meld,train,train
Raw_Data/MELD/train/dia809_utt15.wav,fear,meld,train,train
Raw_Data/MELD/train/dia791_utt12.wav,neutral,meld,train,train
Raw_Data/MELD/train/dia739_utt2.wav,neutral,meld,train,train
Raw_Data/MELD/train/dia356_utt1.wav,surprise,meld,train,train
Raw_Data/MELD/train/dia573_utt0.wav,neutral,meld,train,train
Raw_Data/MELD/train/dia82_utt0.wav,neutral,meld,train,train
Raw_Data/MELD/train/dia255_utt4.wav,disgust,meld,train,train
Raw_Data/MELD/train/dia59_utt6.wav,happy,meld,train,train
Raw_Data/MELD/train/dia524_utt2.wav,sad,meld,train,train
Raw_Data/MELD/train/dia534_utt1.wav,neutral,meld,train,train
Raw_Data/MELD/train/dia1005_utt14.wav,angry,meld,train,train
Raw_Data/MELD/train/dia0_utt10.wav,fear,meld,train,train
Raw_Data/MELD/dev/dia95_utt2.wav,angry,meld,dev,train
Raw_Data/MELD/test/dia92_utt5.wav,disgust,meld,test,train
Raw_Data/MELD/train/dia697_utt6.wav,surprise,meld,train,train
Raw_Data/MELD/train/dia4_utt10.wav,happy,meld,train,train
Raw_Data/MELD/train/dia655_utt8.wav,happy,meld,train,train
Raw_Data/MELD/test/dia153_utt3.wav,neutral,meld,test,train
Raw_Data/MELD/train/dia584_utt2.wav,happy,meld,train,train
Raw_Data/MELD/train/dia219_utt11.wav,sad,meld,train,train
Raw_Data/MELD/test/dia269_utt4.wav,neutral,meld,test,train
Raw_Data/MELD/train/dia858_utt2.wav,neutral,meld,train,train
Raw_Data/MELD/train/dia657_utt12.wav,happy,meld,train,train
Raw_Data/MELD/train/dia679_utt5.wav,surprise,meld,train,train
Raw_Data/MELD/train/dia170_utt2.wav,disgust,meld,train,train
Raw_Data/MELD/train/dia122_utt0.wav,surprise,meld,train,train
Raw_Data/MELD/train/dia245_utt9.wav,sad,meld,train,train
Raw_Data/MELD/test/dia264_utt3.wav,neutral,meld,test,train
Raw_Data/MELD/train/dia260_utt7.wav,sad,meld,train,train
Raw_Data/MELD/train/dia912_utt3.wav,angry,meld,train,train
Raw_Data/MELD/train/dia358_utt11.wav,surprise,meld,train,train
Raw_Data/MELD/train/dia698_utt4.wav,neutral,meld,train,train
Raw_Data/MELD/train/dia526_utt18.wav,neutral,meld,train,train
Raw_Data/MELD/train/dia301_utt8.wav,angry,meld,train,train
Raw_Data/MELD/test/dia155_utt1.wav,angry,meld,test,train
Raw_Data/MELD/train/dia46_utt2.wav,angry,meld,train,train
Raw_Data/MELD/train/dia1038_utt11.wav,disgust,meld,train,train
Raw_Data/MELD/test/dia33_utt2.wav,neutral,meld,test,train
Raw_Data/MELD/dev/dia92_utt8.wav,angry,meld,dev,train
Raw_Data/MELD/train/dia678_utt3.wav,neutral,meld,train,train
Raw_Data/MELD/train/dia89_utt16.wav,happy,meld,train,train
Raw_Data/MELD/train/dia248_utt5.wav,angry,meld,train,train
Raw_Data/MELD/train/dia450_utt6.wav,neutral,meld,train,train
Raw_Data/MELD/test/dia125_utt16.wav,neutral,meld,test,train
Raw_Data/MELD/train/dia1022_utt2.wav,neutral,meld,train,train
Raw_Data/MELD/train/dia463_utt5.wav,angry,meld,train,train
Raw_Data/MELD/train/dia637_utt8.wav,angry,meld,train,train
Raw_Data/MELD/test/dia263_utt6.wav,happy,meld,test,train
Raw_Data/MELD/train/dia6_utt8.wav,surprise,meld,train,train
Raw_Data/MELD/train/dia686_utt9.wav,happy,meld,train,train
Raw_Data/MELD/train/dia202_utt12.wav,neutral,meld,train,train
Raw_Data/MELD/train/dia826_utt3.wav,happy,meld,train,train
Raw_Data/MELD/train/dia941_utt3.wav,neutral,meld,train,train
Raw_Data/MELD/train/dia59_utt3.wav,happy,meld,train,train
Raw_Data/MELD/train/dia406_utt3.wav,happy,meld,train,train
Raw_Data/MELD/train/dia553_utt15.wav,neutral,meld,train,train
Raw_Data/MELD/train/dia482_utt13.wav,surprise,meld,train,train
Raw_Data/MELD/train/dia179_utt6.wav,neutral,meld,train,train
Raw_Data/MELD/train/dia959_utt5.wav,neutral,meld,train,train
Raw_Data/MELD/test/dia266_utt6.wav,neutral,meld,test,train
Raw_Data/MELD/test/dia156_utt5.wav,neutral,meld,test,train
Raw_Data/MELD/train/dia67_utt1.wav,neutral,meld,train,train
Raw_Data/MELD/train/dia481_utt2.wav,happy,meld,train,train
Raw_Data/MELD/test/dia246_utt7.wav,neutral,meld,test,train
Raw_Data/MELD/test/dia238_utt2.wav,neutral,meld,test,train
Raw_Data/MELD/test/dia211_utt3.wav,surprise,meld,test,train
Raw_Data/MELD/test/dia268_utt12.wav,neutral,meld,test,train
Raw_Data/MELD/train/dia787_utt1.wav,neutral,meld,train,train
Raw_Data/MELD/train/dia139_utt4.wav,surprise,meld,train,train
Raw_Data/MELD/test/dia55_utt1.wav,neutral,meld,test,train
Raw_Data/MELD/train/dia638_utt2.wav,surprise,meld,train,train
Raw_Data/MELD/train/dia260_utt1.wav,angry,meld,train,train
Raw_Data/MELD/test/dia228_utt9.wav,sad,meld,test,train
Raw_Data/MELD/train/dia388_utt9.wav,disgust,meld,train,train
Raw_Data/MELD/dev/dia31_utt4.wav,neutral,meld,dev,train
Raw_Data/MELD/train/dia572_utt15.wav,neutral,meld,train,train
Raw_Data/MELD/train/dia312_utt9.wav,angry,meld,train,train
Raw_Data/MELD/train/dia145_utt2.wav,angry,meld,train,train
Raw_Data/MELD/train/dia900_utt1.wav,neutral,meld,train,train
Raw_Data/MELD/train/dia1028_utt3.wav,neutral,meld,train,train
Raw_Data/MELD/train/dia189_utt1.wav,neutral,meld,train,train
Raw_Data/MELD/train/dia1013_utt1.wav,angry,meld,train,train
Raw_Data/MELD/train/dia1017_utt1.wav,sad,meld,train,train
Raw_Data/MELD/test/dia178_utt0.wav,neutral,meld,test,train
Raw_Data/MELD/train/dia553_utt9.wav,surprise,meld,train,train
Raw_Data/MELD/train/dia9_utt13.wav,angry,meld,train,train
Raw_Data/MELD/test/dia108_utt9.wav,happy,meld,test,train
Raw_Data/MELD/train/dia393_utt0.wav,neutral,meld,train,train
Raw_Data/MELD/train/dia911_utt0.wav,happy,meld,train,train
Raw_Data/MELD/test/dia199_utt5.wav,sad,meld,test,train
Raw_Data/MELD/train/dia832_utt9.wav,happy,meld,train,train
Raw_Data/MELD/train/dia524_utt8.wav,neutral,meld,train,train
Raw_Data/MELD/test/dia137_utt9.wav,surprise,meld,test,train
Raw_Data/MELD/train/dia423_utt5.wav,surprise,meld,train,train
Raw_Data/MELD/test/dia203_utt3.wav,surprise,meld,test,train
Raw_Data/MELD/train/dia119_utt5.wav,neutral,meld,train,train
Raw_Data/MELD/train/dia252_utt13.wav,neutral,meld,train,train
Raw_Data/MELD/train/dia822_utt6.wav,neutral,meld,train,train
Raw_Data/MELD/train/dia542_utt6.wav,surprise,meld,train,train
Raw_Data/MELD/train/dia1009_utt16.wav,happy,meld,train,train
Raw_Data/MELD/test/dia163_utt9.wav,surprise,meld,test,train
Raw_Data/MELD/train/dia461_utt3.wav,neutral,meld,train,train
Raw_Data/MELD/train/dia918_utt5.wav,angry,meld,train,train
Raw_Data/MELD/train/dia511_utt1.wav,neutral,meld,train,train
Raw_Data/MELD/train/dia123_utt2.wav,angry,meld,train,train
Raw_Data/MELD/train/dia953_utt7.wav,sad,meld,train,train
Raw_Data/MELD/train/dia450_utt5.wav,surprise,meld,train,train
Raw_Data/MELD/train/dia892_utt8.wav,neutral,meld,train,train
Raw_Data/MELD/train/dia332_utt5.wav,happy,meld,train,train
Raw_Data/MELD/train/dia953_utt12.wav,angry,meld,train,train
Raw_Data/MELD/dev/dia76_utt14.wav,disgust,meld,dev,train
Raw_Data/MELD/train/dia413_utt3.wav,neutral,meld,train,train
Raw_Data/MELD/train/dia649_utt18.wav,neutral,meld,train,train
Raw_Data/MELD/test/dia240_utt5.wav,neutral,meld,test,train
Raw_Data/MELD/train/dia449_utt11.wav,happy,meld,train,train
Raw_Data/MELD/test/dia22_utt9.wav,surprise,meld,test,train
Raw_Data/MELD/dev/dia41_utt0.wav,neutral,meld,dev,train
Raw_Data/MELD/train/dia395_utt3.wav,happy,meld,train,train
Raw_Data/MELD/train/dia942_utt0.wav,neutral,meld,train,train
Raw_Data/MELD/train/dia45_utt2.wav,neutral,meld,train,train
Raw_Data/MELD/train/dia633_utt0.wav,neutral,meld,train,train
Raw_Data/MELD/train/dia445_utt18.wav,angry,meld,train,train
Raw_Data/MELD/test/dia154_utt12.wav,happy,meld,test,train
Raw_Data/MELD/train/dia279_utt1.wav,sad,meld,train,train
Raw_Data/MELD/train/dia819_utt6.wav,neutral,meld,train,train
Raw_Data/MELD/train/dia698_utt2.wav,angry,meld,train,train
Raw_Data/MELD/train/dia615_utt11.wav,angry,meld,train,train
Raw_Data/MELD/train/dia923_utt13.wav,happy,meld,train,train
Raw_Data/MELD/train/dia261_utt1.wav,surprise,meld,train,train
Raw_Data/MELD/train/dia725_utt4.wav,neutral,meld,train,train
Raw_Data/MELD/test/dia22_utt3.wav,happy,meld,test,train
Raw_Data/MELD/test/dia70_utt8.wav,sad,meld,test,train
Raw_Data/MELD/train/dia524_utt5.wav,neutral,meld,train,train
Raw_Data/MELD/train/dia894_utt0.wav,happy,meld,train,train
Raw_Data/MELD/train/dia689_utt0.wav,neutral,meld,train,train
Raw_Data/MELD/train/dia113_utt4.wav,neutral,meld,train,train
Raw_Data/MELD/test/dia175_utt19.wav,neutral,meld,test,train
Raw_Data/MELD/train/dia953_utt16.wav,surprise,meld,train,train
Raw_Data/MELD/train/dia665_utt5.wav,neutral,meld,train,train
Raw_Data/MELD/train/dia883_utt4.wav,neutral,meld,train,train
Raw_Data/MELD/test/dia67_utt2.wav,neutral,meld,test,train
Raw_Data/MELD/train/dia797_utt7.wav,neutral,meld,train,train
Raw_Data/MELD/train/dia577_utt1.wav,neutral,meld,train,train
Raw_Data/MELD/train/dia349_utt3.wav,neutral,meld,train,train
Raw_Data/MELD/test/dia21_utt4.wav,sad,meld,test,train
Raw_Data/MELD/train/dia204_utt6.wav,neutral,meld,train,train
Raw_Data/MELD/train/dia788_utt1.wav,happy,meld,train,train
Raw_Data/MELD/train/dia489_utt1.wav,happy,meld,train,train
Raw_Data/MELD/train/dia1020_utt6.wav,neutral,meld,train,train
Raw_Data/MELD/train/dia504_utt11.wav,surprise,meld,train,train
Raw_Data/MELD/train/dia50_utt11.wav,neutral,meld,train,train
Raw_Data/MELD/train/dia637_utt0.wav,happy,meld,train,train
Raw_Data/MELD/dev/dia62_utt2.wav,surprise,meld,dev,train
Raw_Data/MELD/train/dia508_utt14.wav,surprise,meld,train,train
Raw_Data/MELD/train/dia561_utt8.wav,neutral,meld,train,train
Raw_Data/MELD/dev/dia79_utt4.wav,happy,meld,dev,train
Raw_Data/MELD/train/dia312_utt20.wav,neutral,meld,train,train
Raw_Data/MELD/train/dia888_utt8.wav,neutral,meld,train,train
Raw_Data/MELD/train/dia642_utt2.wav,neutral,meld,train,train
Raw_Data/MELD/test/dia204_utt0.wav,sad,meld,test,train
Raw_Data/MELD/train/dia905_utt3.wav,disgust,meld,train,train
Raw_Data/MELD/train/dia9_utt12.wav,disgust,meld,train,train
Raw_Data/MELD/train/dia512_utt6.wav,neutral,meld,train,train
Raw_Data/MELD/test/dia259_utt1.wav,neutral,meld,test,train
Raw_Data/MELD/train/dia770_utt13.wav,angry,meld,train,train
Raw_Data/MELD/train/dia30_utt7.wav,fear,meld,train,train
Raw_Data/MELD/train/dia809_utt13.wav,neutral,meld,train,train
Raw_Data/MELD/train/dia719_utt0.wav,happy,meld,train,train
Raw_Data/MELD/train/dia87_utt7.wav,happy,meld,train,train
Raw_Data/MELD/train/dia622_utt11.wav,neutral,meld,train,train
Raw_Data/MELD/test/dia215_utt10.wav,sad,meld,test,train
Raw_Data/MELD/test/dia9_utt1.wav,neutral,meld,test,train
Raw_Data/MELD/dev/dia57_utt7.wav,neutral,meld,dev,train
Raw_Data/MELD/train/dia270_utt1.wav,happy,meld,train,train
Raw_Data/MELD/train/dia490_utt0.wav,neutral,meld,train,train
Raw_Data/MELD/train/dia782_utt5.wav,neutral,meld,train,train
Raw_Data/MELD/train/dia31_utt3.wav,neutral,meld,train,train
Raw_Data/MELD/train/dia110_utt1.wav,surprise,meld,train,train
Raw_Data/MELD/test/dia279_utt3.wav,angry,meld,test,train
Raw_Data/MELD/train/dia164_utt9.wav,happy,meld,train,train
Raw_Data/MELD/train/dia719_utt6.wav,happy,meld,train,train
Raw_Data/MELD/train/dia848_utt4.wav,sad,meld,train,train
Raw_Data/MELD/train/dia324_utt0.wav,neutral,meld,train,train
Raw_Data/MELD/train/dia183_utt5.wav,happy,meld,train,train
Raw_Data/MELD/train/dia1016_utt21.wav,neutral,meld,train,train
Raw_Data/MELD/train/dia445_utt15.wav,angry,meld,train,train
Raw_Data/MELD/train/dia422_utt1.wav,neutral,meld,train,train
Raw_Data/MELD/test/dia95_utt2.wav,surprise,meld,test,train
Raw_Data/MELD/train/dia792_utt17.wav,sad,meld,train,train
Raw_Data/MELD/test/dia210_utt0.wav,angry,meld,test,train
Raw_Data/MELD/train/dia506_utt3.wav,sad,meld,train,train
Raw_Data/MELD/test/dia169_utt5.wav,surprise,meld,test,train
Raw_Data/MELD/train/dia562_utt5.wav,neutral,meld,train,train
Raw_Data/MELD/test/dia146_utt1.wav,sad,meld,test,train
Raw_Data/MELD/train/dia207_utt7.wav,neutral,meld,train,train
Raw_Data/MELD/test/dia246_utt12.wav,neutral,meld,test,train
Raw_Data/MELD/train/dia482_utt16.wav,surprise,meld,train,train
Raw_Data/MELD/train/dia614_utt13.wav,happy,meld,train,train
Raw_Data/MELD/train/dia884_utt9.wav,surprise,meld,train,train
Raw_Data/MELD/train/dia648_utt1.wav,angry,meld,train,train
Raw_Data/MELD/train/dia113_utt6.wav,neutral,meld,train,train
Raw_Data/MELD/train/dia407_utt7.wav,angry,meld,train,train
Raw_Data/MELD/train/dia229_utt3.wav,neutral,meld,train,train
Raw_Data/MELD/train/dia26_utt1.wav,neutral,meld,train,train
Raw_Data/MELD/test/dia96_utt4.wav,happy,meld,test,train
Raw_Data/MELD/train/dia964_utt12.wav,sad,meld,train,train
Raw_Data/MELD/train/dia867_utt7.wav,angry,meld,train,train
Raw_Data/MELD/train/dia302_utt9.wav,surprise,meld,train,train
Raw_Data/MELD/train/dia776_utt5.wav,happy,meld,train,train
Raw_Data/MELD/train/dia608_utt9.wav,neutral,meld,train,train
Raw_Data/MELD/train/dia990_utt0.wav,neutral,meld,train,train
Raw_Data/MELD/train/dia411_utt1.wav,fear,meld,train,train
Raw_Data/MELD/train/dia936_utt5.wav,neutral,meld,train,train
Raw_Data/MELD/test/dia214_utt5.wav,happy,meld,test,train
Raw_Data/MELD/train/dia872_utt0.wav,sad,meld,train,train
Raw_Data/MELD/train/dia752_utt10.wav,happy,meld,train,train
Raw_Data/MELD/train/dia2_utt11.wav,neutral,meld,train,train
Raw_Data/MELD/train/dia851_utt5.wav,happy,meld,train,train
Raw_Data/MELD/dev/dia11_utt3.wav,surprise,meld,dev,train
Raw_Data/MELD/dev/dia31_utt2.wav,sad,meld,dev,train
Raw_Data/MELD/train/dia908_utt0.wav,fear,meld,train,train
Raw_Data/MELD/train/dia638_utt7.wav,sad,meld,train,train
Raw_Data/MELD/train/dia446_utt8.wav,neutral,meld,train,train
Raw_Data/MELD/train/dia228_utt7.wav,angry,meld,train,train
Raw_Data/MELD/train/dia404_utt6.wav,neutral,meld,train,train
Raw_Data/MELD/test/dia158_utt4.wav,angry,meld,test,train
Raw_Data/MELD/train/dia507_utt7.wav,surprise,meld,train,train
Raw_Data/MELD/train/dia652_utt15.wav,surprise,meld,train,train
Raw_Data/MELD/train/dia380_utt4.wav,happy,meld,train,train
Raw_Data/MELD/test/dia192_utt9.wav,surprise,meld,test,train
Raw_Data/MELD/train/dia94_utt10.wav,happy,meld,train,train
Raw_Data/MELD/train/dia761_utt7.wav,angry,meld,train,train
Raw_Data/MELD/dev/dia72_utt14.wav,angry,meld,dev,train
Raw_Data/MELD/train/dia819_utt10.wav,neutral,meld,train,train
Raw_Data/MELD/train/dia782_utt6.wav,fear,meld,train,train
Raw_Data/MELD/train/dia804_utt3.wav,angry,meld,train,train
Raw_Data/MELD/train/dia449_utt1.wav,neutral,meld,train,train
Raw_Data/MELD/test/dia37_utt0.wav,angry,meld,test,train
Raw_Data/MELD/train/dia49_utt14.wav,neutral,meld,train,train
Raw_Data/MELD/test/dia54_utt0.wav,neutral,meld,test,train
Raw_Data/MELD/train/dia420_utt7.wav,neutral,meld,train,train
Raw_Data/MELD/train/dia389_utt1.wav,angry,meld,train,train
Raw_Data/MELD/train/dia652_utt4.wav,neutral,meld,train,train
Raw_Data/MELD/test/dia56_utt8.wav,happy,meld,test,train
Raw_Data/MELD/test/dia212_utt0.wav,neutral,meld,test,train
Raw_Data/MELD/test/dia112_utt4.wav,surprise,meld,test,train
Raw_Data/MELD/train/dia986_utt11.wav,neutral,meld,train,train
Raw_Data/MELD/train/dia183_utt10.wav,neutral,meld,train,train
Raw_Data/MELD/train/dia539_utt2.wav,surprise,meld,train,train
Raw_Data/MELD/train/dia881_utt0.wav,happy,meld,train,train
Raw_Data/MELD/train/dia539_utt0.wav,neutral,meld,train,train
Raw_Data/MELD/train/dia130_utt14.wav,neutral,meld,train,train
Raw_Data/MELD/test/dia3_utt4.wav,angry,meld,test,train
Raw_Data/MELD/train/dia530_utt4.wav,neutral,meld,train,train
Raw_Data/MELD/train/dia870_utt0.wav,neutral,meld,train,train
Raw_Data/MELD/train/dia791_utt20.wav,neutral,meld,train,train
Raw_Data/MELD/test/dia51_utt0.wav,happy,meld,test,train
Raw_Data/MELD/train/dia646_utt11.wav,neutral,meld,train,train
Raw_Data/MELD/train/dia208_utt12.wav,surprise,meld,train,train
Raw_Data/MELD/test/dia68_utt3.wav,sad,meld,test,train
Raw_Data/MELD/train/dia171_utt3.wav,neutral,meld,train,train
Raw_Data/MELD/train/dia459_utt3.wav,angry,meld,train,train
Raw_Data/MELD/train/dia440_utt13.wav,neutral,meld,train,train
Raw_Data/MELD/train/dia1009_utt17.wav,happy,meld,train,train
Raw_Data/MELD/train/dia932_utt6.wav,angry,meld,train,train
Raw_Data/MELD/train/dia260_utt0.wav,neutral,meld,train,train
Raw_Data/MELD/test/dia125_utt1.wav,neutral,meld,test,train
Raw_Data/MELD/train/dia728_utt5.wav,neutral,meld,train,train
Raw_Data/MELD/train/dia897_utt5.wav,neutral,meld,train,train
Raw_Data/MELD/train/dia418_utt13.wav,neutral,meld,train,train
Raw_Data/MELD/train/dia51_utt2.wav,neutral,meld,train,train
Raw_Data/MELD/train/dia718_utt0.wav,neutral,meld,train,train
Raw_Data/MELD/train/dia856_utt4.wav,happy,meld,train,train
Raw_Data/MELD/train/dia142_utt0.wav,neutral,meld,train,train
Raw_Data/MELD/train/dia274_utt9.wav,happy,meld,train,train
Raw_Data/MELD/train/dia47_utt4.wav,neutral,meld,train,train
Raw_Data/MELD/train/dia379_utt5.wav,sad,meld,train,train
Raw_Data/MELD/test/dia68_utt7.wav,happy,meld,test,train
Raw_Data/MELD/train/dia736_utt2.wav,happy,meld,train,train
Raw_Data/MELD/train/dia428_utt5.wav,neutral,meld,train,train
Raw_Data/MELD/test/dia152_utt4.wav,neutral,meld,test,train
Raw_Data/MELD/test/dia268_utt7.wav,neutral,meld,test,train
Raw_Data/MELD/train/dia597_utt8.wav,happy,meld,train,train
Raw_Data/MELD/train/dia797_utt13.wav,sad,meld,train,train
Raw_Data/MELD/train/dia604_utt8.wav,happy,meld,train,train
Raw_Data/MELD/train/dia615_utt20.wav,happy,meld,train,train
Raw_Data/MELD/dev/dia32_utt1.wav,neutral,meld,dev,train
Raw_Data/MELD/train/dia161_utt4.wav,neutral,meld,train,train
Raw_Data/MELD/test/dia268_utt5.wav,neutral,meld,test,train
Raw_Data/MELD/test/dia4_utt8.wav,neutral,meld,test,train
Raw_Data/MELD/train/dia87_utt5.wav,neutral,meld,train,train
Raw_Data/MELD/train/dia475_utt1.wav,neutral,meld,train,train
Raw_Data/MELD/dev/dia15_utt5.wav,neutral,meld,dev,train
Raw_Data/MELD/dev/dia18_utt6.wav,fear,meld,dev,train
Raw_Data/MELD/train/dia775_utt0.wav,neutral,meld,train,train
Raw_Data/MELD/dev/dia48_utt4.wav,neutral,meld,dev,train
Raw_Data/MELD/train/dia725_utt6.wav,happy,meld,train,train
Raw_Data/MELD/train/dia771_utt16.wav,angry,meld,train,train
Raw_Data/MELD/test/dia260_utt3.wav,happy,meld,test,train
Raw_Data/MELD/dev/dia85_utt6.wav,surprise,meld,dev,train
Raw_Data/MELD/train/dia983_utt3.wav,sad,meld,train,train
Raw_Data/MELD/train/dia508_utt17.wav,neutral,meld,train,train
Raw_Data/MELD/train/dia320_utt17.wav,happy,meld,train,train
Raw_Data/MELD/train/dia735_utt8.wav,neutral,meld,train,train
Raw_Data/MELD/test/dia232_utt2.wav,neutral,meld,test,train
Raw_Data/MELD/train/dia296_utt2.wav,neutral,meld,train,train
Raw_Data/MELD/train/dia1022_utt17.wav,happy,meld,train,train
Raw_Data/MELD/train/dia43_utt1.wav,neutral,meld,train,train
Raw_Data/MELD/train/dia446_utt17.wav,sad,meld,train,train
Raw_Data/MELD/test/dia72_utt16.wav,surprise,meld,test,train
Raw_Data/MELD/train/dia292_utt5.wav,neutral,meld,train,train
Raw_Data/MELD/train/dia532_utt14.wav,surprise,meld,train,train
Raw_Data/MELD/train/dia179_utt8.wav,neutral,meld,train,train
Raw_Data/MELD/train/dia705_utt4.wav,neutral,meld,train,train
Raw_Data/MELD/train/dia225_utt7.wav,neutral,meld,train,train
Raw_Data/MELD/train/dia1036_utt18.wav,neutral,meld,train,train
Raw_Data/MELD/dev/dia63_utt4.wav,happy,meld,dev,train
Raw_Data/MELD/train/dia337_utt3.wav,surprise,meld,train,train
Raw_Data/MELD/test/dia9_utt8.wav,sad,meld,test,train
Raw_Data/MELD/train/dia596_utt2.wav,neutral,meld,train,train
Raw_Data/MELD/train/dia101_utt1.wav,surprise,meld,train,train
Raw_Data/MELD/train/dia379_utt6.wav,surprise,meld,train,train
Raw_Data/MELD/train/dia527_utt7.wav,disgust,meld,train,train
Raw_Data/MELD/train/dia52_utt1.wav,happy,meld,train,train
Raw_Data/MELD/train/dia228_utt5.wav,happy,meld,train,train
Raw_Data/MELD/train/dia1009_utt7.wav,sad,meld,train,train
Raw_Data/MELD/train/dia897_utt2.wav,sad,meld,train,train
Raw_Data/MELD/dev/dia70_utt5.wav,surprise,meld,dev,train
Raw_Data/MELD/train/dia179_utt5.wav,neutral,meld,train,train
Raw_Data/MELD/train/dia45_utt3.wav,angry,meld,train,train
Raw_Data/MELD/train/dia949_utt8.wav,neutral,meld,train,train
Raw_Data/MELD/train/dia0_utt5.wav,neutral,meld,train,train
Raw_Data/MELD/dev/dia106_utt0.wav,neutral,meld,dev,train
Raw_Data/MELD/train/dia486_utt4.wav,neutral,meld,train,train
Raw_Data/MELD/test/dia196_utt3.wav,sad,meld,test,train
Raw_Data/MELD/dev/dia80_utt5.wav,neutral,meld,dev,train
Raw_Data/MELD/train/dia38_utt6.wav,angry,meld,train,train
Raw_Data/MELD/train/dia217_utt0.wav,neutral,meld,train,train
Raw_Data/MELD/train/dia457_utt8.wav,sad,meld,train,train
Raw_Data/MELD/train/dia908_utt3.wav,neutral,meld,train,train
Raw_Data/MELD/test/dia192_utt11.wav,neutral,meld,test,train
Raw_Data/MELD/test/dia221_utt2.wav,neutral,meld,test,train
Raw_Data/MELD/train/dia1012_utt2.wav,happy,meld,train,train
Raw_Data/MELD/train/dia939_utt5.wav,happy,meld,train,train
Raw_Data/MELD/train/dia690_utt8.wav,surprise,meld,train,train
Raw_Data/MELD/dev/dia56_utt0.wav,angry,meld,dev,train
Raw_Data/MELD/train/dia71_utt0.wav,neutral,meld,train,train
Raw_Data/MELD/train/dia208_utt9.wav,happy,meld,train,train
Raw_Data/MELD/test/dia184_utt8.wav,neutral,meld,test,train
Raw_Data/MELD/dev/dia36_utt11.wav,disgust,meld,dev,train
Raw_Data/MELD/train/dia126_utt1.wav,angry,meld,train,train
Raw_Data/MELD/train/dia1012_utt5.wav,angry,meld,train,train
Raw_Data/MELD/train/dia810_utt8.wav,happy,meld,train,train
Raw_Data/MELD/train/dia554_utt4.wav,neutral,meld,train,train
Raw_Data/MELD/dev/dia72_utt0.wav,angry,meld,dev,train
Raw_Data/MELD/dev/dia69_utt12.wav,neutral,meld,dev,train
Raw_Data/MELD/train/dia301_utt15.wav,fear,meld,train,train
Raw_Data/MELD/test/dia128_utt5.wav,angry,meld,test,train
Raw_Data/MELD/train/dia507_utt9.wav,neutral,meld,train,train
Raw_Data/MELD/train/dia264_utt14.wav,neutral,meld,train,train
Raw_Data/MELD/train/dia159_utt8.wav,happy,meld,train,train
Raw_Data/MELD/train/dia686_utt1.wav,neutral,meld,train,train
Raw_Data/MELD/train/dia245_utt1.wav,happy,meld,train,train
Raw_Data/MELD/test/dia7_utt5.wav,neutral,meld,test,train
Raw_Data/MELD/train/dia632_utt9.wav,neutral,meld,train,train
Raw_Data/MELD/test/dia196_utt12.wav,angry,meld,test,train
Raw_Data/MELD/train/dia512_utt0.wav,happy,meld,train,train
Raw_Data/MELD/train/dia646_utt14.wav,neutral,meld,train,train
Raw_Data/MELD/train/dia625_utt16.wav,neutral,meld,train,train
Raw_Data/MELD/train/dia355_utt0.wav,sad,meld,train,train
Raw_Data/MELD/train/dia806_utt1.wav,surprise,meld,train,train
Raw_Data/MELD/test/dia182_utt7.wav,surprise,meld,test,train
Raw_Data/MELD/test/dia164_utt1.wav,neutral,meld,test,train
Raw_Data/MELD/train/dia149_utt1.wav,neutral,meld,train,train
Raw_Data/MELD/train/dia181_utt1.wav,neutral,meld,train,train
Raw_Data/MELD/train/dia629_utt6.wav,happy,meld,train,train
Raw_Data/MELD/train/dia817_utt7.wav,angry,meld,train,train
Raw_Data/MELD/dev/dia33_utt0.wav,sad,meld,dev,train
Raw_Data/MELD/train/dia503_utt7.wav,happy,meld,train,train
Raw_Data/MELD/train/dia79_utt5.wav,disgust,meld,train,train
Raw_Data/MELD/train/dia782_utt8.wav,fear,meld,train,train
Raw_Data/MELD/train/dia206_utt14.wav,angry,meld,train,train
Raw_Data/MELD/test/dia173_utt10.wav,neutral,meld,test,train
Raw_Data/MELD/test/dia270_utt7.wav,neutral,meld,test,train
Raw_Data/MELD/train/dia22_utt1.wav,neutral,meld,train,train
Raw_Data/MELD/train/dia18_utt7.wav,neutral,meld,train,train
Raw_Data/MELD/train/dia947_utt2.wav,neutral,meld,train,train
Raw_Data/MELD/train/dia747_utt9.wav,neutral,meld,train,train
Raw_Data/MELD/train/dia355_utt3.wav,happy,meld,train,train
Raw_Data/MELD/train/dia67_utt3.wav,neutral,meld,train,train
Raw_Data/MELD/train/dia660_utt15.wav,surprise,meld,train,train
Raw_Data/MELD/train/dia888_utt9.wav,neutral,meld,train,train
Raw_Data/MELD/train/dia36_utt1.wav,neutral,meld,train,train
Raw_Data/MELD/test/dia2_utt6.wav,angry,meld,test,train
Raw_Data/MELD/dev/dia63_utt6.wav,neutral,meld,dev,train
Raw_Data/MELD/dev/dia15_utt8.wav,fear,meld,dev,train
Raw_Data/MELD/dev/dia97_utt21.wav,neutral,meld,dev,train
Raw_Data/MELD/train/dia358_utt10.wav,happy,meld,train,train
Raw_Data/MELD/dev/dia97_utt1.wav,happy,meld,dev,train
Raw_Data/MELD/dev/dia6_utt5.wav,sad,meld,dev,train
Raw_Data/MELD/train/dia509_utt11.wav,angry,meld,train,train
Raw_Data/MELD/test/dia184_utt9.wav,surprise,meld,test,train
Raw_Data/MELD/train/dia131_utt2.wav,neutral,meld,train,train
Raw_Data/MELD/train/dia58_utt8.wav,neutral,meld,train,train
Raw_Data/MELD/dev/dia86_utt2.wav,neutral,meld,dev,train
Raw_Data/MELD/dev/dia9_utt2.wav,neutral,meld,dev,train
Raw_Data/MELD/test/dia158_utt6.wav,surprise,meld,test,train
Raw_Data/MELD/train/dia813_utt0.wav,neutral,meld,train,train
Raw_Data/MELD/train/dia1019_utt10.wav,angry,meld,train,train
Raw_Data/MELD/train/dia901_utt7.wav,neutral,meld,train,train
Raw_Data/MELD/train/dia503_utt12.wav,happy,meld,train,train
Raw_Data/MELD/test/dia17_utt0.wav,neutral,meld,test,train
Raw_Data/MELD/train/dia1011_utt11.wav,angry,meld,train,train
Raw_Data/MELD/train/dia420_utt0.wav,happy,meld,train,train
Raw_Data/MELD/train/dia165_utt14.wav,neutral,meld,train,train
Raw_Data/MELD/train/dia1001_utt11.wav,neutral,meld,train,train
Raw_Data/MELD/train/dia687_utt1.wav,neutral,meld,train,train
Raw_Data/MELD/train/dia83_utt1.wav,neutral,meld,train,train
Raw_Data/MELD/test/dia189_utt5.wav,neutral,meld,test,train
Raw_Data/MELD/train/dia595_utt3.wav,angry,meld,train,train
Raw_Data/MELD/train/dia241_utt4.wav,happy,meld,train,train
Raw_Data/MELD/train/dia182_utt8.wav,angry,meld,train,train
Raw_Data/MELD/train/dia905_utt11.wav,happy,meld,train,train
Raw_Data/MELD/train/dia561_utt13.wav,surprise,meld,train,train
Raw_Data/MELD/train/dia671_utt9.wav,happy,meld,train,train
Raw_Data/MELD/train/dia46_utt12.wav,happy,meld,train,train
Raw_Data/MELD/dev/dia20_utt1.wav,neutral,meld,dev,train
Raw_Data/MELD/train/dia65_utt3.wav,happy,meld,train,train
Raw_Data/MELD/dev/dia61_utt1.wav,happy,meld,dev,train
Raw_Data/MELD/dev/dia94_utt5.wav,happy,meld,dev,train
Raw_Data/MELD/train/dia842_utt4.wav,sad,meld,train,train
Raw_Data/MELD/train/dia756_utt7.wav,neutral,meld,train,train
Raw_Data/MELD/train/dia23_utt1.wav,angry,meld,train,train
Raw_Data/MELD/train/dia139_utt2.wav,angry,meld,train,train
Raw_Data/MELD/train/dia523_utt1.wav,happy,meld,train,train
Raw_Data/MELD/train/dia761_utt3.wav,angry,meld,train,train
Raw_Data/MELD/train/dia923_utt8.wav,happy,meld,train,train
Raw_Data/MELD/train/dia747_utt10.wav,angry,meld,train,train
Raw_Data/MELD/train/dia720_utt10.wav,neutral,meld,train,train
Raw_Data/MELD/train/dia450_utt17.wav,neutral,meld,train,train
Raw_Data/MELD/train/dia331_utt2.wav,neutral,meld,train,train
Raw_Data/MELD/train/dia571_utt11.wav,disgust,meld,train,train
Raw_Data/MELD/dev/dia66_utt3.wav,surprise,meld,dev,train
Raw_Data/MELD/train/dia763_utt3.wav,neutral,meld,train,train
Raw_Data/MELD/train/dia182_utt5.wav,angry,meld,train,train
Raw_Data/MELD/train/dia232_utt10.wav,surprise,meld,train,train
Raw_Data/MELD/test/dia248_utt0.wav,neutral,meld,test,train
Raw_Data/MELD/train/dia278_utt8.wav,happy,meld,train,train
Raw_Data/MELD/train/dia698_utt1.wav,neutral,meld,train,train
Raw_Data/MELD/test/dia12_utt0.wav,angry,meld,test,train
Raw_Data/MELD/train/dia176_utt4.wav,surprise,meld,train,train
Raw_Data/MELD/test/dia252_utt10.wav,sad,meld,test,train
Raw_Data/MELD/train/dia504_utt12.wav,angry,meld,train,train
Raw_Data/MELD/test/dia17_utt27.wav,angry,meld,test,train
Raw_Data/MELD/train/dia996_utt11.wav,angry,meld,train,train
Raw_Data/MELD/train/dia818_utt7.wav,neutral,meld,train,train
Raw_Data/MELD/dev/dia86_utt0.wav,neutral,meld,dev,train
Raw_Data/MELD/train/dia456_utt8.wav,angry,meld,train,train
Raw_Data/MELD/train/dia624_utt0.wav,surprise,meld,train,train
Raw_Data/MELD/test/dia246_utt6.wav,neutral,meld,test,train
Raw_Data/MELD/test/dia196_utt0.wav,angry,meld,test,train
Raw_Data/MELD/train/dia884_utt16.wav,neutral,meld,train,train
Raw_Data/MELD/train/dia354_utt13.wav,neutral,meld,train,train
Raw_Data/MELD/test/dia70_utt22.wav,happy,meld,test,train
Raw_Data/MELD/dev/dia4_utt2.wav,surprise,meld,dev,train
Raw_Data/MELD/train/dia410_utt8.wav,neutral,meld,train,train
Raw_Data/MELD/train/dia228_utt3.wav,surprise,meld,train,train
Raw_Data/MELD/train/dia203_utt2.wav,happy,meld,train,train
Raw_Data/MELD/train/dia56_utt0.wav,surprise,meld,train,train
Raw_Data/MELD/train/dia867_utt2.wav,fear,meld,train,train
Raw_Data/MELD/test/dia87_utt0.wav,neutral,meld,test,train
Raw_Data/MELD/train/dia893_utt12.wav,happy,meld,train,train
Raw_Data/MELD/train/dia299_utt0.wav,neutral,meld,train,train
Raw_Data/MELD/train/dia193_utt0.wav,neutral,meld,train,train
Raw_Data/MELD/test/dia142_utt0.wav,neutral,meld,test,train
Raw_Data/MELD/train/dia712_utt2.wav,fear,meld,train,train
Raw_Data/MELD/train/dia31_utt2.wav,neutral,meld,train,train
Raw_Data/MELD/dev/dia44_utt0.wav,sad,meld,dev,train
Raw_Data/MELD/train/dia910_utt1.wav,neutral,meld,train,train
Raw_Data/MELD/train/dia926_utt1.wav,sad,meld,train,train
Raw_Data/MELD/train/dia541_utt1.wav,happy,meld,train,train
Raw_Data/MELD/train/dia281_utt0.wav,happy,meld,train,train
Raw_Data/MELD/train/dia277_utt6.wav,neutral,meld,train,train
Raw_Data/MELD/train/dia206_utt13.wav,angry,meld,train,train
Raw_Data/MELD/train/dia440_utt10.wav,neutral,meld,train,train
Raw_Data/MELD/train/dia349_utt1.wav,happy,meld,train,train
Raw_Data/MELD/train/dia532_utt10.wav,sad,meld,train,train
Raw_Data/MELD/train/dia138_utt7.wav,neutral,meld,train,train
Raw_Data/MELD/train/dia264_utt4.wav,happy,meld,train,train
Raw_Data/MELD/test/dia120_utt10.wav,happy,meld,test,train
Raw_Data/MELD/train/dia938_utt2.wav,sad,meld,train,train
Raw_Data/MELD/test/dia175_utt20.wav,angry,meld,test,train
Raw_Data/MELD/train/dia727_utt3.wav,neutral,meld,train,train
Raw_Data/MELD/test/dia53_utt5.wav,neutral,meld,test,train
Raw_Data/MELD/train/dia811_utt6.wav,neutral,meld,train,train
Raw_Data/MELD/train/dia47_utt13.wav,surprise,meld,train,train
Raw_Data/MELD/train/dia212_utt5.wav,disgust,meld,train,train
Raw_Data/MELD/train/dia636_utt5.wav,happy,meld,train,train
Raw_Data/MELD/train/dia351_utt8.wav,happy,meld,train,train
Raw_Data/MELD/train/dia154_utt7.wav,angry,meld,train,train
Raw_Data/MELD/train/dia791_utt2.wav,neutral,meld,train,train
Raw_Data/MELD/train/dia110_utt4.wav,neutral,meld,train,train
Raw_Data/MELD/train/dia410_utt5.wav,neutral,meld,train,train
Raw_Data/MELD/train/dia199_utt4.wav,neutral,meld,train,train
Raw_Data/MELD/test/dia175_utt14.wav,angry,meld,test,train
Raw_Data/MELD/train/dia796_utt19.wav,sad,meld,train,train
Raw_Data/MELD/dev/dia65_utt10.wav,happy,meld,dev,train
Raw_Data/MELD/dev/dia56_utt15.wav,neutral,meld,dev,train
Raw_Data/MELD/train/dia831_utt0.wav,angry,meld,train,train
Raw_Data/MELD/train/dia336_utt12.wav,neutral,meld,train,train
Raw_Data/MELD/train/dia625_utt12.wav,neutral,meld,train,train
Raw_Data/MELD/train/dia535_utt3.wav,neutral,meld,train,train
Raw_Data/MELD/train/dia645_utt8.wav,fear,meld,train,train
Raw_Data/MELD/train/dia540_utt1.wav,surprise,meld,train,train
Raw_Data/MELD/train/dia122_utt12.wav,disgust,meld,train,train
Raw_Data/MELD/test/dia174_utt3.wav,neutral,meld,test,train
Raw_Data/MELD/test/dia88_utt1.wav,happy,meld,test,train
Raw_Data/MELD/train/dia7_utt1.wav,angry,meld,train,train
Raw_Data/MELD/test/dia46_utt8.wav,happy,meld,test,train
Raw_Data/MELD/train/dia834_utt11.wav,neutral,meld,train,train
Raw_Data/MELD/train/dia562_utt8.wav,neutral,meld,train,train
Raw_Data/MELD/train/dia810_utt13.wav,sad,meld,train,train
Raw_Data/MELD/train/dia143_utt3.wav,happy,meld,train,train
Raw_Data/MELD/train/dia153_utt2.wav,neutral,meld,train,train
Raw_Data/MELD/test/dia173_utt4.wav,angry,meld,test,train
Raw_Data/MELD/train/dia189_utt8.wav,angry,meld,train,train
Raw_Data/MELD/train/dia630_utt9.wav,surprise,meld,train,train
Raw_Data/MELD/train/dia126_utt3.wav,neutral,meld,train,train
Raw_Data/MELD/test/dia9_utt10.wav,neutral,meld,test,train
Raw_Data/MELD/train/dia682_utt7.wav,neutral,meld,train,train
Raw_Data/MELD/train/dia320_utt16.wav,surprise,meld,train,train
Raw_Data/MELD/test/dia111_utt0.wav,neutral,meld,test,train
Raw_Data/MELD/train/dia165_utt0.wav,neutral,meld,train,train
Raw_Data/MELD/train/dia434_utt8.wav,neutral,meld,train,train
Raw_Data/MELD/test/dia1_utt6.wav,happy,meld,test,train
Raw_Data/MELD/train/dia356_utt9.wav,sad,meld,train,train
Raw_Data/MELD/train/dia908_utt15.wav,angry,meld,train,train
Raw_Data/MELD/train/dia574_utt18.wav,disgust,meld,train,train
Raw_Data/MELD/test/dia58_utt0.wav,happy,meld,test,train
Raw_Data/MELD/test/dia52_utt9.wav,neutral,meld,test,train
Raw_Data/MELD/train/dia712_utt9.wav,happy,meld,train,train
Raw_Data/MELD/train/dia424_utt5.wav,neutral,meld,train,train
Raw_Data/MELD/train/dia1038_utt5.wav,disgust,meld,train,train
Raw_Data/MELD/train/dia964_utt7.wav,sad,meld,train,train
Raw_Data/MELD/train/dia342_utt15.wav,happy,meld,train,train
Raw_Data/MELD/train/dia321_utt4.wav,surprise,meld,train,train
Raw_Data/MELD/train/dia821_utt1.wav,surprise,meld,train,train
Raw_Data/MELD/test/dia12_utt16.wav,neutral,meld,test,train
Raw_Data/MELD/train/dia655_utt11.wav,happy,meld,train,train
Raw_Data/MELD/train/dia284_utt2.wav,neutral,meld,train,train
Raw_Data/MELD/train/dia671_utt15.wav,angry,meld,train,train
Raw_Data/MELD/train/dia700_utt10.wav,angry,meld,train,train
Raw_Data/MELD/train/dia218_utt3.wav,neutral,meld,train,train
Raw_Data/MELD/train/dia223_utt0.wav,neutral,meld,train,train
Raw_Data/MELD/train/dia336_utt9.wav,sad,meld,train,train
Raw_Data/MELD/train/dia673_utt9.wav,neutral,meld,train,train
Raw_Data/MELD/test/dia12_utt8.wav,happy,meld,test,train
Raw_Data/MELD/train/dia634_utt3.wav,angry,meld,train,train
Raw_Data/MELD/test/dia147_utt4.wav,angry,meld,test,train
Raw_Data/MELD/train/dia252_utt10.wav,neutral,meld,train,train
Raw_Data/MELD/train/dia1038_utt9.wav,neutral,meld,train,train
Raw_Data/MELD/test/dia216_utt3.wav,neutral,meld,test,train
Raw_Data/MELD/train/dia791_utt5.wav,neutral,meld,train,train
Raw_Data/MELD/train/dia515_utt0.wav,neutral,meld,train,train
Raw_Data/MELD/dev/dia79_utt7.wav,sad,meld,dev,train
Raw_Data/MELD/train/dia834_utt12.wav,neutral,meld,train,train
Raw_Data/MELD/train/dia576_utt1.wav,neutral,meld,train,train
Raw_Data/MELD/train/dia119_utt9.wav,neutral,meld,train,train
Raw_Data/MELD/train/dia95_utt7.wav,surprise,meld,train,train
Raw_Data/MELD/train/dia333_utt1.wav,neutral,meld,train,train
Raw_Data/MELD/train/dia782_utt10.wav,surprise,meld,train,train
Raw_Data/MELD/test/dia213_utt2.wav,neutral,meld,test,train
Raw_Data/MELD/test/dia59_utt0.wav,neutral,meld,test,train
Raw_Data/MELD/train/dia146_utt12.wav,sad,meld,train,train
Raw_Data/MELD/dev/dia5_utt8.wav,angry,meld,dev,train
Raw_Data/MELD/test/dia258_utt9.wav,happy,meld,test,train
Raw_Data/MELD/dev/dia23_utt1.wav,sad,meld,dev,train
Raw_Data/MELD/train/dia512_utt1.wav,happy,meld,train,train
Raw_Data/MELD/dev/dia76_utt12.wav,neutral,meld,dev,train
Raw_Data/MELD/train/dia887_utt13.wav,neutral,meld,train,train
Raw_Data/MELD/train/dia498_utt2.wav,happy,meld,train,train
Raw_Data/MELD/train/dia649_utt23.wav,angry,meld,train,train
Raw_Data/MELD/train/dia312_utt2.wav,angry,meld,train,train
Raw_Data/MELD/test/dia226_utt7.wav,neutral,meld,test,train
Raw_Data/MELD/train/dia900_utt4.wav,happy,meld,train,train
Raw_Data/MELD/dev/dia57_utt1.wav,neutral,meld,dev,train
Raw_Data/MELD/test/dia82_utt0.wav,neutral,meld,test,train
Raw_Data/MELD/train/dia576_utt9.wav,neutral,meld,train,train
Raw_Data/MELD/train/dia638_utt3.wav,happy,meld,train,train
Raw_Data/MELD/dev/dia16_utt11.wav,angry,meld,dev,train
Raw_Data/MELD/train/dia717_utt12.wav,angry,meld,train,train
Raw_Data/MELD/train/dia672_utt15.wav,happy,meld,train,train
Raw_Data/MELD/train/dia841_utt22.wav,neutral,meld,train,train
Raw_Data/MELD/train/dia38_utt3.wav,neutral,meld,train,train
Raw_Data/MELD/train/dia11_utt9.wav,happy,meld,train,train
Raw_Data/MELD/dev/dia70_utt4.wav,happy,meld,dev,train
Raw_Data/MELD/train/dia257_utt1.wav,fear,meld,train,train
Raw_Data/MELD/train/dia893_utt4.wav,happy,meld,train,train
Raw_Data/MELD/train/dia961_utt11.wav,neutral,meld,train,train
Raw_Data/MELD/train/dia241_utt2.wav,neutral,meld,train,train
Raw_Data/MELD/train/dia604_utt2.wav,surprise,meld,train,train
Raw_Data/MELD/train/dia635_utt9.wav,neutral,meld,train,train
Raw_Data/MELD/train/dia436_utt4.wav,neutral,meld,train,train
Raw_Data/MELD/train/dia424_utt2.wav,neutral,meld,train,train
Raw_Data/MELD/train/dia200_utt1.wav,angry,meld,train,train
Raw_Data/MELD/test/dia137_utt12.wav,surprise,meld,test,train
Raw_Data/MELD/train/dia644_utt2.wav,angry,meld,train,train
Raw_Data/MELD/train/dia462_utt8.wav,surprise,meld,train,train
Raw_Data/MELD/train/dia990_utt9.wav,neutral,meld,train,train
Raw_Data/MELD/train/dia776_utt0.wav,happy,meld,train,train
Raw_Data/MELD/train/dia1035_utt0.wav,angry,meld,train,train
Raw_Data/MELD/train/dia528_utt4.wav,neutral,meld,train,train
Raw_Data/MELD/test/dia64_utt11.wav,neutral,meld,test,train
Raw_Data/MELD/train/dia450_utt12.wav,surprise,meld,train,train
Raw_Data/MELD/test/dia12_utt12.wav,happy,meld,test,train
Raw_Data/MELD/train/dia366_utt17.wav,neutral,meld,train,train
Raw_Data/MELD/test/dia243_utt3.wav,neutral,meld,test,train
Raw_Data/MELD/train/dia794_utt9.wav,neutral,meld,train,train
Raw_Data/MELD/train/dia366_utt13.wav,fear,meld,train,train
Raw_Data/MELD/train/dia841_utt21.wav,happy,meld,train,train
Raw_Data/MELD/dev/dia14_utt0.wav,happy,meld,dev,train
Raw_Data/MELD/train/dia109_utt6.wav,sad,meld,train,train
Raw_Data/MELD/test/dia52_utt4.wav,neutral,meld,test,train
Raw_Data/MELD/dev/dia76_utt5.wav,neutral,meld,dev,train
Raw_Data/MELD/train/dia508_utt3.wav,happy,meld,train,train
Raw_Data/MELD/train/dia9_utt11.wav,neutral,meld,train,train
Raw_Data/MELD/train/dia932_utt12.wav,happy,meld,train,train
Raw_Data/MELD/train/dia749_utt0.wav,happy,meld,train,train
Raw_Data/MELD/train/dia1025_utt8.wav,angry,meld,train,train
Raw_Data/MELD/train/dia945_utt15.wav,neutral,meld,train,train
Raw_Data/MELD/train/dia548_utt10.wav,angry,meld,train,train
Raw_Data/MELD/train/dia449_utt6.wav,surprise,meld,train,train
Raw_Data/MELD/train/dia86_utt8.wav,neutral,meld,train,train
Raw_Data/MELD/train/dia156_utt11.wav,neutral,meld,train,train
Raw_Data/MELD/train/dia478_utt4.wav,neutral,meld,train,train
Raw_Data/MELD/train/dia435_utt9.wav,surprise,meld,train,train
Raw_Data/MELD/test/dia231_utt12.wav,happy,meld,test,train
Raw_Data/MELD/test/dia115_utt5.wav,neutral,meld,test,train
Raw_Data/MELD/test/dia67_utt0.wav,neutral,meld,test,train
Raw_Data/MELD/test/dia134_utt2.wav,happy,meld,test,train
Raw_Data/MELD/train/dia825_utt0.wav,surprise,meld,train,train
Raw_Data/MELD/train/dia145_utt16.wav,surprise,meld,train,train
Raw_Data/MELD/train/dia47_utt9.wav,neutral,meld,train,train
Raw_Data/MELD/train/dia743_utt3.wav,fear,meld,train,train
Raw_Data/MELD/train/dia477_utt18.wav,neutral,meld,train,train
Raw_Data/MELD/train/dia1027_utt0.wav,neutral,meld,train,train
Raw_Data/MELD/test/dia108_utt0.wav,disgust,meld,test,train
Raw_Data/MELD/test/dia48_utt4.wav,happy,meld,test,train
Raw_Data/MELD/train/dia119_utt7.wav,surprise,meld,train,train
Raw_Data/MELD/train/dia983_utt5.wav,angry,meld,train,train
Raw_Data/MELD/dev/dia49_utt13.wav,angry,meld,dev,train
Raw_Data/MELD/train/dia989_utt1.wav,neutral,meld,train,train
Raw_Data/MELD/dev/dia18_utt10.wav,angry,meld,dev,train
Raw_Data/MELD/dev/dia7_utt3.wav,neutral,meld,dev,train
Raw_Data/MELD/train/dia835_utt2.wav,angry,meld,train,train
Raw_Data/MELD/train/dia256_utt15.wav,neutral,meld,train,train
Raw_Data/MELD/test/dia164_utt6.wav,neutral,meld,test,train
Raw_Data/MELD/train/dia356_utt19.wav,neutral,meld,train,train
Raw_Data/MELD/train/dia464_utt1.wav,surprise,meld,train,train
Raw_Data/MELD/test/dia70_utt12.wav,angry,meld,test,train
Raw_Data/MELD/train/dia949_utt6.wav,sad,meld,train,train
Raw_Data/MELD/train/dia122_utt7.wav,happy,meld,train,train
Raw_Data/MELD/train/dia197_utt3.wav,surprise,meld,train,train
Raw_Data/MELD/train/dia301_utt12.wav,disgust,meld,train,train
Raw_Data/MELD/train/dia302_utt4.wav,neutral,meld,train,train
Raw_Data/MELD/train/dia573_utt2.wav,neutral,meld,train,train
Raw_Data/MELD/train/dia798_utt0.wav,disgust,meld,train,train
Raw_Data/MELD/train/dia445_utt6.wav,neutral,meld,train,train
Raw_Data/MELD/train/dia464_utt11.wav,happy,meld,train,train
Raw_Data/MELD/train/dia163_utt3.wav,angry,meld,train,train
Raw_Data/MELD/train/dia1038_utt17.wav,happy,meld,train,train
Raw_Data/MELD/train/dia329_utt4.wav,angry,meld,train,train
Raw_Data/MELD/train/dia360_utt5.wav,neutral,meld,train,train
Raw_Data/MELD/train/dia334_utt6.wav,neutral,meld,train,train
Raw_Data/MELD/train/dia210_utt5.wav,angry,meld,train,train
Raw_Data/MELD/train/dia707_utt12.wav,angry,meld,train,train
Raw_Data/MELD/test/dia186_utt1.wav,neutral,meld,test,train
Raw_Data/MELD/train/dia273_utt2.wav,sad,meld,train,train
Raw_Data/MELD/train/dia463_utt13.wav,neutral,meld,train,train
Raw_Data/MELD/train/dia404_utt18.wav,neutral,meld,train,train
Raw_Data/MELD/train/dia109_utt17.wav,fear,meld,train,train
Raw_Data/MELD/test/dia45_utt1.wav,neutral,meld,test,train
Raw_Data/MELD/train/dia445_utt20.wav,sad,meld,train,train
Raw_Data/MELD/train/dia428_utt6.wav,angry,meld,train,train
Raw_Data/MELD/train/dia518_utt6.wav,neutral,meld,train,train
Raw_Data/MELD/train/dia817_utt2.wav,neutral,meld,train,train
Raw_Data/MELD/train/dia356_utt2.wav,neutral,meld,train,train
Raw_Data/MELD/test/dia268_utt0.wav,surprise,meld,test,train
Raw_Data/MELD/train/dia431_utt16.wav,angry,meld,train,train
Raw_Data/MELD/test/dia161_utt8.wav,neutral,meld,test,train
Raw_Data/MELD/test/dia240_utt3.wav,sad,meld,test,train
Raw_Data/MELD/train/dia939_utt9.wav,sad,meld,train,train
Raw_Data/MELD/test/dia258_utt3.wav,neutral,meld,test,train
Raw_Data/MELD/train/dia361_utt0.wav,neutral,meld,train,train
Raw_Data/MELD/test/dia269_utt0.wav,neutral,meld,test,train
Raw_Data/MELD/train/dia820_utt18.wav,surprise,meld,train,train
Raw_Data/MELD/train/dia646_utt15.wav,neutral,meld,train,train
Raw_Data/MELD/train/dia510_utt5.wav,surprise,meld,train,train
Raw_Data/MELD/train/dia108_utt1.wav,neutral,meld,train,train
Raw_Data/MELD/train/dia558_utt0.wav,happy,meld,train,train
Raw_Data/MELD/train/dia870_utt2.wav,neutral,meld,train,train
Raw_Data/MELD/test/dia5_utt2.wav,neutral,meld,test,train
Raw_Data/MELD/train/dia772_utt13.wav,happy,meld,train,train
Raw_Data/MELD/train/dia398_utt13.wav,neutral,meld,train,train
Raw_Data/MELD/train/dia955_utt3.wav,angry,meld,train,train
Raw_Data/MELD/dev/dia13_utt8.wav,happy,meld,dev,train
Raw_Data/MELD/train/dia344_utt9.wav,neutral,meld,train,train
Raw_Data/MELD/train/dia377_utt4.wav,surprise,meld,train,train
Raw_Data/MELD/train/dia296_utt8.wav,neutral,meld,train,train
Raw_Data/MELD/train/dia6_utt1.wav,surprise,meld,train,train
Raw_Data/MELD/test/dia124_utt7.wav,angry,meld,test,train
Raw_Data/MELD/train/dia832_utt15.wav,happy,meld,train,train
Raw_Data/MELD/train/dia355_utt4.wav,neutral,meld,train,train
Raw_Data/MELD/train/dia120_utt7.wav,neutral,meld,train,train
Raw_Data/MELD/train/dia245_utt4.wav,neutral,meld,train,train
Raw_Data/MELD/test/dia279_utt15.wav,neutral,meld,test,train
Raw_Data/MELD/test/dia125_utt3.wav,neutral,meld,test,train
Raw_Data/MELD/train/dia295_utt20.wav,angry,meld,train,train
Raw_Data/MELD/train/dia101_utt0.wav,neutral,meld,train,train
Raw_Data/MELD/train/dia796_utt3.wav,neutral,meld,train,train
Raw_Data/MELD/train/dia486_utt14.wav,sad,meld,train,train
Raw_Data/MELD/test/dia271_utt1.wav,neutral,meld,test,train
Raw_Data/MELD/train/dia189_utt13.wav,angry,meld,train,train
Raw_Data/MELD/train/dia15_utt14.wav,neutral,meld,train,train
Raw_Data/MELD/test/dia201_utt8.wav,angry,meld,test,train
Raw_Data/MELD/train/dia197_utt6.wav,neutral,meld,train,train
Raw_Data/MELD/train/dia926_utt2.wav,sad,meld,train,train
Raw_Data/MELD/train/dia657_utt19.wav,neutral,meld,train,train
Raw_Data/MELD/dev/dia108_utt6.wav,angry,meld,dev,train
Raw_Data/MELD/test/dia203_utt8.wav,happy,meld,test,train
Raw_Data/MELD/test/dia111_utt13.wav,surprise,meld,test,train
Raw_Data/MELD/train/dia1011_utt2.wav,happy,meld,train,train
Raw_Data/MELD/train/dia933_utt7.wav,neutral,meld,train,train
Raw_Data/MELD/train/dia979_utt2.wav,happy,meld,train,train
Raw_Data/MELD/test/dia15_utt1.wav,happy,meld,test,train
Raw_Data/MELD/train/dia680_utt6.wav,neutral,meld,train,train
Raw_Data/MELD/train/dia861_utt4.wav,surprise,meld,train,train
Raw_Data/MELD/dev/dia90_utt5.wav,angry,meld,dev,train
Raw_Data/MELD/test/dia202_utt2.wav,happy,meld,test,train
Raw_Data/MELD/train/dia509_utt5.wav,neutral,meld,train,train
Raw_Data/MELD/train/dia930_utt7.wav,neutral,meld,train,train
Raw_Data/MELD/train/dia959_utt1.wav,sad,meld,train,train
Raw_Data/MELD/train/dia905_utt16.wav,happy,meld,train,train
Raw_Data/MELD/train/dia93_utt4.wav,neutral,meld,train,train
Raw_Data/MELD/test/dia64_utt4.wav,angry,meld,test,train
Raw_Data/MELD/train/dia1009_utt3.wav,neutral,meld,train,train
Raw_Data/MELD/train/dia260_utt10.wav,fear,meld,train,train
Raw_Data/MELD/dev/dia21_utt1.wav,neutral,meld,dev,train
Raw_Data/MELD/train/dia915_utt6.wav,neutral,meld,train,train
Raw_Data/MELD/train/dia488_utt2.wav,neutral,meld,train,train
Raw_Data/MELD/test/dia24_utt1.wav,happy,meld,test,train
Raw_Data/MELD/train/dia51_utt1.wav,sad,meld,train,train
Raw_Data/MELD/train/dia546_utt5.wav,neutral,meld,train,train
Raw_Data/MELD/test/dia109_utt6.wav,neutral,meld,test,train
Raw_Data/MELD/train/dia173_utt5.wav,neutral,meld,train,train
Raw_Data/MELD/train/dia511_utt2.wav,fear,meld,train,train
Raw_Data/MELD/test/dia153_utt7.wav,neutral,meld,test,train
Raw_Data/MELD/train/dia46_utt0.wav,happy,meld,train,train
Raw_Data/MELD/dev/dia34_utt9.wav,neutral,meld,dev,train
Raw_Data/MELD/dev/dia5_utt3.wav,angry,meld,dev,train
Raw_Data/MELD/train/dia901_utt16.wav,neutral,meld,train,train
Raw_Data/MELD/train/dia54_utt12.wav,fear,meld,train,train
Raw_Data/MELD/train/dia889_utt5.wav,surprise,meld,train,train
Raw_Data/MELD/train/dia844_utt5.wav,sad,meld,train,train
Raw_Data/MELD/train/dia445_utt7.wav,surprise,meld,train,train
Raw_Data/MELD/test/dia17_utt7.wav,angry,meld,test,train
Raw_Data/MELD/test/dia266_utt8.wav,happy,meld,test,train
Raw_Data/MELD/train/dia961_utt0.wav,neutral,meld,train,train
Raw_Data/MELD/test/dia41_utt7.wav,neutral,meld,test,train
Raw_Data/MELD/train/dia553_utt8.wav,happy,meld,train,train
Raw_Data/MELD/dev/dia93_utt7.wav,sad,meld,dev,train
Raw_Data/MELD/train/dia512_utt7.wav,happy,meld,train,train
Raw_Data/MELD/train/dia307_utt11.wav,neutral,meld,train,train
Raw_Data/MELD/test/dia214_utt7.wav,happy,meld,test,train
Raw_Data/MELD/train/dia722_utt12.wav,happy,meld,train,train
Raw_Data/MELD/train/dia464_utt12.wav,neutral,meld,train,train
Raw_Data/MELD/train/dia380_utt3.wav,neutral,meld,train,train
Raw_Data/MELD/test/dia217_utt6.wav,fear,meld,test,train
Raw_Data/MELD/test/dia125_utt9.wav,neutral,meld,test,train
Raw_Data/MELD/train/dia226_utt5.wav,neutral,meld,train,train
Raw_Data/MELD/dev/dia56_utt3.wav,neutral,meld,dev,train
Raw_Data/MELD/train/dia946_utt13.wav,angry,meld,train,train
Raw_Data/MELD/train/dia50_utt16.wav,neutral,meld,train,train
Raw_Data/MELD/train/dia407_utt5.wav,neutral,meld,train,train
Raw_Data/MELD/train/dia435_utt3.wav,surprise,meld,train,train
Raw_Data/MELD/dev/dia36_utt10.wav,fear,meld,dev,train
Raw_Data/MELD/train/dia12_utt4.wav,disgust,meld,train,train
Raw_Data/MELD/train/dia1009_utt0.wav,sad,meld,train,train
Raw_Data/MELD/train/dia41_utt5.wav,surprise,meld,train,train
Raw_Data/MELD/train/dia148_utt9.wav,neutral,meld,train,train
Raw_Data/MELD/train/dia587_utt4.wav,surprise,meld,train,train
Raw_Data/MELD/train/dia204_utt1.wav,neutral,meld,train,train
Raw_Data/MELD/test/dia133_utt5.wav,happy,meld,test,train
Raw_Data/MELD/train/dia511_utt3.wav,surprise,meld,train,train
Raw_Data/MELD/dev/dia66_utt0.wav,surprise,meld,dev,train
Raw_Data/MELD/train/dia120_utt10.wav,neutral,meld,train,train
Raw_Data/MELD/train/dia67_utt13.wav,neutral,meld,train,train
Raw_Data/MELD/train/dia349_utt9.wav,neutral,meld,train,train
Raw_Data/MELD/test/dia44_utt1.wav,neutral,meld,test,train
Raw_Data/MELD/train/dia416_utt0.wav,surprise,meld,train,train
Raw_Data/MELD/train/dia705_utt6.wav,happy,meld,train,train
Raw_Data/MELD/train/dia457_utt0.wav,neutral,meld,train,train
Raw_Data/MELD/train/dia617_utt5.wav,neutral,meld,train,train
Raw_Data/MELD/train/dia927_utt0.wav,neutral,meld,train,train
Raw_Data/MELD/train/dia884_utt13.wav,angry,meld,train,train
Raw_Data/MELD/train/dia594_utt8.wav,happy,meld,train,train
Raw_Data/MELD/test/dia115_utt2.wav,angry,meld,test,train
Raw_Data/MELD/train/dia680_utt14.wav,sad,meld,train,train
Raw_Data/MELD/train/dia646_utt16.wav,surprise,meld,train,train
Raw_Data/MELD/test/dia259_utt4.wav,angry,meld,test,train
Raw_Data/MELD/dev/dia6_utt6.wav,neutral,meld,dev,train
Raw_Data/MELD/train/dia590_utt1.wav,happy,meld,train,train
Raw_Data/MELD/test/dia267_utt0.wav,neutral,meld,test,train
Raw_Data/MELD/train/dia226_utt20.wav,neutral,meld,train,train
Raw_Data/MELD/train/dia411_utt0.wav,neutral,meld,train,train
Raw_Data/MELD/train/dia1029_utt9.wav,neutral,meld,train,train
Raw_Data/MELD/train/dia990_utt3.wav,neutral,meld,train,train
Raw_Data/MELD/train/dia1019_utt9.wav,surprise,meld,train,train
Raw_Data/MELD/train/dia261_utt3.wav,happy,meld,train,train
Raw_Data/MELD/train/dia531_utt13.wav,neutral,meld,train,train
Raw_Data/MELD/train/dia73_utt10.wav,surprise,meld,train,train
Raw_Data/MELD/train/dia596_utt16.wav,angry,meld,train,train
Raw_Data/MELD/train/dia351_utt3.wav,angry,meld,train,train
Raw_Data/MELD/train/dia192_utt7.wav,disgust,meld,train,train
Raw_Data/MELD/test/dia254_utt5.wav,angry,meld,test,train
Raw_Data/MELD/test/dia107_utt6.wav,sad,meld,test,train
Raw_Data/MELD/test/dia276_utt0.wav,neutral,meld,test,train
Raw_Data/MELD/train/dia311_utt1.wav,happy,meld,train,train
Raw_Data/MELD/train/dia955_utt2.wav,angry,meld,train,train
Raw_Data/MELD/train/dia665_utt7.wav,neutral,meld,train,train
Raw_Data/MELD/dev/dia105_utt7.wav,neutral,meld,dev,train
Raw_Data/MELD/train/dia382_utt1.wav,neutral,meld,train,train
Raw_Data/MELD/test/dia174_utt13.wav,angry,meld,test,train
Raw_Data/MELD/train/dia849_utt9.wav,neutral,meld,train,train
Raw_Data/MELD/test/dia131_utt8.wav,happy,meld,test,train
Raw_Data/MELD/train/dia360_utt0.wav,sad,meld,train,train
Raw_Data/MELD/train/dia616_utt1.wav,neutral,meld,train,train
Raw_Data/MELD/train/dia255_utt9.wav,sad,meld,train,train
Raw_Data/MELD/train/dia670_utt11.wav,happy,meld,train,train
Raw_Data/MELD/train/dia56_utt5.wav,neutral,meld,train,train
Raw_Data/MELD/train/dia869_utt7.wav,neutral,meld,train,train
Raw_Data/MELD/dev/dia48_utt2.wav,happy,meld,dev,train
Raw_Data/MELD/train/dia401_utt5.wav,neutral,meld,train,train
Raw_Data/MELD/train/dia415_utt8.wav,neutral,meld,train,train
Raw_Data/MELD/test/dia238_utt0.wav,neutral,meld,test,train
Raw_Data/MELD/train/dia937_utt6.wav,neutral,meld,train,train
Raw_Data/MELD/train/dia383_utt2.wav,happy,meld,train,train
Raw_Data/MELD/test/dia2_utt10.wav,neutral,meld,test,train
Raw_Data/MELD/train/dia102_utt2.wav,neutral,meld,train,train
Raw_Data/MELD/train/dia989_utt7.wav,neutral,meld,train,train
Raw_Data/MELD/train/dia160_utt10.wav,happy,meld,train,train
Raw_Data/MELD/dev/dia62_utt3.wav,neutral,meld,dev,train
Raw_Data/MELD/train/dia832_utt2.wav,neutral,meld,train,train
Raw_Data/MELD/train/dia231_utt14.wav,neutral,meld,train,train
Raw_Data/MELD/train/dia1036_utt8.wav,sad,meld,train,train
Raw_Data/MELD/train/dia1011_utt12.wav,neutral,meld,train,train
Raw_Data/MELD/train/dia768_utt1.wav,sad,meld,train,train
Raw_Data/MELD/train/dia415_utt10.wav,surprise,meld,train,train
Raw_Data/MELD/train/dia886_utt2.wav,neutral,meld,train,train
Raw_Data/MELD/train/dia312_utt16.wav,neutral,meld,train,train
Raw_Data/MELD/train/dia804_utt6.wav,disgust,meld,train,train
Raw_Data/MELD/train/dia872_utt3.wav,surprise,meld,train,train
Raw_Data/MELD/train/dia330_utt2.wav,happy,meld,train,train
Raw_Data/MELD/test/dia33_utt7.wav,neutral,meld,test,train
Raw_Data/MELD/test/dia128_utt6.wav,disgust,meld,test,train
Raw_Data/MELD/train/dia288_utt12.wav,surprise,meld,train,train
Raw_Data/MELD/train/dia646_utt18.wav,neutral,meld,train,train
Raw_Data/MELD/train/dia189_utt10.wav,neutral,meld,train,train
Raw_Data/MELD/train/dia955_utt1.wav,angry,meld,train,train
Raw_Data/MELD/train/dia207_utt13.wav,happy,meld,train,train
Raw_Data/MELD/train/dia456_utt3.wav,surprise,meld,train,train
Raw_Data/MELD/test/dia167_utt12.wav,neutral,meld,test,train
Raw_Data/MELD/train/dia111_utt13.wav,fear,meld,train,train
Raw_Data/MELD/train/dia206_utt1.wav,angry,meld,train,train
Raw_Data/MELD/train/dia12_utt10.wav,disgust,meld,train,train
Raw_Data/MELD/train/dia657_utt14.wav,sad,meld,train,train
Raw_Data/MELD/dev/dia37_utt4.wav,surprise,meld,dev,train
Raw_Data/MELD/train/dia693_utt2.wav,angry,meld,train,train
Raw_Data/MELD/dev/dia88_utt2.wav,surprise,meld,dev,train
Raw_Data/MELD/train/dia307_utt5.wav,neutral,meld,train,train
Raw_Data/MELD/train/dia991_utt8.wav,surprise,meld,train,train
Raw_Data/MELD/test/dia120_utt0.wav,happy,meld,test,train
Raw_Data/MELD/train/dia908_utt6.wav,surprise,meld,train,train
Raw_Data/MELD/train/dia664_utt1.wav,sad,meld,train,train
Raw_Data/MELD/train/dia99_utt13.wav,happy,meld,train,train
Raw_Data/MELD/train/dia40_utt0.wav,angry,meld,train,train
Raw_Data/MELD/train/dia925_utt6.wav,neutral,meld,train,train
Raw_Data/MELD/test/dia252_utt11.wav,sad,meld,test,train
Raw_Data/MELD/train/dia223_utt2.wav,neutral,meld,train,train
Raw_Data/MELD/test/dia240_utt10.wav,surprise,meld,test,train
Raw_Data/MELD/dev/dia24_utt6.wav,neutral,meld,dev,train
Raw_Data/MELD/test/dia95_utt1.wav,happy,meld,test,train
Raw_Data/MELD/train/dia614_utt5.wav,neutral,meld,train,train
Raw_Data/MELD/train/dia55_utt7.wav,neutral,meld,train,train
Raw_Data/MELD/train/dia521_utt2.wav,sad,meld,train,train
Raw_Data/MELD/train/dia10_utt2.wav,angry,meld,train,train
Raw_Data/MELD/train/dia628_utt12.wav,neutral,meld,train,train
Raw_Data/MELD/train/dia778_utt6.wav,surprise,meld,train,train
Raw_Data/MELD/train/dia870_utt4.wav,neutral,meld,train,train
Raw_Data/MELD/train/dia199_utt2.wav,happy,meld,train,train
Raw_Data/MELD/train/dia897_utt10.wav,neutral,meld,train,train
Raw_Data/MELD/train/dia992_utt11.wav,neutral,meld,train,train
Raw_Data/MELD/train/dia610_utt4.wav,happy,meld,train,train
Raw_Data/MELD/train/dia531_utt2.wav,fear,meld,train,train
Raw_Data/MELD/train/dia354_utt3.wav,neutral,meld,train,train
Raw_Data/MELD/train/dia632_utt15.wav,neutral,meld,train,train
Raw_Data/MELD/train/dia810_utt2.wav,fear,meld,train,train
Raw_Data/MELD/train/dia811_utt7.wav,neutral,meld,train,train
Raw_Data/MELD/train/dia861_utt3.wav,angry,meld,train,train
Raw_Data/MELD/dev/dia94_utt8.wav,neutral,meld,dev,train
Raw_Data/MELD/train/dia596_utt4.wav,neutral,meld,train,train
Raw_Data/MELD/test/dia186_utt2.wav,neutral,meld,test,train
Raw_Data/MELD/train/dia809_utt5.wav,happy,meld,train,train
Raw_Data/MELD/train/dia662_utt4.wav,neutral,meld,train,train
Raw_Data/MELD/train/dia350_utt5.wav,neutral,meld,train,train
Raw_Data/MELD/train/dia365_utt1.wav,neutral,meld,train,train
Raw_Data/MELD/test/dia184_utt5.wav,neutral,meld,test,train
Raw_Data/MELD/train/dia424_utt3.wav,neutral,meld,train,train
Raw_Data/MELD/train/dia612_utt9.wav,neutral,meld,train,train
Raw_Data/MELD/dev/dia30_utt4.wav,angry,meld,dev,train
Raw_Data/MELD/train/dia121_utt5.wav,angry,meld,train,train
Raw_Data/MELD/train/dia500_utt1.wav,happy,meld,train,train
Raw_Data/MELD/dev/dia34_utt6.wav,fear,meld,dev,train
Raw_Data/MELD/train/dia933_utt6.wav,neutral,meld,train,train
Raw_Data/MELD/train/dia574_utt10.wav,neutral,meld,train,train
Raw_Data/MELD/train/dia195_utt9.wav,neutral,meld,train,train
Raw_Data/MELD/train/dia192_utt5.wav,disgust,meld,train,train
Raw_Data/MELD/test/dia154_utt6.wav,surprise,meld,test,train
Raw_Data/MELD/train/dia978_utt4.wav,happy,meld,train,train
Raw_Data/MELD/train/dia499_utt12.wav,neutral,meld,train,train
Raw_Data/MELD/train/dia657_utt11.wav,surprise,meld,train,train
Raw_Data/MELD/train/dia714_utt0.wav,neutral,meld,train,train
Raw_Data/MELD/train/dia241_utt6.wav,neutral,meld,train,train
Raw_Data/MELD/test/dia179_utt2.wav,surprise,meld,test,train
Raw_Data/MELD/train/dia128_utt3.wav,happy,meld,train,train
Raw_Data/MELD/train/dia571_utt5.wav,neutral,meld,train,train
Raw_Data/MELD/test/dia158_utt5.wav,neutral,meld,test,train
Raw_Data/MELD/test/dia58_utt16.wav,sad,meld,test,train
Raw_Data/MELD/train/dia237_utt10.wav,neutral,meld,train,train
Raw_Data/MELD/train/dia537_utt4.wav,neutral,meld,train,train
Raw_Data/MELD/train/dia372_utt12.wav,neutral,meld,train,train
Raw_Data/MELD/train/dia717_utt5.wav,neutral,meld,train,train
Raw_Data/MELD/train/dia508_utt9.wav,neutral,meld,train,train
Raw_Data/MELD/test/dia234_utt1.wav,surprise,meld,test,train
Raw_Data/MELD/train/dia337_utt1.wav,surprise,meld,train,train
Raw_Data/MELD/train/dia236_utt5.wav,angry,meld,train,train
Raw_Data/MELD/test/dia174_utt6.wav,sad,meld,test,train
Raw_Data/MELD/dev/dia102_utt1.wav,neutral,meld,dev,train
Raw_Data/MELD/train/dia39_utt2.wav,surprise,meld,train,train
Raw_Data/MELD/train/dia147_utt2.wav,neutral,meld,train,train
Raw_Data/MELD/train/dia448_utt8.wav,angry,meld,train,train
Raw_Data/MELD/train/dia322_utt1.wav,surprise,meld,train,train
Raw_Data/MELD/train/dia253_utt9.wav,fear,meld,train,train
Raw_Data/MELD/train/dia525_utt7.wav,surprise,meld,train,train
Raw_Data/MELD/test/dia32_utt1.wav,happy,meld,test,train
Raw_Data/MELD/train/dia868_utt2.wav,neutral,meld,train,train
Raw_Data/MELD/dev/dia45_utt10.wav,neutral,meld,dev,train
Raw_Data/MELD/test/dia83_utt5.wav,angry,meld,test,train
Raw_Data/MELD/train/dia768_utt5.wav,happy,meld,train,train
Raw_Data/MELD/train/dia482_utt8.wav,neutral,meld,train,train
Raw_Data/MELD/train/dia623_utt6.wav,neutral,meld,train,train
Raw_Data/MELD/train/dia613_utt9.wav,angry,meld,train,train
Raw_Data/MELD/dev/dia48_utt7.wav,sad,meld,dev,train
Raw_Data/MELD/train/dia279_utt7.wav,neutral,meld,train,train
Raw_Data/MELD/train/dia43_utt6.wav,neutral,meld,train,train
Raw_Data/MELD/train/dia878_utt0.wav,happy,meld,train,train
Raw_Data/MELD/test/dia188_utt7.wav,neutral,meld,test,train
Raw_Data/MELD/train/dia635_utt0.wav,surprise,meld,train,train
Raw_Data/MELD/train/dia508_utt12.wav,surprise,meld,train,train
Raw_Data/MELD/dev/dia6_utt0.wav,happy,meld,dev,train
Raw_Data/MELD/train/dia715_utt0.wav,neutral,meld,train,train
Raw_Data/MELD/train/dia512_utt9.wav,fear,meld,train,train
Raw_Data/MELD/dev/dia54_utt1.wav,neutral,meld,dev,train
Raw_Data/MELD/test/dia70_utt9.wav,disgust,meld,test,train
Raw_Data/MELD/train/dia344_utt10.wav,surprise,meld,train,train
Raw_Data/MELD/train/dia686_utt3.wav,angry,meld,train,train
Raw_Data/MELD/train/dia695_utt5.wav,angry,meld,train,train
Raw_Data/MELD/train/dia274_utt6.wav,angry,meld,train,train
Raw_Data/MELD/train/dia887_utt6.wav,angry,meld,train,train
Raw_Data/MELD/train/dia786_utt0.wav,neutral,meld,train,train
Raw_Data/MELD/train/dia397_utt0.wav,angry,meld,train,train
Raw_Data/MELD/test/dia168_utt18.wav,neutral,meld,test,train
Raw_Data/MELD/train/dia211_utt3.wav,neutral,meld,train,train
Raw_Data/MELD/train/dia613_utt5.wav,neutral,meld,train,train
Raw_Data/MELD/train/dia89_utt6.wav,happy,meld,train,train
Raw_Data/MELD/train/dia281_utt1.wav,happy,meld,train,train
Raw_Data/MELD/train/dia571_utt7.wav,neutral,meld,train,train
Raw_Data/MELD/train/dia116_utt0.wav,neutral,meld,train,train
Raw_Data/MELD/dev/dia0_utt1.wav,surprise,meld,dev,train
Raw_Data/MELD/train/dia509_utt1.wav,neutral,meld,train,train
Raw_Data/MELD/dev/dia30_utt2.wav,fear,meld,dev,train
Raw_Data/MELD/test/dia111_utt1.wav,neutral,meld,test,train
Raw_Data/MELD/train/dia184_utt9.wav,happy,meld,train,train
Raw_Data/MELD/train/dia148_utt2.wav,angry,meld,train,train
Raw_Data/MELD/train/dia184_utt14.wav,neutral,meld,train,train
Raw_Data/MELD/train/dia670_utt14.wav,neutral,meld,train,train
Raw_Data/MELD/train/dia119_utt12.wav,angry,meld,train,train
Raw_Data/MELD/train/dia799_utt0.wav,fear,meld,train,train
Raw_Data/MELD/train/dia900_utt9.wav,neutral,meld,train,train
Raw_Data/MELD/train/dia679_utt16.wav,neutral,meld,train,train
Raw_Data/MELD/train/dia193_utt6.wav,neutral,meld,train,train
Raw_Data/MELD/train/dia274_utt10.wav,fear,meld,train,train
Raw_Data/MELD/train/dia1025_utt2.wav,angry,meld,train,train
Raw_Data/MELD/test/dia150_utt4.wav,sad,meld,test,train
Raw_Data/MELD/train/dia324_utt4.wav,neutral,meld,train,train
Raw_Data/MELD/train/dia991_utt9.wav,neutral,meld,train,train
Raw_Data/MELD/test/dia14_utt2.wav,happy,meld,test,train
Raw_Data/MELD/train/dia253_utt0.wav,neutral,meld,train,train
Raw_Data/MELD/train/dia172_utt0.wav,neutral,meld,train,train
Raw_Data/MELD/train/dia76_utt7.wav,sad,meld,train,train
Raw_Data/MELD/test/dia96_utt16.wav,neutral,meld,test,train
Raw_Data/MELD/train/dia924_utt0.wav,happy,meld,train,train
Raw_Data/MELD/train/dia819_utt2.wav,neutral,meld,train,train
Raw_Data/MELD/train/dia33_utt0.wav,fear,meld,train,train
Raw_Data/MELD/train/dia32_utt9.wav,surprise,meld,train,train
Raw_Data/MELD/train/dia295_utt3.wav,surprise,meld,train,train
Raw_Data/MELD/train/dia186_utt4.wav,neutral,meld,train,train
Raw_Data/MELD/train/dia735_utt13.wav,neutral,meld,train,train
Raw_Data/MELD/train/dia614_utt15.wav,neutral,meld,train,train
Raw_Data/MELD/train/dia990_utt14.wav,neutral,meld,train,train
Raw_Data/MELD/train/dia841_utt15.wav,neutral,meld,train,train
Raw_Data/MELD/train/dia159_utt6.wav,happy,meld,train,train
Raw_Data/MELD/train/dia874_utt4.wav,sad,meld,train,train
Raw_Data/MELD/test/dia9_utt14.wav,neutral,meld,test,train
Raw_Data/MELD/train/dia634_utt5.wav,sad,meld,train,train
Raw_Data/MELD/train/dia719_utt5.wav,neutral,meld,train,train
Raw_Data/MELD/test/dia156_utt3.wav,neutral,meld,test,train
Raw_Data/MELD/test/dia83_utt3.wav,neutral,meld,test,train
Raw_Data/MELD/train/dia702_utt1.wav,sad,meld,train,train
Raw_Data/MELD/train/dia973_utt8.wav,neutral,meld,train,train
Raw_Data/MELD/train/dia835_utt11.wav,neutral,meld,train,train
Raw_Data/MELD/train/dia603_utt1.wav,neutral,meld,train,train
Raw_Data/MELD/dev/dia58_utt8.wav,neutral,meld,dev,train
Raw_Data/MELD/test/dia145_utt11.wav,neutral,meld,test,train
Raw_Data/MELD/train/dia964_utt16.wav,sad,meld,train,train
Raw_Data/MELD/train/dia81_utt0.wav,neutral,meld,train,train
Raw_Data/MELD/train/dia338_utt14.wav,neutral,meld,train,train
Raw_Data/MELD/train/dia452_utt3.wav,surprise,meld,train,train
Raw_Data/MELD/train/dia249_utt1.wav,neutral,meld,train,train
Raw_Data/MELD/dev/dia55_utt0.wav,sad,meld,dev,train
Raw_Data/MELD/train/dia1005_utt17.wav,neutral,meld,train,train
Raw_Data/MELD/train/dia908_utt12.wav,happy,meld,train,train
Raw_Data/MELD/train/dia832_utt10.wav,happy,meld,train,train
Raw_Data/MELD/train/dia744_utt10.wav,disgust,meld,train,train
Raw_Data/MELD/train/dia494_utt0.wav,neutral,meld,train,train
Raw_Data/MELD/train/dia424_utt10.wav,neutral,meld,train,train
Raw_Data/MELD/train/dia1029_utt0.wav,surprise,meld,train,train
Raw_Data/MELD/train/dia199_utt0.wav,sad,meld,train,train
Raw_Data/MELD/test/dia178_utt7.wav,neutral,meld,test,train
Raw_Data/MELD/train/dia908_utt7.wav,angry,meld,train,train
Raw_Data/MELD/train/dia817_utt0.wav,happy,meld,train,train
Raw_Data/MELD/train/dia57_utt3.wav,fear,meld,train,train
Raw_Data/MELD/train/dia12_utt2.wav,disgust,meld,train,train
Raw_Data/MELD/test/dia199_utt14.wav,sad,meld,test,train
Raw_Data/MELD/train/dia479_utt7.wav,disgust,meld,train,train
Raw_Data/MELD/train/dia508_utt15.wav,neutral,meld,train,train
Raw_Data/MELD/train/dia287_utt8.wav,neutral,meld,train,train
Raw_Data/MELD/test/dia108_utt8.wav,surprise,meld,test,train
Raw_Data/MELD/train/dia874_utt8.wav,angry,meld,train,train
Raw_Data/MELD/test/dia154_utt0.wav,happy,meld,test,train
Raw_Data/MELD/test/dia208_utt8.wav,surprise,meld,test,train
Raw_Data/MELD/train/dia261_utt2.wav,neutral,meld,train,train
Raw_Data/MELD/train/dia802_utt0.wav,happy,meld,train,train
Raw_Data/MELD/train/dia671_utt14.wav,neutral,meld,train,train
Raw_Data/MELD/train/dia841_utt12.wav,happy,meld,train,train
Raw_Data/MELD/train/dia634_utt1.wav,neutral,meld,train,train
Raw_Data/MELD/dev/dia44_utt6.wav,neutral,meld,dev,train
Raw_Data/MELD/train/dia331_utt4.wav,sad,meld,train,train
Raw_Data/MELD/train/dia810_utt0.wav,surprise,meld,train,train
Raw_Data/MELD/dev/dia63_utt11.wav,happy,meld,dev,train
Raw_Data/MELD/train/dia80_utt0.wav,neutral,meld,train,train
Raw_Data/MELD/dev/dia47_utt4.wav,neutral,meld,dev,train
Raw_Data/MELD/test/dia175_utt6.wav,happy,meld,test,train
Raw_Data/MELD/train/dia99_utt11.wav,angry,meld,train,train
Raw_Data/MELD/train/dia821_utt7.wav,surprise,meld,train,train
Raw_Data/MELD/test/dia113_utt14.wav,surprise,meld,test,train
Raw_Data/MELD/train/dia869_utt17.wav,neutral,meld,train,train
Raw_Data/MELD/train/dia765_utt1.wav,happy,meld,train,train
Raw_Data/MELD/test/dia125_utt2.wav,neutral,meld,test,train
Raw_Data/MELD/train/dia843_utt14.wav,neutral,meld,train,train
Raw_Data/MELD/train/dia100_utt7.wav,surprise,meld,train,train
Raw_Data/MELD/train/dia66_utt9.wav,happy,meld,train,train
Raw_Data/MELD/train/dia456_utt7.wav,angry,meld,train,train
Raw_Data/MELD/train/dia335_utt0.wav,neutral,meld,train,train
Raw_Data/MELD/train/dia585_utt2.wav,sad,meld,train,train
Raw_Data/MELD/train/dia964_utt9.wav,angry,meld,train,train
Raw_Data/MELD/train/dia32_utt15.wav,neutral,meld,train,train
Raw_Data/MELD/train/dia632_utt7.wav,disgust,meld,train,train
Raw_Data/MELD/train/dia646_utt20.wav,angry,meld,train,train
Raw_Data/MELD/train/dia245_utt2.wav,happy,meld,train,train
Raw_Data/MELD/train/dia232_utt1.wav,neutral,meld,train,train
Raw_Data/MELD/train/dia680_utt8.wav,happy,meld,train,train
Raw_Data/MELD/train/dia466_utt5.wav,neutral,meld,train,train
Raw_Data/MELD/train/dia414_utt8.wav,happy,meld,train,train
Raw_Data/MELD/train/dia676_utt13.wav,neutral,meld,train,train
Raw_Data/MELD/train/dia842_utt0.wav,neutral,meld,train,train
Raw_Data/MELD/train/dia662_utt1.wav,neutral,meld,train,train
Raw_Data/MELD/train/dia536_utt7.wav,surprise,meld,train,train
Raw_Data/MELD/train/dia912_utt5.wav,neutral,meld,train,train
Raw_Data/MELD/test/dia205_utt5.wav,disgust,meld,test,train
Raw_Data/MELD/dev/dia40_utt0.wav,surprise,meld,dev,train
Raw_Data/MELD/train/dia258_utt1.wav,neutral,meld,train,train
Raw_Data/MELD/dev/dia91_utt6.wav,disgust,meld,dev,train
Raw_Data/MELD/dev/dia83_utt0.wav,angry,meld,dev,train
Raw_Data/MELD/train/dia147_utt1.wav,neutral,meld,train,train
Raw_Data/MELD/train/dia3_utt0.wav,surprise,meld,train,train
Raw_Data/MELD/train/dia809_utt9.wav,surprise,meld,train,train
Raw_Data/MELD/train/dia418_utt17.wav,neutral,meld,train,train
Raw_Data/MELD/test/dia184_utt11.wav,surprise,meld,test,train
Raw_Data/MELD/test/dia233_utt0.wav,angry,meld,test,train
Raw_Data/MELD/test/dia113_utt0.wav,angry,meld,test,train
Raw_Data/MELD/train/dia674_utt8.wav,neutral,meld,train,train
Raw_Data/MELD/dev/dia85_utt11.wav,surprise,meld,dev,train
Raw_Data/MELD/train/dia515_utt5.wav,neutral,meld,train,train
Raw_Data/MELD/train/dia292_utt0.wav,neutral,meld,train,train
Raw_Data/MELD/train/dia962_utt0.wav,happy,meld,train,train
Raw_Data/MELD/train/dia843_utt7.wav,sad,meld,train,train
Raw_Data/MELD/train/dia136_utt4.wav,neutral,meld,train,train
Raw_Data/MELD/train/dia146_utt0.wav,neutral,meld,train,train
Raw_Data/MELD/train/dia541_utt12.wav,neutral,meld,train,train
Raw_Data/MELD/train/dia44_utt0.wav,neutral,meld,train,train
Raw_Data/MELD/train/dia155_utt9.wav,happy,meld,train,train
Raw_Data/MELD/train/dia946_utt10.wav,neutral,meld,train,train
Raw_Data/MELD/train/dia264_utt17.wav,neutral,meld,train,train
Raw_Data/MELD/train/dia512_utt4.wav,neutral,meld,train,train
Raw_Data/MELD/train/dia649_utt16.wav,neutral,meld,train,train
Raw_Data/MELD/test/dia9_utt16.wav,neutral,meld,test,train
Raw_Data/MELD/test/dia226_utt2.wav,neutral,meld,test,train
Raw_Data/MELD/train/dia964_utt4.wav,surprise,meld,train,train
Raw_Data/MELD/test/dia15_utt0.wav,happy,meld,test,train
Raw_Data/MELD/train/dia410_utt15.wav,happy,meld,train,train
Raw_Data/MELD/train/dia978_utt1.wav,happy,meld,train,train
Raw_Data/MELD/test/dia208_utt0.wav,neutral,meld,test,train
Raw_Data/MELD/test/dia205_utt1.wav,angry,meld,test,train
Raw_Data/MELD/test/dia154_utt11.wav,happy,meld,test,train
Raw_Data/MELD/train/dia991_utt7.wav,surprise,meld,train,train
Raw_Data/MELD/train/dia517_utt0.wav,angry,meld,train,train
Raw_Data/MELD/train/dia651_utt3.wav,neutral,meld,train,train
Raw_Data/MELD/train/dia463_utt4.wav,surprise,meld,train,train
Raw_Data/MELD/dev/dia30_utt7.wav,neutral,meld,dev,train
Raw_Data/MELD/train/dia258_utt4.wav,neutral,meld,train,train
Raw_Data/MELD/train/dia846_utt2.wav,neutral,meld,train,train
Raw_Data/MELD/train/dia520_utt2.wav,surprise,meld,train,train
Raw_Data/MELD/train/dia335_utt3.wav,neutral,meld,train,train
Raw_Data/MELD/train/dia841_utt3.wav,neutral,meld,train,train
Raw_Data/MELD/train/dia920_utt0.wav,sad,meld,train,train
Raw_Data/MELD/train/dia440_utt7.wav,neutral,meld,train,train
Raw_Data/MELD/train/dia853_utt0.wav,neutral,meld,train,train
Raw_Data/MELD/train/dia794_utt3.wav,angry,meld,train,train
Raw_Data/MELD/train/dia966_utt0.wav,happy,meld,train,train
Raw_Data/MELD/train/dia450_utt2.wav,neutral,meld,train,train
Raw_Data/MELD/test/dia165_utt3.wav,disgust,meld,test,train
Raw_Data/MELD/train/dia918_utt8.wav,sad,meld,train,train
Raw_Data/MELD/dev/dia13_utt16.wav,happy,meld,dev,train
Raw_Data/MELD/train/dia463_utt0.wav,happy,meld,train,train
Raw_Data/MELD/train/dia759_utt5.wav,angry,meld,train,train
Raw_Data/MELD/train/dia122_utt8.wav,happy,meld,train,train
Raw_Data/MELD/train/dia281_utt8.wav,disgust,meld,train,train
Raw_Data/MELD/train/dia908_utt13.wav,angry,meld,train,train
Raw_Data/MELD/train/dia887_utt0.wav,neutral,meld,train,train
Raw_Data/MELD/train/dia306_utt0.wav,happy,meld,train,train
Raw_Data/MELD/test/dia78_utt9.wav,happy,meld,test,train
Raw_Data/MELD/test/dia144_utt3.wav,neutral,meld,test,train
Raw_Data/MELD/train/dia228_utt2.wav,neutral,meld,train,train
Raw_Data/MELD/train/dia72_utt0.wav,neutral,meld,train,train
Raw_Data/MELD/test/dia144_utt7.wav,neutral,meld,test,train
Raw_Data/MELD/train/dia96_utt4.wav,neutral,meld,train,train
Raw_Data/MELD/test/dia29_utt5.wav,surprise,meld,test,train
Raw_Data/MELD/train/dia810_utt10.wav,neutral,meld,train,train
Raw_Data/MELD/train/dia614_utt17.wav,happy,meld,train,train
Raw_Data/MELD/train/dia843_utt12.wav,neutral,meld,train,train
Raw_Data/MELD/test/dia153_utt0.wav,neutral,meld,test,train
Raw_Data/MELD/dev/dia26_utt2.wav,surprise,meld,dev,train
Raw_Data/MELD/test/dia78_utt1.wav,neutral,meld,test,train
Raw_Data/MELD/test/dia260_utt4.wav,surprise,meld,test,train
Raw_Data/MELD/train/dia492_utt3.wav,neutral,meld,train,train
Raw_Data/MELD/train/dia762_utt4.wav,neutral,meld,train,train
Raw_Data/MELD/train/dia1006_utt5.wav,neutral,meld,train,train
Raw_Data/MELD/train/dia813_utt3.wav,angry,meld,train,train
Raw_Data/MELD/test/dia78_utt3.wav,neutral,meld,test,train
Raw_Data/MELD/train/dia573_utt1.wav,happy,meld,train,train
Raw_Data/MELD/train/dia761_utt2.wav,angry,meld,train,train
Raw_Data/MELD/train/dia367_utt0.wav,angry,meld,train,train
Raw_Data/MELD/test/dia66_utt0.wav,neutral,meld,test,train
Raw_Data/MELD/train/dia806_utt13.wav,happy,meld,train,train
Raw_Data/MELD/dev/dia66_utt11.wav,neutral,meld,dev,train
Raw_Data/MELD/train/dia1030_utt4.wav,sad,meld,train,train
Raw_Data/MELD/train/dia167_utt4.wav,neutral,meld,train,train
Raw_Data/MELD/dev/dia4_utt11.wav,surprise,meld,dev,train
Raw_Data/MELD/test/dia116_utt7.wav,neutral,meld,test,train
Raw_Data/MELD/train/dia959_utt9.wav,happy,meld,train,train
Raw_Data/MELD/train/dia295_utt14.wav,happy,meld,train,train
Raw_Data/MELD/train/dia296_utt12.wav,neutral,meld,train,train
Raw_Data/MELD/test/dia116_utt6.wav,neutral,meld,test,train
Raw_Data/MELD/test/dia109_utt5.wav,angry,meld,test,train
Raw_Data/MELD/train/dia936_utt8.wav,sad,meld,train,train
Raw_Data/MELD/train/dia896_utt4.wav,surprise,meld,train,train
Raw_Data/MELD/train/dia603_utt9.wav,surprise,meld,train,train
Raw_Data/MELD/train/dia548_utt2.wav,happy,meld,train,train
Raw_Data/MELD/train/dia560_utt1.wav,happy,meld,train,train
Raw_Data/MELD/test/dia279_utt4.wav,angry,meld,test,train
Raw_Data/MELD/train/dia256_utt14.wav,angry,meld,train,train
Raw_Data/MELD/train/dia676_utt12.wav,angry,meld,train,train
Raw_Data/MELD/dev/dia108_utt7.wav,surprise,meld,dev,train
Raw_Data/MELD/test/dia240_utt2.wav,angry,meld,test,train
Raw_Data/MELD/test/dia42_utt7.wav,surprise,meld,test,train
Raw_Data/MELD/train/dia337_utt9.wav,surprise,meld,train,train
Raw_Data/MELD/train/dia775_utt9.wav,neutral,meld,train,train
Raw_Data/MELD/train/dia898_utt1.wav,happy,meld,train,train
Raw_Data/MELD/test/dia241_utt8.wav,neutral,meld,test,train
Raw_Data/MELD/dev/dia51_utt0.wav,neutral,meld,dev,train
Raw_Data/MELD/train/dia578_utt6.wav,surprise,meld,train,train
Raw_Data/MELD/train/dia167_utt9.wav,angry,meld,train,train
Raw_Data/MELD/train/dia106_utt3.wav,neutral,meld,train,train
Raw_Data/MELD/train/dia250_utt5.wav,neutral,meld,train,train
Raw_Data/MELD/train/dia1010_utt10.wav,neutral,meld,train,train
Raw_Data/MELD/train/dia877_utt0.wav,happy,meld,train,train
Raw_Data/MELD/train/dia287_utt0.wav,neutral,meld,train,train
Raw_Data/MELD/train/dia175_utt6.wav,neutral,meld,train,train
Raw_Data/MELD/train/dia351_utt5.wav,angry,meld,train,train
Raw_Data/MELD/train/dia593_utt2.wav,happy,meld,train,train
Raw_Data/MELD/train/dia455_utt12.wav,neutral,meld,train,train
Raw_Data/MELD/train/dia99_utt18.wav,neutral,meld,train,train
Raw_Data/MELD/train/dia41_utt3.wav,neutral,meld,train,train
Raw_Data/MELD/dev/dia90_utt4.wav,neutral,meld,dev,train
Raw_Data/MELD/train/dia191_utt5.wav,neutral,meld,train,train
Raw_Data/MELD/test/dia262_utt3.wav,surprise,meld,test,train
Raw_Data/MELD/train/dia612_utt2.wav,neutral,meld,train,train
Raw_Data/MELD/train/dia16_utt5.wav,neutral,meld,train,train
Raw_Data/MELD/train/dia38_utt8.wav,surprise,meld,train,train
Raw_Data/MELD/train/dia571_utt6.wav,neutral,meld,train,train
Raw_Data/MELD/train/dia841_utt19.wav,neutral,meld,train,train
Raw_Data/MELD/test/dia125_utt18.wav,angry,meld,test,train
Raw_Data/MELD/train/dia1018_utt14.wav,angry,meld,train,train
Raw_Data/MELD/train/dia1018_utt2.wav,neutral,meld,train,train
Raw_Data/MELD/test/dia113_utt2.wav,happy,meld,test,train
Raw_Data/MELD/train/dia414_utt9.wav,neutral,meld,train,train
Raw_Data/MELD/train/dia459_utt10.wav,surprise,meld,train,train
Raw_Data/MELD/train/dia953_utt17.wav,neutral,meld,train,train
Raw_Data/MELD/train/dia736_utt5.wav,neutral,meld,train,train
Raw_Data/MELD/train/dia632_utt14.wav,neutral,meld,train,train
Raw_Data/MELD/train/dia861_utt18.wav,neutral,meld,train,train
Raw_Data/MELD/test/dia180_utt4.wav,happy,meld,test,train
Raw_Data/MELD/train/dia963_utt6.wav,angry,meld,train,train
Raw_Data/MELD/train/dia129_utt1.wav,sad,meld,train,train
Raw_Data/MELD/train/dia522_utt4.wav,neutral,meld,train,train
Raw_Data/MELD/train/dia62_utt2.wav,neutral,meld,train,train
Raw_Data/MELD/train/dia370_utt0.wav,neutral,meld,train,train
Raw_Data/MELD/test/dia95_utt6.wav,neutral,meld,test,train
Raw_Data/MELD/train/dia777_utt11.wav,neutral,meld,train,train
Raw_Data/MELD/train/dia1014_utt3.wav,surprise,meld,train,train
Raw_Data/MELD/train/dia640_utt4.wav,neutral,meld,train,train
Raw_Data/MELD/train/dia237_utt4.wav,surprise,meld,train,train
Raw_Data/MELD/train/dia12_utt8.wav,surprise,meld,train,train
Raw_Data/MELD/train/dia992_utt2.wav,neutral,meld,train,train
Raw_Data/MELD/train/dia275_utt6.wav,neutral,meld,train,train
Raw_Data/MELD/train/dia649_utt10.wav,neutral,meld,train,train
Raw_Data/MELD/test/dia73_utt6.wav,neutral,meld,test,train
Raw_Data/MELD/test/dia154_utt14.wav,neutral,meld,test,train
Raw_Data/MELD/test/dia201_utt5.wav,neutral,meld,test,train
Raw_Data/MELD/train/dia401_utt9.wav,neutral,meld,train,train
Raw_Data/MELD/test/dia78_utt5.wav,neutral,meld,test,train
Raw_Data/MELD/train/dia990_utt10.wav,neutral,meld,train,train
Raw_Data/MELD/dev/dia82_utt14.wav,surprise,meld,dev,train
Raw_Data/MELD/train/dia398_utt5.wav,neutral,meld,train,train
Raw_Data/MELD/test/dia270_utt9.wav,neutral,meld,test,train
Raw_Data/MELD/train/dia110_utt2.wav,surprise,meld,train,train
Raw_Data/MELD/train/dia791_utt14.wav,neutral,meld,train,train
Raw_Data/MELD/train/dia514_utt6.wav,neutral,meld,train,train
Raw_Data/MELD/test/dia231_utt5.wav,surprise,meld,test,train
Raw_Data/MELD/train/dia41_utt11.wav,neutral,meld,train,train
Raw_Data/MELD/train/dia887_utt5.wav,angry,meld,train,train
Raw_Data/MELD/train/dia281_utt5.wav,neutral,meld,train,train
Raw_Data/MELD/test/dia205_utt4.wav,surprise,meld,test,train
Raw_Data/MELD/train/dia1001_utt7.wav,happy,meld,train,train
Raw_Data/MELD/test/dia56_utt6.wav,neutral,meld,test,train
Raw_Data/MELD/test/dia1_utt4.wav,happy,meld,test,train
Raw_Data/MELD/train/dia339_utt1.wav,neutral,meld,train,train
Raw_Data/MELD/train/dia98_utt1.wav,neutral,meld,train,train
Raw_Data/MELD/train/dia236_utt10.wav,neutral,meld,train,train
Raw_Data/MELD/train/dia529_utt5.wav,neutral,meld,train,train
Raw_Data/MELD/train/dia687_utt4.wav,surprise,meld,train,train
Raw_Data/MELD/train/dia315_utt3.wav,happy,meld,train,train
Raw_Data/MELD/train/dia793_utt8.wav,happy,meld,train,train
Raw_Data/MELD/train/dia813_utt4.wav,neutral,meld,train,train
Raw_Data/MELD/train/dia361_utt3.wav,surprise,meld,train,train
Raw_Data/MELD/train/dia274_utt11.wav,surprise,meld,train,train
Raw_Data/MELD/train/dia682_utt10.wav,neutral,meld,train,train
Raw_Data/MELD/train/dia183_utt2.wav,happy,meld,train,train
Raw_Data/MELD/test/dia68_utt12.wav,happy,meld,test,train
Raw_Data/MELD/train/dia362_utt0.wav,sad,meld,train,train
Raw_Data/MELD/train/dia576_utt3.wav,neutral,meld,train,train
Raw_Data/MELD/train/dia409_utt7.wav,surprise,meld,train,train
Raw_Data/MELD/train/dia58_utt6.wav,neutral,meld,train,train
Raw_Data/MELD/test/dia52_utt10.wav,angry,meld,test,train
Raw_Data/MELD/train/dia645_utt11.wav,neutral,meld,train,train
Raw_Data/MELD/train/dia614_utt6.wav,disgust,meld,train,train
Raw_Data/MELD/train/dia412_utt11.wav,surprise,meld,train,train
Raw_Data/MELD/dev/dia21_utt2.wav,neutral,meld,dev,train
Raw_Data/MELD/dev/dia2_utt5.wav,neutral,meld,dev,train
Raw_Data/MELD/train/dia980_utt9.wav,neutral,meld,train,train
Raw_Data/MELD/train/dia682_utt4.wav,neutral,meld,train,train
Raw_Data/MELD/dev/dia74_utt2.wav,happy,meld,dev,train
Raw_Data/MELD/test/dia141_utt3.wav,neutral,meld,test,train
Raw_Data/MELD/train/dia420_utt3.wav,neutral,meld,train,train
Raw_Data/MELD/train/dia564_utt0.wav,happy,meld,train,train
Raw_Data/MELD/test/dia124_utt11.wav,surprise,meld,test,train
Raw_Data/MELD/train/dia601_utt4.wav,happy,meld,train,train
Raw_Data/MELD/train/dia241_utt3.wav,angry,meld,train,train
Raw_Data/MELD/train/dia164_utt2.wav,surprise,meld,train,train
Raw_Data/MELD/train/dia1005_utt13.wav,disgust,meld,train,train
Raw_Data/MELD/train/dia877_utt4.wav,happy,meld,train,train
Raw_Data/MELD/train/dia999_utt1.wav,neutral,meld,train,train
Raw_Data/MELD/train/dia204_utt0.wav,happy,meld,train,train
Raw_Data/MELD/train/dia638_utt4.wav,sad,meld,train,train
Raw_Data/MELD/train/dia896_utt1.wav,sad,meld,train,train
Raw_Data/MELD/train/dia25_utt0.wav,happy,meld,train,train
Raw_Data/MELD/train/dia426_utt0.wav,neutral,meld,train,train
Raw_Data/MELD/train/dia514_utt2.wav,neutral,meld,train,train
Raw_Data/MELD/train/dia833_utt2.wav,angry,meld,train,train
Raw_Data/MELD/train/dia526_utt9.wav,neutral,meld,train,train
Raw_Data/MELD/train/dia464_utt14.wav,happy,meld,train,train
Raw_Data/MELD/train/dia69_utt0.wav,happy,meld,train,train
Raw_Data/MELD/train/dia861_utt2.wav,sad,meld,train,train
Raw_Data/MELD/dev/dia106_utt3.wav,neutral,meld,dev,train
Raw_Data/MELD/dev/dia48_utt3.wav,fear,meld,dev,train
Raw_Data/MELD/test/dia56_utt10.wav,surprise,meld,test,train
Raw_Data/MELD/train/dia1006_utt2.wav,sad,meld,train,train
Raw_Data/MELD/train/dia640_utt7.wav,neutral,meld,train,train
Raw_Data/MELD/train/dia541_utt16.wav,disgust,meld,train,train
Raw_Data/MELD/train/dia55_utt16.wav,neutral,meld,train,train
Raw_Data/MELD/train/dia6_utt4.wav,neutral,meld,train,train
Raw_Data/MELD/test/dia184_utt3.wav,sad,meld,test,train
Raw_Data/MELD/train/dia354_utt0.wav,neutral,meld,train,train
Raw_Data/MELD/train/dia603_utt2.wav,happy,meld,train,train
Raw_Data/MELD/train/dia788_utt0.wav,fear,meld,train,train
Raw_Data/MELD/dev/dia96_utt2.wav,surprise,meld,dev,train
Raw_Data/MELD/train/dia840_utt10.wav,surprise,meld,train,train
Raw_Data/MELD/test/dia96_utt8.wav,neutral,meld,test,train
Raw_Data/MELD/test/dia171_utt8.wav,happy,meld,test,train
Raw_Data/MELD/train/dia969_utt4.wav,neutral,meld,train,train
Raw_Data/MELD/train/dia43_utt2.wav,neutral,meld,train,train
Raw_Data/MELD/train/dia122_utt4.wav,neutral,meld,train,train
Raw_Data/MELD/dev/dia72_utt10.wav,angry,meld,dev,train
Raw_Data/MELD/train/dia1001_utt5.wav,happy,meld,train,train
Raw_Data/MELD/test/dia268_utt9.wav,neutral,meld,test,train
Raw_Data/MELD/train/dia237_utt1.wav,surprise,meld,train,train
Raw_Data/MELD/test/dia10_utt0.wav,angry,meld,test,train
Raw_Data/MELD/dev/dia87_utt0.wav,neutral,meld,dev,train
Raw_Data/MELD/dev/dia88_utt4.wav,angry,meld,dev,train
Raw_Data/MELD/train/dia399_utt0.wav,disgust,meld,train,train
Raw_Data/MELD/train/dia222_utt8.wav,happy,meld,train,train
Raw_Data/MELD/train/dia107_utt2.wav,neutral,meld,train,train
Raw_Data/MELD/train/dia874_utt0.wav,surprise,meld,train,train
Raw_Data/MELD/train/dia737_utt7.wav,neutral,meld,train,train
Raw_Data/MELD/train/dia608_utt2.wav,neutral,meld,train,train
Raw_Data/MELD/train/dia673_utt3.wav,neutral,meld,train,train
Raw_Data/MELD/test/dia198_utt12.wav,happy,meld,test,train
Raw_Data/MELD/train/dia900_utt12.wav,surprise,meld,train,train
Raw_Data/MELD/test/dia68_utt8.wav,neutral,meld,test,train
Raw_Data/MELD/train/dia648_utt3.wav,angry,meld,train,train
Raw_Data/MELD/train/dia167_utt7.wav,neutral,meld,train,train
Raw_Data/MELD/train/dia80_utt5.wav,neutral,meld,train,train
Raw_Data/MELD/train/dia687_utt3.wav,neutral,meld,train,train
Raw_Data/MELD/train/dia736_utt7.wav,neutral,meld,train,train
Raw_Data/MELD/train/dia777_utt3.wav,neutral,meld,train,train
Raw_Data/MELD/train/dia572_utt9.wav,fear,meld,train,train
Raw_Data/MELD/train/dia286_utt1.wav,neutral,meld,train,train
Raw_Data/MELD/test/dia162_utt0.wav,happy,meld,test,train
Raw_Data/MELD/train/dia169_utt1.wav,happy,meld,train,train
Raw_Data/MELD/train/dia468_utt5.wav,happy,meld,train,train
Raw_Data/MELD/train/dia545_utt2.wav,surprise,meld,train,train
Raw_Data/MELD/test/dia41_utt3.wav,surprise,meld,test,train
Raw_Data/MELD/train/dia354_utt10.wav,happy,meld,train,train
Raw_Data/MELD/train/dia588_utt3.wav,neutral,meld,train,train
Raw_Data/MELD/test/dia240_utt1.wav,angry,meld,test,train
Raw_Data/MELD/train/dia312_utt19.wav,neutral,meld,train,train
Raw_Data/MELD/train/dia804_utt4.wav,sad,meld,train,train
Raw_Data/MELD/train/dia702_utt2.wav,neutral,meld,train,train
Raw_Data/MELD/train/dia638_utt12.wav,neutral,meld,train,train
Raw_Data/MELD/train/dia80_utt2.wav,surprise,meld,train,train
Raw_Data/MELD/train/dia916_utt9.wav,neutral,meld,train,train
Raw_Data/MELD/test/dia68_utt0.wav,angry,meld,test,train
Raw_Data/MELD/train/dia498_utt5.wav,angry,meld,train,train
Raw_Data/MELD/train/dia641_utt0.wav,neutral,meld,train,train
Raw_Data/MELD/train/dia744_utt8.wav,fear,meld,train,train
Raw_Data/MELD/train/dia248_utt3.wav,happy,meld,train,train
Raw_Data/MELD/train/dia111_utt2.wav,happy,meld,train,train
Raw_Data/MELD/dev/dia16_utt1.wav,sad,meld,dev,train
Raw_Data/MELD/test/dia137_utt11.wav,neutral,meld,test,train
Raw_Data/MELD/train/dia153_utt6.wav,surprise,meld,train,train
Raw_Data/MELD/train/dia939_utt10.wav,neutral,meld,train,train
Raw_Data/MELD/train/dia938_utt3.wav,happy,meld,train,train
Raw_Data/MELD/test/dia181_utt1.wav,happy,meld,test,train
Raw_Data/MELD/train/dia438_utt11.wav,neutral,meld,train,train
Raw_Data/MELD/test/dia122_utt0.wav,neutral,meld,test,train
Raw_Data/MELD/train/dia4_utt2.wav,surprise,meld,train,train
Raw_Data/MELD/train/dia973_utt4.wav,happy,meld,train,train
Raw_Data/MELD/test/dia171_utt3.wav,happy,meld,test,train
Raw_Data/MELD/train/dia115_utt2.wav,neutral,meld,train,train
Raw_Data/MELD/dev/dia69_utt8.wav,neutral,meld,dev,train
Raw_Data/MELD/train/dia812_utt4.wav,happy,meld,train,train
Raw_Data/MELD/train/dia992_utt8.wav,disgust,meld,train,train
Raw_Data/MELD/train/dia997_utt8.wav,surprise,meld,train,train
Raw_Data/MELD/train/dia244_utt4.wav,fear,meld,train,train
Raw_Data/MELD/train/dia823_utt8.wav,surprise,meld,train,train
Raw_Data/MELD/train/dia988_utt0.wav,neutral,meld,train,train
Raw_Data/MELD/train/dia54_utt9.wav,happy,meld,train,train
Raw_Data/MELD/dev/dia8_utt14.wav,happy,meld,dev,train
Raw_Data/MELD/dev/dia113_utt1.wav,sad,meld,dev,train
Raw_Data/MELD/train/dia993_utt0.wav,happy,meld,train,train
Raw_Data/MELD/test/dia258_utt12.wav,happy,meld,test,train
Raw_Data/MELD/train/dia249_utt6.wav,sad,meld,train,train
Raw_Data/MELD/train/dia712_utt6.wav,neutral,meld,train,train
Raw_Data/MELD/test/dia49_utt6.wav,neutral,meld,test,train
Raw_Data/MELD/train/dia139_utt0.wav,neutral,meld,train,train
Raw_Data/MELD/train/dia667_utt8.wav,sad,meld,train,train
Raw_Data/MELD/train/dia281_utt2.wav,neutral,meld,train,train
Raw_Data/MELD/train/dia1019_utt6.wav,neutral,meld,train,train
Raw_Data/MELD/train/dia851_utt0.wav,neutral,meld,train,train
Raw_Data/MELD/train/dia296_utt15.wav,surprise,meld,train,train
Raw_Data/MELD/train/dia184_utt6.wav,sad,meld,train,train
Raw_Data/MELD/train/dia418_utt4.wav,surprise,meld,train,train
Raw_Data/MELD/train/dia760_utt3.wav,surprise,meld,train,train
Raw_Data/MELD/test/dia107_utt4.wav,neutral,meld,test,train
Raw_Data/MELD/train/dia302_utt1.wav,sad,meld,train,train
Raw_Data/MELD/train/dia408_utt4.wav,neutral,meld,train,train
Raw_Data/MELD/train/dia851_utt10.wav,happy,meld,train,train
Raw_Data/MELD/train/dia51_utt3.wav,disgust,meld,train,train
Raw_Data/MELD/train/dia782_utt11.wav,neutral,meld,train,train
Raw_Data/MELD/train/dia893_utt7.wav,neutral,meld,train,train
Raw_Data/MELD/test/dia77_utt4.wav,sad,meld,test,train
Raw_Data/MELD/train/dia603_utt6.wav,neutral,meld,train,train
Raw_Data/MELD/train/dia897_utt7.wav,happy,meld,train,train
Raw_Data/MELD/dev/dia97_utt4.wav,happy,meld,dev,train
Raw_Data/MELD/train/dia342_utt18.wav,neutral,meld,train,train
Raw_Data/MELD/train/dia946_utt12.wav,happy,meld,train,train
Raw_Data/MELD/dev/dia84_utt7.wav,neutral,meld,dev,train
Raw_Data/MELD/test/dia96_utt13.wav,neutral,meld,test,train
Raw_Data/MELD/dev/dia104_utt1.wav,sad,meld,dev,train
Raw_Data/MELD/train/dia321_utt5.wav,neutral,meld,train,train
Raw_Data/MELD/train/dia263_utt0.wav,surprise,meld,train,train
Raw_Data/MELD/train/dia561_utt5.wav,angry,meld,train,train
Raw_Data/MELD/train/dia849_utt5.wav,happy,meld,train,train
Raw_Data/MELD/train/dia1026_utt4.wav,surprise,meld,train,train
Raw_Data/MELD/test/dia188_utt8.wav,happy,meld,test,train
Raw_Data/MELD/train/dia564_utt5.wav,neutral,meld,train,train
Raw_Data/MELD/test/dia274_utt0.wav,neutral,meld,test,train
Raw_Data/MELD/train/dia853_utt4.wav,sad,meld,train,train
Raw_Data/MELD/train/dia578_utt8.wav,surprise,meld,train,train
Raw_Data/MELD/train/dia73_utt4.wav,neutral,meld,train,train
Raw_Data/MELD/dev/dia47_utt10.wav,neutral,meld,dev,train
Raw_Data/MELD/train/dia540_utt5.wav,sad,meld,train,train
Raw_Data/MELD/test/dia74_utt4.wav,neutral,meld,test,train
Raw_Data/MELD/test/dia133_utt14.wav,neutral,meld,test,train
Raw_Data/MELD/train/dia780_utt1.wav,neutral,meld,train,train
Raw_Data/MELD/train/dia658_utt10.wav,surprise,meld,train,train
Raw_Data/MELD/test/dia78_utt6.wav,neutral,meld,test,train
Raw_Data/MELD/train/dia1010_utt6.wav,neutral,meld,train,train
Raw_Data/MELD/train/dia648_utt2.wav,angry,meld,train,train
Raw_Data/MELD/train/dia904_utt1.wav,neutral,meld,train,train
Raw_Data/MELD/train/dia504_utt7.wav,neutral,meld,train,train
Raw_Data/MELD/test/dia100_utt7.wav,neutral,meld,test,train
Raw_Data/MELD/dev/dia78_utt6.wav,neutral,meld,dev,train
Raw_Data/MELD/train/dia254_utt5.wav,angry,meld,train,train
Raw_Data/MELD/train/dia596_utt20.wav,angry,meld,train,train
Raw_Data/MELD/train/dia446_utt3.wav,neutral,meld,train,train
Raw_Data/MELD/test/dia193_utt1.wav,happy,meld,test,train
Raw_Data/MELD/train/dia607_utt13.wav,happy,meld,train,train
Raw_Data/MELD/test/dia100_utt13.wav,neutral,meld,test,train
Raw_Data/MELD/train/dia96_utt2.wav,neutral,meld,train,train
Raw_Data/MELD/train/dia577_utt6.wav,neutral,meld,train,train
Raw_Data/MELD/train/dia483_utt10.wav,neutral,meld,train,train
Raw_Data/MELD/train/dia468_utt8.wav,happy,meld,train,train
Raw_Data/MELD/train/dia961_utt1.wav,angry,meld,train,train
Raw_Data/MELD/test/dia15_utt2.wav,happy,meld,test,train
Raw_Data/MELD/train/dia252_utt4.wav,neutral,meld,train,train
Raw_Data/MELD/train/dia183_utt16.wav,neutral,meld,train,train
Raw_Data/MELD/train/dia676_utt5.wav,sad,meld,train,train
Raw_Data/MELD/train/dia712_utt11.wav,disgust,meld,train,train
Raw_Data/MELD/train/dia59_utt0.wav,neutral,meld,train,train
Raw_Data/MELD/train/dia263_utt2.wav,neutral,meld,train,train
Raw_Data/MELD/train/dia86_utt9.wav,neutral,meld,train,train
Raw_Data/MELD/train/dia278_utt6.wav,neutral,meld,train,train
Raw_Data/MELD/train/dia59_utt9.wav,happy,meld,train,train
Raw_Data/MELD/test/dia4_utt5.wav,fear,meld,test,train
Raw_Data/MELD/train/dia940_utt4.wav,neutral,meld,train,train
Raw_Data/MELD/train/dia464_utt18.wav,sad,meld,train,train
Raw_Data/MELD/train/dia354_utt9.wav,neutral,meld,train,train
Raw_Data/MELD/test/dia222_utt9.wav,neutral,meld,test,train
Raw_Data/MELD/test/dia212_utt2.wav,sad,meld,test,train
Raw_Data/MELD/train/dia918_utt10.wav,angry,meld,train,train
Raw_Data/MELD/train/dia153_utt11.wav,angry,meld,train,train
Raw_Data/MELD/train/dia510_utt2.wav,neutral,meld,train,train
Raw_Data/MELD/dev/dia85_utt13.wav,neutral,meld,dev,train
Raw_Data/MELD/dev/dia23_utt12.wav,sad,meld,dev,train
Raw_Data/MELD/train/dia111_utt12.wav,neutral,meld,train,train
Raw_Data/MELD/test/dia1_utt5.wav,happy,meld,test,train
Raw_Data/MELD/test/dia99_utt2.wav,neutral,meld,test,train
Raw_Data/MELD/train/dia257_utt2.wav,fear,meld,train,train
Raw_Data/MELD/test/dia80_utt6.wav,neutral,meld,test,train
Raw_Data/MELD/train/dia331_utt0.wav,angry,meld,train,train
Raw_Data/MELD/train/dia264_utt13.wav,neutral,meld,train,train
Raw_Data/MELD/train/dia962_utt3.wav,happy,meld,train,train
Raw_Data/MELD/train/dia411_utt4.wav,neutral,meld,train,train
Raw_Data/MELD/train/dia130_utt15.wav,neutral,meld,train,train
Raw_Data/MELD/train/dia787_utt3.wav,neutral,meld,train,train
Raw_Data/MELD/train/dia728_utt9.wav,neutral,meld,train,train
Raw_Data/MELD/train/dia390_utt2.wav,surprise,meld,train,train
Raw_Data/MELD/train/dia344_utt15.wav,disgust,meld,train,train
Raw_Data/MELD/train/dia459_utt0.wav,neutral,meld,train,train
Raw_Data/MELD/train/dia509_utt2.wav,neutral,meld,train,train
Raw_Data/MELD/train/dia707_utt10.wav,angry,meld,train,train
Raw_Data/MELD/train/dia737_utt1.wav,neutral,meld,train,train
Raw_Data/MELD/train/dia288_utt6.wav,angry,meld,train,train
Raw_Data/MELD/dev/dia56_utt12.wav,sad,meld,dev,train
Raw_Data/MELD/train/dia124_utt5.wav,happy,meld,train,train
Raw_Data/MELD/train/dia540_utt3.wav,disgust,meld,train,train
Raw_Data/MELD/train/dia778_utt8.wav,neutral,meld,train,train
Raw_Data/MELD/dev/dia92_utt4.wav,surprise,meld,dev,train
Raw_Data/MELD/train/dia437_utt1.wav,surprise,meld,train,train
Raw_Data/MELD/train/dia923_utt3.wav,happy,meld,train,train
Raw_Data/MELD/train/dia440_utt0.wav,neutral,meld,train,train
Raw_Data/MELD/train/dia772_utt2.wav,sad,meld,train,train
Raw_Data/MELD/train/dia450_utt21.wav,neutral,meld,train,train
Raw_Data/MELD/test/dia228_utt10.wav,surprise,meld,test,train
Raw_Data/MELD/train/dia434_utt9.wav,neutral,meld,train,train
Raw_Data/MELD/train/dia139_utt5.wav,happy,meld,train,train
Raw_Data/MELD/train/dia733_utt12.wav,happy,meld,train,train
Raw_Data/MELD/test/dia175_utt8.wav,disgust,meld,test,train
Raw_Data/MELD/train/dia902_utt3.wav,neutral,meld,train,train
Raw_Data/MELD/test/dia258_utt7.wav,neutral,meld,test,train
Raw_Data/MELD/dev/dia69_utt16.wav,sad,meld,dev,train
Raw_Data/MELD/train/dia628_utt2.wav,surprise,meld,train,train
Raw_Data/MELD/train/dia255_utt10.wav,angry,meld,train,train
Raw_Data/MELD/train/dia950_utt12.wav,happy,meld,train,train
Raw_Data/MELD/test/dia17_utt14.wav,disgust,meld,test,train
Raw_Data/MELD/train/dia827_utt1.wav,happy,meld,train,train
Raw_Data/MELD/dev/dia4_utt3.wav,neutral,meld,dev,train
Raw_Data/MELD/train/dia896_utt5.wav,neutral,meld,train,train
Raw_Data/MELD/test/dia93_utt0.wav,sad,meld,test,train
Raw_Data/MELD/train/dia1009_utt6.wav,happy,meld,train,train
Raw_Data/MELD/train/dia342_utt3.wav,neutral,meld,train,train
Raw_Data/MELD/test/dia95_utt18.wav,neutral,meld,test,train
Raw_Data/MELD/train/dia170_utt10.wav,sad,meld,train,train
Raw_Data/MELD/train/dia34_utt13.wav,disgust,meld,train,train
Raw_Data/MELD/train/dia820_utt2.wav,neutral,meld,train,train
Raw_Data/MELD/train/dia1029_utt1.wav,neutral,meld,train,train
Raw_Data/MELD/train/dia806_utt17.wav,happy,meld,train,train
Raw_Data/MELD/train/dia857_utt6.wav,neutral,meld,train,train
Raw_Data/MELD/dev/dia103_utt0.wav,neutral,meld,dev,train
Raw_Data/MELD/train/dia517_utt4.wav,happy,meld,train,train
Raw_Data/MELD/train/dia848_utt11.wav,surprise,meld,train,train
Raw_Data/MELD/train/dia15_utt5.wav,sad,meld,train,train
Raw_Data/MELD/train/dia351_utt12.wav,angry,meld,train,train
Raw_Data/MELD/train/dia913_utt3.wav,angry,meld,train,train
Raw_Data/MELD/train/dia991_utt0.wav,neutral,meld,train,train
Raw_Data/MELD/test/dia12_utt11.wav,happy,meld,test,train
Raw_Data/MELD/test/dia3_utt2.wav,neutral,meld,test,train
Raw_Data/MELD/train/dia496_utt13.wav,happy,meld,train,train
Raw_Data/MELD/train/dia611_utt8.wav,neutral,meld,train,train
Raw_Data/MELD/dev/dia1_utt2.wav,sad,meld,dev,train
Raw_Data/MELD/train/dia82_utt4.wav,sad,meld,train,train
Raw_Data/MELD/test/dia204_utt9.wav,angry,meld,test,train
Raw_Data/MELD/train/dia195_utt3.wav,disgust,meld,train,train
Raw_Data/MELD/dev/dia97_utt16.wav,surprise,meld,dev,train
Raw_Data/MELD/train/dia451_utt4.wav,angry,meld,train,train
Raw_Data/MELD/test/dia58_utt3.wav,happy,meld,test,train
Raw_Data/MELD/train/dia579_utt0.wav,surprise,meld,train,train
Raw_Data/MELD/train/dia659_utt9.wav,neutral,meld,train,train
Raw_Data/MELD/train/dia652_utt12.wav,neutral,meld,train,train
Raw_Data/MELD/train/dia336_utt17.wav,happy,meld,train,train
Raw_Data/MELD/train/dia498_utt3.wav,surprise,meld,train,train
Raw_Data/MELD/train/dia608_utt3.wav,neutral,meld,train,train
Raw_Data/MELD/train/dia56_utt1.wav,neutral,meld,train,train
Raw_Data/MELD/train/dia242_utt1.wav,neutral,meld,train,train
Raw_Data/MELD/train/dia844_utt15.wav,happy,meld,train,train
Raw_Data/MELD/train/dia350_utt2.wav,happy,meld,train,train
Raw_Data/MELD/train/dia714_utt3.wav,neutral,meld,train,train
Raw_Data/MELD/train/dia860_utt8.wav,neutral,meld,train,train
Raw_Data/MELD/test/dia272_utt4.wav,surprise,meld,test,train
Raw_Data/MELD/train/dia88_utt3.wav,neutral,meld,train,train
Raw_Data/MELD/train/dia819_utt4.wav,neutral,meld,train,train
Raw_Data/MELD/test/dia203_utt5.wav,surprise,meld,test,train
Raw_Data/MELD/train/dia997_utt1.wav,neutral,meld,train,train
Raw_Data/MELD/train/dia747_utt17.wav,neutral,meld,train,train
Raw_Data/MELD/train/dia317_utt0.wav,neutral,meld,train,train
Raw_Data/MELD/train/dia525_utt3.wav,sad,meld,train,train
Raw_Data/MELD/train/dia699_utt2.wav,angry,meld,train,train
Raw_Data/MELD/train/dia968_utt2.wav,sad,meld,train,train
Raw_Data/MELD/train/dia506_utt0.wav,sad,meld,train,train
Raw_Data/MELD/train/dia245_utt8.wav,happy,meld,train,train
Raw_Data/MELD/train/dia475_utt6.wav,surprise,meld,train,train
Raw_Data/MELD/train/dia628_utt11.wav,neutral,meld,train,train
Raw_Data/MELD/train/dia165_utt15.wav,neutral,meld,train,train
Raw_Data/MELD/train/dia689_utt5.wav,neutral,meld,train,train
Raw_Data/MELD/test/dia160_utt8.wav,angry,meld,test,train
Raw_Data/MELD/test/dia123_utt7.wav,neutral,meld,test,train
Raw_Data/MELD/train/dia979_utt6.wav,neutral,meld,train,train
Raw_Data/MELD/train/dia544_utt4.wav,neutral,meld,train,train
Raw_Data/MELD/train/dia297_utt9.wav,neutral,meld,train,train
Raw_Data/MELD/train/dia156_utt4.wav,neutral,meld,train,train
Raw_Data/MELD/train/dia255_utt13.wav,disgust,meld,train,train
Raw_Data/MELD/train/dia561_utt17.wav,surprise,meld,train,train
Raw_Data/MELD/train/dia720_utt0.wav,fear,meld,train,train
Raw_Data/MELD/train/dia467_utt1.wav,neutral,meld,train,train
Raw_Data/MELD/test/dia22_utt21.wav,neutral,meld,test,train
Raw_Data/MELD/train/dia1017_utt4.wav,angry,meld,train,train
Raw_Data/MELD/train/dia108_utt0.wav,neutral,meld,train,train
Raw_Data/MELD/train/dia619_utt3.wav,neutral,meld,train,train
Raw_Data/MELD/test/dia175_utt9.wav,angry,meld,test,train
Raw_Data/MELD/train/dia449_utt7.wav,sad,meld,train,train
Raw_Data/MELD/train/dia95_utt6.wav,surprise,meld,train,train
Raw_Data/MELD/train/dia613_utt8.wav,surprise,meld,train,train
Raw_Data/MELD/train/dia425_utt3.wav,surprise,meld,train,train
Raw_Data/MELD/train/dia336_utt0.wav,surprise,meld,train,train
Raw_Data/MELD/test/dia237_utt8.wav,angry,meld,test,train
Raw_Data/MELD/train/dia526_utt19.wav,neutral,meld,train,train
Raw_Data/MELD/train/dia288_utt11.wav,surprise,meld,train,train
Raw_Data/MELD/dev/dia20_utt3.wav,neutral,meld,dev,train
Raw_Data/MELD/train/dia328_utt7.wav,happy,meld,train,train
Raw_Data/MELD/train/dia218_utt9.wav,neutral,meld,train,train
Raw_Data/MELD/train/dia21_utt1.wav,neutral,meld,train,train
Raw_Data/MELD/train/dia320_utt2.wav,neutral,meld,train,train
Raw_Data/MELD/train/dia475_utt14.wav,surprise,meld,train,train
Raw_Data/MELD/test/dia215_utt2.wav,happy,meld,test,train
Raw_Data/MELD/test/dia5_utt7.wav,neutral,meld,test,train
Raw_Data/MELD/train/dia907_utt3.wav,angry,meld,train,train
Raw_Data/MELD/train/dia156_utt6.wav,neutral,meld,train,train
Raw_Data/MELD/dev/dia84_utt1.wav,surprise,meld,dev,train
Raw_Data/MELD/train/dia63_utt2.wav,happy,meld,train,train
Raw_Data/MELD/train/dia249_utt13.wav,happy,meld,train,train
Raw_Data/MELD/train/dia941_utt6.wav,neutral,meld,train,train
Raw_Data/MELD/train/dia640_utt11.wav,happy,meld,train,train
Raw_Data/MELD/train/dia185_utt7.wav,surprise,meld,train,train
Raw_Data/MELD/test/dia243_utt2.wav,neutral,meld,test,train
Raw_Data/MELD/test/dia145_utt2.wav,neutral,meld,test,train
Raw_Data/MELD/test/dia34_utt3.wav,surprise,meld,test,train
Raw_Data/MELD/train/dia195_utt0.wav,neutral,meld,train,train
Raw_Data/MELD/test/dia103_utt0.wav,happy,meld,test,train
Raw_Data/MELD/train/dia466_utt4.wav,neutral,meld,train,train
Raw_Data/MELD/train/dia682_utt11.wav,neutral,meld,train,train
Raw_Data/MELD/train/dia350_utt4.wav,neutral,meld,train,train
Raw_Data/MELD/train/dia499_utt5.wav,neutral,meld,train,train
Raw_Data/MELD/train/dia643_utt4.wav,surprise,meld,train,train
Raw_Data/MELD/test/dia234_utt7.wav,angry,meld,test,train
Raw_Data/MELD/train/dia674_utt6.wav,neutral,meld,train,train
Raw_Data/MELD/train/dia716_utt5.wav,angry,meld,train,train
Raw_Data/MELD/train/dia799_utt4.wav,neutral,meld,train,train
Raw_Data/MELD/train/dia261_utt0.wav,surprise,meld,train,train
Raw_Data/MELD/dev/dia20_utt7.wav,surprise,meld,dev,train
Raw_Data/MELD/train/dia699_utt12.wav,angry,meld,train,train
Raw_Data/MELD/train/dia321_utt8.wav,surprise,meld,train,train
Raw_Data/MELD/dev/dia82_utt10.wav,neutral,meld,dev,train
Raw_Data/MELD/dev/dia59_utt3.wav,neutral,meld,dev,train
Raw_Data/MELD/dev/dia77_utt12.wav,sad,meld,dev,train
Raw_Data/MELD/dev/dia53_utt4.wav,neutral,meld,dev,train
Raw_Data/MELD/train/dia700_utt6.wav,sad,meld,train,train
Raw_Data/MELD/test/dia41_utt12.wav,neutral,meld,test,train
Raw_Data/MELD/train/dia1025_utt17.wav,neutral,meld,train,train
Raw_Data/MELD/train/dia966_utt3.wav,surprise,meld,train,train
Raw_Data/MELD/train/dia551_utt8.wav,neutral,meld,train,train
Raw_Data/MELD/train/dia874_utt13.wav,angry,meld,train,train
Raw_Data/MELD/dev/dia65_utt8.wav,neutral,meld,dev,train
Raw_Data/MELD/test/dia21_utt0.wav,neutral,meld,test,train
Raw_Data/MELD/test/dia252_utt17.wav,surprise,meld,test,train
Raw_Data/MELD/train/dia848_utt6.wav,surprise,meld,train,train
Raw_Data/MELD/train/dia699_utt1.wav,angry,meld,train,train
Raw_Data/MELD/train/dia895_utt0.wav,fear,meld,train,train
Raw_Data/MELD/train/dia447_utt2.wav,happy,meld,train,train
Raw_Data/MELD/train/dia661_utt3.wav,neutral,meld,train,train
Raw_Data/MELD/train/dia301_utt3.wav,neutral,meld,train,train
Raw_Data/MELD/train/dia851_utt4.wav,neutral,meld,train,train
Raw_Data/MELD/train/dia827_utt11.wav,happy,meld,train,train
Raw_Data/MELD/train/dia435_utt2.wav,happy,meld,train,train
Raw_Data/MELD/train/dia0_utt12.wav,surprise,meld,train,train
Raw_Data/MELD/train/dia257_utt6.wav,fear,meld,train,train
Raw_Data/MELD/train/dia15_utt16.wav,angry,meld,train,train
Raw_Data/MELD/train/dia351_utt6.wav,fear,meld,train,train
Raw_Data/MELD/train/dia691_utt0.wav,happy,meld,train,train
Raw_Data/MELD/train/dia99_utt10.wav,neutral,meld,train,train
Raw_Data/MELD/test/dia262_utt12.wav,neutral,meld,test,train
Raw_Data/MELD/test/dia0_utt2.wav,neutral,meld,test,train
Raw_Data/MELD/train/dia820_utt9.wav,happy,meld,train,train
Raw_Data/MELD/train/dia900_utt13.wav,neutral,meld,train,train
Raw_Data/MELD/dev/dia23_utt3.wav,surprise,meld,dev,train
Raw_Data/MELD/train/dia882_utt0.wav,neutral,meld,train,train
Raw_Data/MELD/train/dia564_utt10.wav,surprise,meld,train,train
Raw_Data/MELD/dev/dia57_utt10.wav,neutral,meld,dev,train
Raw_Data/MELD/train/dia15_utt13.wav,neutral,meld,train,train
Raw_Data/MELD/train/dia277_utt2.wav,neutral,meld,train,train
Raw_Data/MELD/train/dia733_utt5.wav,neutral,meld,train,train
Raw_Data/MELD/dev/dia113_utt13.wav,sad,meld,dev,train
Raw_Data/MELD/test/dia37_utt2.wav,angry,meld,test,train
Raw_Data/MELD/train/dia316_utt1.wav,neutral,meld,train,train
Raw_Data/MELD/train/dia774_utt5.wav,happy,meld,train,train
Raw_Data/MELD/dev/dia76_utt8.wav,happy,meld,dev,train
Raw_Data/MELD/test/dia35_utt1.wav,happy,meld,test,train
Raw_Data/MELD/train/dia374_utt5.wav,surprise,meld,train,train
Raw_Data/MELD/train/dia1011_utt6.wav,neutral,meld,train,train
Raw_Data/MELD/dev/dia73_utt2.wav,angry,meld,dev,train
Raw_Data/MELD/train/dia439_utt1.wav,disgust,meld,train,train
Raw_Data/MELD/train/dia923_utt6.wav,surprise,meld,train,train
Raw_Data/MELD/train/dia235_utt7.wav,neutral,meld,train,train
Raw_Data/MELD/train/dia733_utt4.wav,neutral,meld,train,train
Raw_Data/MELD/train/dia972_utt7.wav,sad,meld,train,train
Raw_Data/MELD/train/dia21_utt3.wav,surprise,meld,train,train
Raw_Data/MELD/dev/dia57_utt6.wav,surprise,meld,dev,train
Raw_Data/MELD/train/dia525_utt2.wav,neutral,meld,train,train
Raw_Data/MELD/train/dia597_utt11.wav,neutral,meld,train,train
Raw_Data/MELD/train/dia828_utt4.wav,angry,meld,train,train
Raw_Data/MELD/test/dia125_utt5.wav,neutral,meld,test,train
Raw_Data/MELD/train/dia124_utt11.wav,happy,meld,train,train
Raw_Data/MELD/train/dia801_utt1.wav,neutral,meld,train,train
Raw_Data/MELD/test/dia191_utt4.wav,neutral,meld,test,train
Raw_Data/MELD/test/dia113_utt5.wav,surprise,meld,test,train
Raw_Data/MELD/train/dia800_utt0.wav,fear,meld,train,train
Raw_Data/MELD/dev/dia72_utt18.wav,angry,meld,dev,train
Raw_Data/MELD/test/dia72_utt10.wav,angry,meld,test,train
Raw_Data/MELD/test/dia70_utt5.wav,neutral,meld,test,train
Raw_Data/MELD/train/dia687_utt7.wav,surprise,meld,train,train
Raw_Data/MELD/train/dia978_utt2.wav,neutral,meld,train,train
Raw_Data/MELD/train/dia109_utt12.wav,neutral,meld,train,train
Raw_Data/MELD/train/dia328_utt6.wav,happy,meld,train,train
Raw_Data/MELD/train/dia35_utt2.wav,happy,meld,train,train
Raw_Data/MELD/train/dia531_utt5.wav,sad,meld,train,train
Raw_Data/MELD/dev/dia113_utt6.wav,surprise,meld,dev,train
Raw_Data/MELD/test/dia60_utt6.wav,angry,meld,test,train
Raw_Data/MELD/dev/dia67_utt5.wav,neutral,meld,dev,train
Raw_Data/MELD/train/dia660_utt10.wav,happy,meld,train,train
Raw_Data/MELD/train/dia503_utt10.wav,neutral,meld,train,train
Raw_Data/MELD/train/dia794_utt10.wav,angry,meld,train,train
Raw_Data/MELD/train/dia529_utt7.wav,neutral,meld,train,train
Raw_Data/MELD/test/dia246_utt5.wav,neutral,meld,test,train
Raw_Data/MELD/train/dia434_utt5.wav,neutral,meld,train,train
Raw_Data/MELD/train/dia49_utt6.wav,neutral,meld,train,train
Raw_Data/MELD/train/dia739_utt3.wav,happy,meld,train,train
Raw_Data/MELD/test/dia172_utt1.wav,neutral,meld,test,train
Raw_Data/MELD/train/dia296_utt4.wav,neutral,meld,train,train
Raw_Data/MELD/dev/dia68_utt7.wav,fear,meld,dev,train
Raw_Data/MELD/test/dia226_utt0.wav,neutral,meld,test,train
Raw_Data/MELD/dev/dia56_utt14.wav,neutral,meld,dev,train
Raw_Data/MELD/test/dia123_utt5.wav,neutral,meld,test,train
Raw_Data/MELD/train/dia361_utt11.wav,happy,meld,train,train
Raw_Data/MELD/train/dia145_utt4.wav,fear,meld,train,train
Raw_Data/MELD/test/dia130_utt0.wav,neutral,meld,test,train
Raw_Data/MELD/test/dia49_utt5.wav,neutral,meld,test,train
Raw_Data/MELD/train/dia692_utt0.wav,sad,meld,train,train
Raw_Data/MELD/dev/dia14_utt8.wav,angry,meld,dev,train
Raw_Data/MELD/train/dia223_utt6.wav,neutral,meld,train,train
Raw_Data/MELD/train/dia218_utt11.wav,neutral,meld,train,train
Raw_Data/MELD/train/dia123_utt0.wav,surprise,meld,train,train
Raw_Data/MELD/train/dia619_utt7.wav,sad,meld,train,train
Raw_Data/MELD/train/dia39_utt12.wav,neutral,meld,train,train
Raw_Data/MELD/train/dia319_utt8.wav,sad,meld,train,train
Raw_Data/MELD/train/dia94_utt8.wav,neutral,meld,train,train
Raw_Data/MELD/test/dia218_utt0.wav,neutral,meld,test,train
Raw_Data/MELD/train/dia21_utt4.wav,neutral,meld,train,train
Raw_Data/MELD/test/dia120_utt11.wav,disgust,meld,test,train
Raw_Data/MELD/test/dia168_utt8.wav,fear,meld,test,train
Raw_Data/MELD/train/dia553_utt0.wav,neutral,meld,train,train
Raw_Data/MELD/train/dia839_utt6.wav,surprise,meld,train,train
Raw_Data/MELD/dev/dia31_utt1.wav,surprise,meld,dev,train
Raw_Data/MELD/train/dia552_utt4.wav,neutral,meld,train,train
Raw_Data/MELD/train/dia759_utt4.wav,angry,meld,train,train
Raw_Data/MELD/train/dia547_utt2.wav,happy,meld,train,train
Raw_Data/MELD/train/dia312_utt14.wav,neutral,meld,train,train
Raw_Data/MELD/train/dia888_utt4.wav,neutral,meld,train,train
Raw_Data/MELD/dev/dia7_utt0.wav,happy,meld,dev,train
Raw_Data/MELD/train/dia20_utt6.wav,happy,meld,train,train
Raw_Data/MELD/train/dia295_utt0.wav,surprise,meld,train,train
Raw_Data/MELD/dev/dia54_utt2.wav,happy,meld,dev,train
Raw_Data/MELD/train/dia398_utt8.wav,sad,meld,train,train
Raw_Data/MELD/train/dia858_utt5.wav,neutral,meld,train,train
Raw_Data/MELD/train/dia990_utt4.wav,neutral,meld,train,train
Raw_Data/MELD/test/dia8_utt5.wav,neutral,meld,test,train
Raw_Data/MELD/test/dia233_utt5.wav,happy,meld,test,train
Raw_Data/MELD/train/dia948_utt0.wav,neutral,meld,train,train
Raw_Data/MELD/train/dia126_utt5.wav,angry,meld,train,train
Raw_Data/MELD/test/dia17_utt3.wav,disgust,meld,test,train
Raw_Data/MELD/train/dia488_utt1.wav,neutral,meld,train,train
Raw_Data/MELD/train/dia351_utt2.wav,surprise,meld,train,train
Raw_Data/MELD/train/dia929_utt2.wav,neutral,meld,train,train
Raw_Data/MELD/test/dia89_utt1.wav,neutral,meld,test,train
Raw_Data/MELD/train/dia671_utt4.wav,neutral,meld,train,train
Raw_Data/MELD/test/dia156_utt1.wav,happy,meld,test,train
Raw_Data/MELD/train/dia223_utt1.wav,neutral,meld,train,train
Raw_Data/MELD/dev/dia108_utt4.wav,angry,meld,dev,train
Raw_Data/MELD/train/dia235_utt5.wav,happy,meld,train,train
Raw_Data/MELD/train/dia152_utt1.wav,happy,meld,train,train
Raw_Data/MELD/train/dia388_utt14.wav,angry,meld,train,train
Raw_Data/MELD/test/dia28_utt9.wav,sad,meld,test,train
Raw_Data/MELD/train/dia54_utt16.wav,sad,meld,train,train
Raw_Data/MELD/train/dia308_utt4.wav,neutral,meld,train,train
Raw_Data/MELD/train/dia599_utt0.wav,surprise,meld,train,train
Raw_Data/MELD/train/dia85_utt2.wav,neutral,meld,train,train
Raw_Data/MELD/dev/dia31_utt0.wav,sad,meld,dev,train
Raw_Data/MELD/train/dia930_utt6.wav,neutral,meld,train,train
Raw_Data/MELD/test/dia167_utt2.wav,neutral,meld,test,train
Raw_Data/MELD/train/dia232_utt19.wav,neutral,meld,train,train
Raw_Data/MELD/train/dia231_utt8.wav,neutral,meld,train,train
Raw_Data/MELD/train/dia481_utt14.wav,surprise,meld,train,train
Raw_Data/MELD/test/dia250_utt6.wav,neutral,meld,test,train
Raw_Data/MELD/train/dia388_utt5.wav,angry,meld,train,train
Raw_Data/MELD/dev/dia58_utt3.wav,neutral,meld,dev,train
Raw_Data/MELD/train/dia763_utt9.wav,happy,meld,train,train
Raw_Data/MELD/train/dia155_utt7.wav,happy,meld,train,train
Raw_Data/MELD/train/dia1029_utt6.wav,happy,meld,train,train
Raw_Data/MELD/train/dia639_utt8.wav,neutral,meld,train,train
Raw_Data/MELD/train/dia661_utt6.wav,neutral,meld,train,train
Raw_Data/MELD/test/dia64_utt16.wav,neutral,meld,test,train
Raw_Data/MELD/test/dia5_utt0.wav,angry,meld,test,train
Raw_Data/MELD/train/dia928_utt1.wav,neutral,meld,train,train
Raw_Data/MELD/train/dia934_utt3.wav,neutral,meld,train,train
Raw_Data/MELD/train/dia229_utt4.wav,neutral,meld,train,train
Raw_Data/MELD/train/dia761_utt8.wav,angry,meld,train,train
Raw_Data/MELD/train/dia761_utt6.wav,neutral,meld,train,train
Raw_Data/MELD/train/dia113_utt8.wav,happy,meld,train,train
Raw_Data/MELD/test/dia8_utt6.wav,happy,meld,test,train
Raw_Data/MELD/train/dia646_utt12.wav,neutral,meld,train,train
Raw_Data/MELD/dev/dia58_utt10.wav,neutral,meld,dev,train
Raw_Data/MELD/train/dia274_utt1.wav,surprise,meld,train,train
Raw_Data/MELD/train/dia629_utt1.wav,happy,meld,train,train
Raw_Data/MELD/train/dia198_utt3.wav,neutral,meld,train,train
Raw_Data/MELD/train/dia302_utt8.wav,neutral,meld,train,train
Raw_Data/MELD/train/dia15_utt8.wav,neutral,meld,train,train
Raw_Data/MELD/train/dia553_utt4.wav,neutral,meld,train,train
Raw_Data/MELD/test/dia9_utt6.wav,surprise,meld,test,train
Raw_Data/MELD/train/dia1025_utt3.wav,sad,meld,train,train
Raw_Data/MELD/test/dia21_utt5.wav,happy,meld,test,train
Raw_Data/MELD/train/dia466_utt8.wav,neutral,meld,train,train
Raw_Data/MELD/train/dia759_utt1.wav,neutral,meld,train,train
Raw_Data/MELD/train/dia185_utt0.wav,surprise,meld,train,train
Raw_Data/MELD/train/dia766_utt1.wav,happy,meld,train,train
Raw_Data/MELD/train/dia935_utt3.wav,neutral,meld,train,train
Raw_Data/MELD/test/dia194_utt2.wav,neutral,meld,test,train
Raw_Data/MELD/test/dia120_utt15.wav,angry,meld,test,train
Raw_Data/MELD/train/dia296_utt6.wav,neutral,meld,train,train
Raw_Data/MELD/train/dia455_utt7.wav,surprise,meld,train,train
Raw_Data/MELD/train/dia471_utt5.wav,neutral,meld,train,train
Raw_Data/MELD/dev/dia22_utt6.wav,angry,meld,dev,train
Raw_Data/MELD/test/dia5_utt3.wav,neutral,meld,test,train
Raw_Data/MELD/train/dia578_utt5.wav,surprise,meld,train,train
Raw_Data/MELD/train/dia752_utt6.wav,happy,meld,train,train
Raw_Data/MELD/train/dia763_utt0.wav,neutral,meld,train,train
Raw_Data/MELD/train/dia700_utt0.wav,neutral,meld,train,train
Raw_Data/MELD/test/dia52_utt5.wav,neutral,meld,test,train
Raw_Data/MELD/train/dia307_utt6.wav,neutral,meld,train,train
Raw_Data/MELD/test/dia131_utt2.wav,neutral,meld,test,train
Raw_Data/MELD/train/dia885_utt2.wav,neutral,meld,train,train
Raw_Data/MELD/train/dia888_utt2.wav,angry,meld,train,train
Raw_Data/MELD/train/dia226_utt0.wav,surprise,meld,train,train
Raw_Data/MELD/train/dia41_utt7.wav,neutral,meld,train,train
Raw_Data/MELD/train/dia350_utt7.wav,neutral,meld,train,train
Raw_Data/MELD/train/dia626_utt12.wav,surprise,meld,train,train
Raw_Data/MELD/dev/dia29_utt1.wav,neutral,meld,dev,train
Raw_Data/MELD/train/dia356_utt7.wav,happy,meld,train,train
Raw_Data/MELD/train/dia79_utt0.wav,neutral,meld,train,train
Raw_Data/MELD/train/dia29_utt2.wav,neutral,meld,train,train
Raw_Data/MELD/test/dia119_utt0.wav,neutral,meld,test,train
Raw_Data/MELD/train/dia406_utt1.wav,happy,meld,train,train
Raw_Data/MELD/train/dia176_utt1.wav,neutral,meld,train,train
Raw_Data/MELD/test/dia80_utt9.wav,neutral,meld,test,train
Raw_Data/MELD/train/dia1008_utt8.wav,surprise,meld,train,train
Raw_Data/MELD/train/dia982_utt1.wav,neutral,meld,train,train
Raw_Data/MELD/train/dia324_utt3.wav,neutral,meld,train,train
Raw_Data/MELD/dev/dia29_utt9.wav,angry,meld,dev,train
Raw_Data/MELD/train/dia659_utt11.wav,neutral,meld,train,train
Raw_Data/MELD/train/dia783_utt5.wav,happy,meld,train,train
Raw_Data/MELD/train/dia459_utt9.wav,neutral,meld,train,train
Raw_Data/MELD/test/dia174_utt16.wav,neutral,meld,test,train
Raw_Data/MELD/train/dia153_utt4.wav,happy,meld,train,train
Raw_Data/MELD/train/dia204_utt12.wav,neutral,meld,train,train
Raw_Data/MELD/train/dia907_utt6.wav,surprise,meld,train,train
Raw_Data/MELD/train/dia866_utt0.wav,surprise,meld,train,train
Raw_Data/MELD/train/dia39_utt8.wav,neutral,meld,train,train
Raw_Data/MELD/dev/dia28_utt5.wav,sad,meld,dev,train
Raw_Data/MELD/train/dia645_utt12.wav,neutral,meld,train,train
Raw_Data/MELD/dev/dia106_utt4.wav,happy,meld,dev,train
Raw_Data/MELD/train/dia988_utt5.wav,neutral,meld,train,train
Raw_Data/MELD/test/dia124_utt10.wav,surprise,meld,test,train
Raw_Data/MELD/train/dia475_utt7.wav,happy,meld,train,train
Raw_Data/MELD/test/dia128_utt8.wav,disgust,meld,test,train
Raw_Data/MELD/train/dia985_utt4.wav,angry,meld,train,train
Raw_Data/MELD/train/dia398_utt10.wav,disgust,meld,train,train
Raw_Data/MELD/train/dia119_utt10.wav,neutral,meld,train,train
Raw_Data/MELD/dev/dia97_utt15.wav,neutral,meld,dev,train
Raw_Data/MELD/train/dia505_utt12.wav,angry,meld,train,train
Raw_Data/MELD/test/dia144_utt8.wav,angry,meld,test,train
Raw_Data/MELD/train/dia625_utt9.wav,neutral,meld,train,train
Raw_Data/MELD/train/dia232_utt3.wav,surprise,meld,train,train
Raw_Data/MELD/train/dia623_utt13.wav,happy,meld,train,train
Raw_Data/MELD/train/dia545_utt13.wav,neutral,meld,train,train
Raw_Data/MELD/train/dia182_utt10.wav,neutral,meld,train,train
Raw_Data/MELD/train/dia16_utt2.wav,disgust,meld,train,train
Raw_Data/MELD/train/dia141_utt7.wav,neutral,meld,train,train
Raw_Data/MELD/train/dia483_utt12.wav,neutral,meld,train,train
Raw_Data/MELD/train/dia664_utt2.wav,sad,meld,train,train
Raw_Data/MELD/train/dia173_utt3.wav,angry,meld,train,train
Raw_Data/MELD/train/dia466_utt14.wav,angry,meld,train,train
Raw_Data/MELD/train/dia455_utt9.wav,neutral,meld,train,train
Raw_Data/MELD/train/dia450_utt14.wav,neutral,meld,train,train
Raw_Data/MELD/test/dia71_utt10.wav,neutral,meld,test,train
Raw_Data/MELD/train/dia821_utt14.wav,happy,meld,train,train
Raw_Data/MELD/test/dia25_utt2.wav,sad,meld,test,train
Raw_Data/MELD/train/dia331_utt9.wav,happy,meld,train,train
Raw_Data/MELD/train/dia112_utt1.wav,surprise,meld,train,train
Raw_Data/MELD/train/dia635_utt5.wav,neutral,meld,train,train
Raw_Data/MELD/train/dia984_utt0.wav,happy,meld,train,train
Raw_Data/MELD/train/dia246_utt2.wav,neutral,meld,train,train
Raw_Data/MELD/train/dia985_utt2.wav,surprise,meld,train,train
Raw_Data/MELD/train/dia252_utt7.wav,neutral,meld,train,train
Raw_Data/MELD/dev/dia72_utt3.wav,neutral,meld,dev,train
Raw_Data/MELD/train/dia796_utt0.wav,sad,meld,train,train
Raw_Data/MELD/train/dia623_utt17.wav,happy,meld,train,train
Raw_Data/MELD/train/dia508_utt0.wav,angry,meld,train,train
Raw_Data/MELD/train/dia897_utt8.wav,neutral,meld,train,train
Raw_Data/MELD/train/dia830_utt2.wav,angry,meld,train,train
Raw_Data/MELD/dev/dia82_utt18.wav,angry,meld,dev,train
Raw_Data/MELD/dev/dia1_utt13.wav,happy,meld,dev,train
Raw_Data/MELD/train/dia729_utt0.wav,surprise,meld,train,train
Raw_Data/MELD/train/dia365_utt11.wav,neutral,meld,train,train
Raw_Data/MELD/train/dia296_utt16.wav,neutral,meld,train,train
Raw_Data/MELD/train/dia464_utt9.wav,neutral,meld,train,train
Raw_Data/MELD/test/dia145_utt5.wav,neutral,meld,test,train
Raw_Data/MELD/train/dia611_utt10.wav,happy,meld,train,train
Raw_Data/MELD/train/dia614_utt11.wav,neutral,meld,train,train
Raw_Data/MELD/train/dia660_utt12.wav,neutral,meld,train,train
Raw_Data/MELD/train/dia110_utt5.wav,happy,meld,train,train
Raw_Data/MELD/train/dia889_utt4.wav,neutral,meld,train,train
Raw_Data/MELD/dev/dia97_utt5.wav,happy,meld,dev,train
Raw_Data/MELD/train/dia431_utt0.wav,happy,meld,train,train
Raw_Data/MELD/train/dia483_utt6.wav,angry,meld,train,train
Raw_Data/MELD/train/dia232_utt4.wav,neutral,meld,train,train
Raw_Data/MELD/train/dia73_utt7.wav,neutral,meld,train,train
Raw_Data/MELD/train/dia316_utt6.wav,happy,meld,train,train
Raw_Data/MELD/train/dia302_utt10.wav,neutral,meld,train,train
Raw_Data/MELD/test/dia266_utt15.wav,angry,meld,test,train
Raw_Data/MELD/train/dia446_utt14.wav,angry,meld,train,train
Raw_Data/MELD/train/dia813_utt1.wav,surprise,meld,train,train
Raw_Data/MELD/train/dia150_utt2.wav,angry,meld,train,train
Raw_Data/MELD/train/dia884_utt14.wav,neutral,meld,train,train
Raw_Data/MELD/train/dia182_utt13.wav,neutral,meld,train,train
Raw_Data/MELD/train/dia6_utt17.wav,surprise,meld,train,train
Raw_Data/MELD/test/dia189_utt1.wav,happy,meld,test,train
Raw_Data/MELD/train/dia97_utt1.wav,neutral,meld,train,train
Raw_Data/MELD/train/dia231_utt12.wav,neutral,meld,train,train
Raw_Data/MELD/train/dia945_utt3.wav,happy,meld,train,train
Raw_Data/MELD/test/dia147_utt6.wav,angry,meld,test,train
Raw_Data/MELD/train/dia845_utt3.wav,happy,meld,train,train
Raw_Data/MELD/train/dia646_utt5.wav,happy,meld,train,train
Raw_Data/MELD/dev/dia28_utt0.wav,neutral,meld,dev,train
Raw_Data/MELD/test/dia259_utt11.wav,angry,meld,test,train
Raw_Data/MELD/test/dia125_utt11.wav,happy,meld,test,train
Raw_Data/MELD/train/dia231_utt3.wav,neutral,meld,train,train
Raw_Data/MELD/train/dia361_utt2.wav,neutral,meld,train,train
Raw_Data/MELD/train/dia1009_utt1.wav,neutral,meld,train,train
Raw_Data/MELD/train/dia389_utt8.wav,surprise,meld,train,train
Raw_Data/MELD/train/dia195_utt4.wav,happy,meld,train,train
Raw_Data/MELD/train/dia456_utt11.wav,angry,meld,train,train
Raw_Data/MELD/train/dia614_utt0.wav,neutral,meld,train,train
Raw_Data/MELD/train/dia585_utt6.wav,sad,meld,train,train
Raw_Data/MELD/test/dia52_utt6.wav,neutral,meld,test,train
Raw_Data/MELD/train/dia939_utt11.wav,sad,meld,train,train
Raw_Data/MELD/dev/dia74_utt11.wav,neutral,meld,dev,train
Raw_Data/MELD/train/dia602_utt4.wav,surprise,meld,train,train
Raw_Data/MELD/train/dia593_utt5.wav,angry,meld,train,train
Raw_Data/MELD/train/dia264_utt11.wav,neutral,meld,train,train
Raw_Data/MELD/test/dia201_utt11.wav,angry,meld,test,train
Raw_Data/MELD/train/dia747_utt6.wav,happy,meld,train,train
Raw_Data/MELD/train/dia164_utt0.wav,fear,meld,train,train
Raw_Data/MELD/train/dia457_utt9.wav,neutral,meld,train,train
Raw_Data/MELD/train/dia297_utt4.wav,happy,meld,train,train
Raw_Data/MELD/test/dia253_utt2.wav,sad,meld,test,train
Raw_Data/MELD/dev/dia47_utt9.wav,surprise,meld,dev,train
Raw_Data/MELD/train/dia933_utt15.wav,sad,meld,train,train
Raw_Data/MELD/test/dia132_utt8.wav,neutral,meld,test,train
Raw_Data/MELD/test/dia205_utt6.wav,disgust,meld,test,train
Raw_Data/MELD/dev/dia108_utt13.wav,neutral,meld,dev,train
Raw_Data/MELD/train/dia38_utt9.wav,surprise,meld,train,train
Raw_Data/MELD/train/dia680_utt10.wav,happy,meld,train,train
Raw_Data/MELD/test/dia13_utt5.wav,angry,meld,test,train
Raw_Data/MELD/train/dia836_utt3.wav,neutral,meld,train,train
Raw_Data/MELD/train/dia602_utt1.wav,happy,meld,train,train
Raw_Data/MELD/train/dia990_utt2.wav,neutral,meld,train,train
Raw_Data/MELD/train/dia946_utt16.wav,surprise,meld,train,train
Raw_Data/MELD/train/dia718_utt4.wav,happy,meld,train,train
Raw_Data/MELD/train/dia50_utt7.wav,sad,meld,train,train
Raw_Data/MELD/train/dia834_utt6.wav,neutral,meld,train,train
Raw_Data/MELD/train/dia978_utt10.wav,happy,meld,train,train
Raw_Data/MELD/train/dia854_utt0.wav,fear,meld,train,train
Raw_Data/MELD/train/dia431_utt11.wav,angry,meld,train,train
Raw_Data/MELD/train/dia994_utt0.wav,fear,meld,train,train
Raw_Data/MELD/train/dia482_utt15.wav,happy,meld,train,train
Raw_Data/MELD/train/dia457_utt3.wav,neutral,meld,train,train
Raw_Data/MELD/dev/dia28_utt2.wav,happy,meld,dev,train
Raw_Data/MELD/train/dia678_utt4.wav,happy,meld,train,train
Raw_Data/MELD/train/dia846_utt3.wav,neutral,meld,train,train
Raw_Data/MELD/train/dia936_utt6.wav,fear,meld,train,train
Raw_Data/MELD/test/dia116_utt9.wav,neutral,meld,test,train
Raw_Data/MELD/train/dia572_utt7.wav,angry,meld,train,train
Raw_Data/MELD/train/dia739_utt14.wav,happy,meld,train,train
Raw_Data/MELD/train/dia54_utt19.wav,happy,meld,train,train
Raw_Data/MELD/train/dia486_utt15.wav,sad,meld,train,train
Raw_Data/MELD/train/dia887_utt4.wav,neutral,meld,train,train
Raw_Data/MELD/train/dia874_utt5.wav,sad,meld,train,train
Raw_Data/MELD/dev/dia54_utt7.wav,neutral,meld,dev,train
Raw_Data/MELD/train/dia625_utt13.wav,angry,meld,train,train
Raw_Data/MELD/train/dia317_utt15.wav,angry,meld,train,train
Raw_Data/MELD/test/dia134_utt3.wav,angry,meld,test,train
Raw_Data/MELD/train/dia278_utt0.wav,neutral,meld,train,train
Raw_Data/MELD/test/dia1_utt1.wav,happy,meld,test,train
Raw_Data/MELD/train/dia505_utt15.wav,neutral,meld,train,train
Raw_Data/MELD/test/dia257_utt0.wav,neutral,meld,test,train
Raw_Data/MELD/train/dia892_utt3.wav,neutral,meld,train,train
Raw_Data/MELD/train/dia611_utt5.wav,neutral,meld,train,train
Raw_Data/MELD/train/dia112_utt2.wav,angry,meld,train,train
Raw_Data/MELD/train/dia772_utt6.wav,happy,meld,train,train
Raw_Data/MELD/train/dia426_utt1.wav,sad,meld,train,train
Raw_Data/MELD/train/dia813_utt10.wav,neutral,meld,train,train
Raw_Data/MELD/train/dia636_utt1.wav,neutral,meld,train,train
Raw_Data/MELD/train/dia225_utt2.wav,happy,meld,train,train
Raw_Data/MELD/train/dia287_utt12.wav,happy,meld,train,train
Raw_Data/MELD/dev/dia17_utt3.wav,angry,meld,dev,train
Raw_Data/MELD/train/dia507_utt10.wav,happy,meld,train,train
Raw_Data/MELD/train/dia434_utt0.wav,sad,meld,train,train
Raw_Data/MELD/test/dia256_utt0.wav,happy,meld,test,train
Raw_Data/MELD/train/dia415_utt5.wav,neutral,meld,train,train
Raw_Data/MELD/train/dia546_utt2.wav,neutral,meld,train,train
Raw_Data/MELD/test/dia17_utt15.wav,neutral,meld,test,train
Raw_Data/MELD/train/dia832_utt14.wav,angry,meld,train,train
Raw_Data/MELD/train/dia842_utt10.wav,happy,meld,train,train
Raw_Data/MELD/train/dia844_utt0.wav,neutral,meld,train,train
Raw_Data/MELD/test/dia199_utt6.wav,sad,meld,test,train
Raw_Data/MELD/train/dia416_utt1.wav,surprise,meld,train,train
Raw_Data/MELD/train/dia867_utt3.wav,angry,meld,train,train
Raw_Data/MELD/train/dia22_utt0.wav,disgust,meld,train,train
Raw_Data/MELD/dev/dia103_utt2.wav,happy,meld,dev,train
Raw_Data/MELD/train/dia727_utt9.wav,neutral,meld,train,train
Raw_Data/MELD/train/dia699_utt7.wav,disgust,meld,train,train
Raw_Data/MELD/train/dia326_utt1.wav,surprise,meld,train,train
Raw_Data/MELD/train/dia728_utt11.wav,surprise,meld,train,train
Raw_Data/MELD/test/dia28_utt13.wav,neutral,meld,test,train
Raw_Data/MELD/dev/dia113_utt10.wav,sad,meld,dev,train
Raw_Data/MELD/train/dia674_utt2.wav,neutral,meld,train,train
Raw_Data/MELD/train/dia10_utt5.wav,neutral,meld,train,train
Raw_Data/MELD/train/dia244_utt5.wav,neutral,meld,train,train
Raw_Data/MELD/train/dia992_utt0.wav,neutral,meld,train,train
Raw_Data/MELD/test/dia34_utt14.wav,angry,meld,test,train
Raw_Data/MELD/train/dia693_utt5.wav,angry,meld,train,train
Raw_Data/MELD/train/dia19_utt1.wav,neutral,meld,train,train
Raw_Data/MELD/train/dia151_utt6.wav,surprise,meld,train,train
Raw_Data/MELD/train/dia680_utt3.wav,happy,meld,train,train
Raw_Data/MELD/train/dia151_utt1.wav,happy,meld,train,train
Raw_Data/MELD/train/dia404_utt14.wav,neutral,meld,train,train
Raw_Data/MELD/test/dia92_utt3.wav,happy,meld,test,train
Raw_Data/MELD/test/dia254_utt0.wav,neutral,meld,test,train
Raw_Data/MELD/train/dia683_utt0.wav,happy,meld,train,train
Raw_Data/MELD/test/dia132_utt13.wav,neutral,meld,test,train
Raw_Data/MELD/train/dia583_utt3.wav,neutral,meld,train,train
Raw_Data/MELD/test/dia130_utt15.wav,neutral,meld,test,train
Raw_Data/MELD/test/dia224_utt3.wav,neutral,meld,test,train
Raw_Data/MELD/train/dia62_utt0.wav,neutral,meld,train,train
Raw_Data/MELD/test/dia21_utt6.wav,surprise,meld,test,train
Raw_Data/MELD/train/dia908_utt2.wav,surprise,meld,train,train
Raw_Data/MELD/train/dia163_utt6.wav,neutral,meld,train,train
Raw_Data/MELD/train/dia304_utt5.wav,surprise,meld,train,train
Raw_Data/MELD/train/dia210_utt8.wav,happy,meld,train,train
Raw_Data/MELD/train/dia272_utt8.wav,angry,meld,train,train
Raw_Data/MELD/test/dia41_utt9.wav,surprise,meld,test,train
Raw_Data/MELD/dev/dia89_utt8.wav,happy,meld,dev,train
Raw_Data/MELD/test/dia184_utt0.wav,sad,meld,test,train
Raw_Data/MELD/dev/dia53_utt0.wav,happy,meld,dev,train
Raw_Data/MELD/train/dia211_utt7.wav,neutral,meld,train,train
Raw_Data/MELD/train/dia692_utt1.wav,neutral,meld,train,train
Raw_Data/MELD/train/dia713_utt1.wav,surprise,meld,train,train
Raw_Data/MELD/dev/dia32_utt5.wav,neutral,meld,dev,train
Raw_Data/MELD/test/dia259_utt0.wav,surprise,meld,test,train
Raw_Data/MELD/train/dia639_utt7.wav,neutral,meld,train,train
Raw_Data/MELD/train/dia507_utt15.wav,neutral,meld,train,train
Raw_Data/MELD/train/dia588_utt4.wav,neutral,meld,train,train
Raw_Data/MELD/train/dia334_utt1.wav,neutral,meld,train,train
Raw_Data/MELD/dev/dia97_utt19.wav,neutral,meld,dev,train
Raw_Data/MELD/train/dia945_utt7.wav,fear,meld,train,train
Raw_Data/MELD/train/dia895_utt8.wav,angry,meld,train,train
Raw_Data/MELD/train/dia798_utt6.wav,surprise,meld,train,train
Raw_Data/MELD/train/dia50_utt13.wav,angry,meld,train,train
Raw_Data/MELD/train/dia450_utt3.wav,neutral,meld,train,train
Raw_Data/MELD/train/dia592_utt4.wav,neutral,meld,train,train
Raw_Data/MELD/train/dia928_utt5.wav,neutral,meld,train,train
Raw_Data/MELD/dev/dia79_utt10.wav,sad,meld,dev,train
Raw_Data/MELD/train/dia130_utt8.wav,neutral,meld,train,train
Raw_Data/MELD/train/dia475_utt8.wav,neutral,meld,train,train
Raw_Data/MELD/train/dia41_utt1.wav,surprise,meld,train,train
Raw_Data/MELD/train/dia189_utt5.wav,happy,meld,train,train
Raw_Data/MELD/test/dia95_utt0.wav,surprise,meld,test,train
Raw_Data/MELD/test/dia72_utt2.wav,angry,meld,test,train
Raw_Data/MELD/train/dia53_utt7.wav,neutral,meld,train,train
Raw_Data/MELD/test/dia190_utt0.wav,surprise,meld,test,train
Raw_Data/MELD/train/dia650_utt4.wav,neutral,meld,train,train
Raw_Data/MELD/train/dia752_utt0.wav,neutral,meld,train,train
Raw_Data/MELD/train/dia539_utt5.wav,neutral,meld,train,train
Raw_Data/MELD/train/dia676_utt3.wav,sad,meld,train,train
Raw_Data/MELD/train/dia383_utt8.wav,neutral,meld,train,train
Raw_Data/MELD/train/dia697_utt7.wav,surprise,meld,train,train
Raw_Data/MELD/train/dia468_utt6.wav,happy,meld,train,train
Raw_Data/MELD/train/dia115_utt6.wav,surprise,meld,train,train
Raw_Data/MELD/train/dia612_utt5.wav,fear,meld,train,train
Raw_Data/MELD/test/dia86_utt6.wav,happy,meld,test,train
Raw_Data/MELD/dev/dia80_utt3.wav,neutral,meld,dev,train
Raw_Data/MELD/train/dia52_utt6.wav,neutral,meld,train,train
Raw_Data/MELD/train/dia143_utt2.wav,sad,meld,train,train
Raw_Data/MELD/train/dia15_utt12.wav,neutral,meld,train,train
Raw_Data/MELD/train/dia288_utt4.wav,neutral,meld,train,train
Raw_Data/MELD/test/dia143_utt7.wav,angry,meld,test,train
Raw_Data/MELD/train/dia1036_utt5.wav,neutral,meld,train,train
Raw_Data/MELD/test/dia217_utt4.wav,surprise,meld,test,train
Raw_Data/MELD/test/dia121_utt5.wav,happy,meld,test,train
Raw_Data/MELD/train/dia55_utt6.wav,surprise,meld,train,train
Raw_Data/MELD/test/dia234_utt0.wav,neutral,meld,test,train
Raw_Data/MELD/test/dia165_utt2.wav,surprise,meld,test,train
Raw_Data/MELD/train/dia727_utt0.wav,happy,meld,train,train
Raw_Data/MELD/test/dia53_utt9.wav,happy,meld,test,train
Raw_Data/MELD/test/dia269_utt3.wav,happy,meld,test,train
Raw_Data/MELD/train/dia756_utt6.wav,surprise,meld,train,train
Raw_Data/MELD/train/dia771_utt3.wav,neutral,meld,train,train
Raw_Data/MELD/train/dia623_utt0.wav,disgust,meld,train,train
Raw_Data/MELD/train/dia671_utt17.wav,angry,meld,train,train
Raw_Data/MELD/dev/dia69_utt18.wav,surprise,meld,dev,train
Raw_Data/MELD/train/dia418_utt3.wav,neutral,meld,train,train
Raw_Data/MELD/train/dia1016_utt9.wav,disgust,meld,train,train
Raw_Data/MELD/dev/dia45_utt11.wav,fear,meld,dev,train
Raw_Data/MELD/train/dia534_utt0.wav,neutral,meld,train,train
Raw_Data/MELD/test/dia41_utt11.wav,sad,meld,test,train
Raw_Data/MELD/train/dia293_utt3.wav,neutral,meld,train,train
Raw_Data/MELD/train/dia201_utt0.wav,neutral,meld,train,train
Raw_Data/MELD/test/dia26_utt0.wav,happy,meld,test,train
Raw_Data/MELD/train/dia1024_utt2.wav,neutral,meld,train,train
Raw_Data/MELD/train/dia278_utt4.wav,sad,meld,train,train
Raw_Data/MELD/test/dia215_utt5.wav,neutral,meld,test,train
Raw_Data/MELD/train/dia940_utt0.wav,sad,meld,train,train
Raw_Data/MELD/train/dia651_utt6.wav,neutral,meld,train,train
Raw_Data/MELD/train/dia145_utt17.wav,neutral,meld,train,train
Raw_Data/MELD/train/dia61_utt6.wav,happy,meld,train,train
Raw_Data/MELD/train/dia545_utt6.wav,surprise,meld,train,train
Raw_Data/MELD/train/dia592_utt13.wav,angry,meld,train,train
Raw_Data/MELD/train/dia796_utt5.wav,fear,meld,train,train
Raw_Data/MELD/train/dia351_utt0.wav,angry,meld,train,train
Raw_Data/MELD/train/dia887_utt1.wav,surprise,meld,train,train
Raw_Data/MELD/train/dia320_utt12.wav,surprise,meld,train,train
Raw_Data/MELD/train/dia673_utt1.wav,neutral,meld,train,train
Raw_Data/MELD/train/dia900_utt11.wav,happy,meld,train,train
Raw_Data/MELD/test/dia147_utt9.wav,neutral,meld,test,train
Raw_Data/MELD/train/dia799_utt2.wav,neutral,meld,train,train
Raw_Data/MELD/train/dia236_utt9.wav,neutral,meld,train,train
Raw_Data/MELD/test/dia258_utt10.wav,neutral,meld,test,train
Raw_Data/MELD/train/dia939_utt16.wav,surprise,meld,train,train
Raw_Data/MELD/train/dia648_utt0.wav,neutral,meld,train,train
Raw_Data/MELD/train/dia422_utt6.wav,surprise,meld,train,train
Raw_Data/MELD/test/dia253_utt11.wav,neutral,meld,test,train
Raw_Data/MELD/train/dia207_utt3.wav,neutral,meld,train,train
Raw_Data/MELD/train/dia673_utt12.wav,neutral,meld,train,train
Raw_Data/MELD/train/dia208_utt10.wav,surprise,meld,train,train
Raw_Data/MELD/train/dia283_utt3.wav,neutral,meld,train,train
Raw_Data/MELD/train/dia589_utt7.wav,angry,meld,train,train
Raw_Data/MELD/test/dia239_utt5.wav,neutral,meld,test,train
Raw_Data/MELD/test/dia241_utt11.wav,neutral,meld,test,train
Raw_Data/MELD/train/dia839_utt12.wav,disgust,meld,train,train
Raw_Data/MELD/train/dia671_utt0.wav,neutral,meld,train,train
Raw_Data/MELD/train/dia161_utt1.wav,happy,meld,train,train
Raw_Data/MELD/test/dia49_utt16.wav,neutral,meld,test,train
Raw_Data/MELD/train/dia819_utt0.wav,surprise,meld,train,train
Raw_Data/MELD/train/dia398_utt6.wav,sad,meld,train,train
Raw_Data/MELD/train/dia630_utt4.wav,neutral,meld,train,train
Raw_Data/MELD/train/dia812_utt0.wav,neutral,meld,train,train
Raw_Data/MELD/train/dia208_utt4.wav,disgust,meld,train,train
Raw_Data/MELD/train/dia1034_utt2.wav,surprise,meld,train,train
Raw_Data/MELD/train/dia273_utt5.wav,neutral,meld,train,train
Raw_Data/MELD/train/dia530_utt3.wav,surprise,meld,train,dev
Raw_Data/MELD/dev/dia82_utt15.wav,neutral,meld,dev,dev
Raw_Data/MELD/train/dia11_utt7.wav,happy,meld,train,dev
Raw_Data/MELD/test/dia120_utt6.wav,happy,meld,test,dev
Raw_Data/MELD/train/dia551_utt0.wav,neutral,meld,train,dev
Raw_Data/MELD/train/dia923_utt11.wav,neutral,meld,train,dev
Raw_Data/MELD/train/dia120_utt3.wav,neutral,meld,train,dev
Raw_Data/MELD/test/dia199_utt0.wav,neutral,meld,test,dev
Raw_Data/MELD/dev/dia56_utt13.wav,sad,meld,dev,dev
Raw_Data/MELD/train/dia26_utt8.wav,neutral,meld,train,dev
Raw_Data/MELD/train/dia703_utt5.wav,surprise,meld,train,dev
Raw_Data/MELD/train/dia607_utt8.wav,surprise,meld,train,dev
Raw_Data/MELD/train/dia606_utt10.wav,neutral,meld,train,dev
Raw_Data/MELD/train/dia745_utt10.wav,angry,meld,train,dev
Raw_Data/MELD/train/dia817_utt8.wav,neutral,meld,train,dev
Raw_Data/MELD/train/dia127_utt4.wav,disgust,meld,train,dev
Raw_Data/MELD/dev/dia11_utt8.wav,angry,meld,dev,dev
Raw_Data/MELD/train/dia219_utt4.wav,happy,meld,train,dev
Raw_Data/MELD/train/dia902_utt6.wav,neutral,meld,train,dev
Raw_Data/MELD/train/dia218_utt8.wav,neutral,meld,train,dev
Raw_Data/MELD/train/dia473_utt3.wav,fear,meld,train,dev
Raw_Data/MELD/train/dia201_utt6.wav,surprise,meld,train,dev
Raw_Data/MELD/train/dia1022_utt12.wav,angry,meld,train,dev
Raw_Data/MELD/test/dia14_utt10.wav,neutral,meld,test,dev
Raw_Data/MELD/train/dia739_utt12.wav,angry,meld,train,dev
Raw_Data/MELD/train/dia168_utt5.wav,neutral,meld,train,dev
Raw_Data/MELD/train/dia520_utt5.wav,surprise,meld,train,dev
Raw_Data/MELD/train/dia271_utt9.wav,angry,meld,train,dev
Raw_Data/MELD/train/dia952_utt3.wav,neutral,meld,train,dev
Raw_Data/MELD/train/dia332_utt2.wav,neutral,meld,train,dev
Raw_Data/MELD/train/dia129_utt3.wav,disgust,meld,train,dev
Raw_Data/MELD/train/dia671_utt3.wav,neutral,meld,train,dev
Raw_Data/MELD/train/dia222_utt14.wav,neutral,meld,train,dev
Raw_Data/MELD/dev/dia1_utt12.wav,neutral,meld,dev,dev
Raw_Data/MELD/train/dia312_utt6.wav,neutral,meld,train,dev
Raw_Data/MELD/train/dia168_utt10.wav,neutral,meld,train,dev
Raw_Data/MELD/train/dia429_utt5.wav,neutral,meld,train,dev
Raw_Data/MELD/train/dia943_utt2.wav,neutral,meld,train,dev
Raw_Data/MELD/train/dia926_utt3.wav,neutral,meld,train,dev
Raw_Data/MELD/train/dia345_utt2.wav,happy,meld,train,dev
Raw_Data/MELD/train/dia669_utt0.wav,neutral,meld,train,dev
Raw_Data/MELD/train/dia366_utt7.wav,sad,meld,train,dev
Raw_Data/MELD/train/dia735_utt15.wav,neutral,meld,train,dev
Raw_Data/MELD/dev/dia42_utt1.wav,angry,meld,dev,dev
Raw_Data/MELD/train/dia536_utt11.wav,neutral,meld,train,dev
Raw_Data/MELD/train/dia617_utt7.wav,angry,meld,train,dev
Raw_Data/MELD/train/dia665_utt12.wav,neutral,meld,train,dev
Raw_Data/MELD/test/dia175_utt22.wav,happy,meld,test,dev
Raw_Data/MELD/train/dia672_utt1.wav,surprise,meld,train,dev
Raw_Data/MELD/train/dia418_utt2.wav,neutral,meld,train,dev
Raw_Data/MELD/test/dia22_utt15.wav,happy,meld,test,dev
Raw_Data/MELD/train/dia400_utt1.wav,angry,meld,train,dev
Raw_Data/MELD/train/dia66_utt4.wav,neutral,meld,train,dev
Raw_Data/MELD/train/dia306_utt4.wav,neutral,meld,train,dev
Raw_Data/MELD/dev/dia85_utt2.wav,neutral,meld,dev,dev
Raw_Data/MELD/train/dia285_utt16.wav,neutral,meld,train,dev
Raw_Data/MELD/train/dia1006_utt4.wav,neutral,meld,train,dev
Raw_Data/MELD/train/dia851_utt17.wav,neutral,meld,train,dev
Raw_Data/MELD/train/dia905_utt5.wav,neutral,meld,train,dev
Raw_Data/MELD/test/dia130_utt6.wav,surprise,meld,test,dev
Raw_Data/MELD/train/dia939_utt18.wav,neutral,meld,train,dev
Raw_Data/MELD/train/dia759_utt12.wav,disgust,meld,train,dev
Raw_Data/MELD/dev/dia5_utt9.wav,angry,meld,dev,dev
Raw_Data/MELD/train/dia736_utt8.wav,fear,meld,train,dev
Raw_Data/MELD/train/dia328_utt8.wav,sad,meld,train,dev
Raw_Data/MELD/train/dia1017_utt9.wav,angry,meld,train,dev
Raw_Data/MELD/train/dia837_utt2.wav,happy,meld,train,dev
Raw_Data/MELD/train/dia933_utt13.wav,neutral,meld,train,dev
Raw_Data/MELD/test/dia239_utt1.wav,angry,meld,test,dev
Raw_Data/MELD/train/dia257_utt4.wav,sad,meld,train,dev
Raw_Data/MELD/train/dia497_utt1.wav,angry,meld,train,dev
Raw_Data/MELD/train/dia3_utt1.wav,surprise,meld,train,dev
Raw_Data/MELD/train/dia347_utt7.wav,sad,meld,train,dev
Raw_Data/MELD/train/dia803_utt3.wav,happy,meld,train,dev
Raw_Data/MELD/train/dia922_utt2.wav,neutral,meld,train,dev
Raw_Data/MELD/train/dia219_utt9.wav,neutral,meld,train,dev
Raw_Data/MELD/train/dia444_utt6.wav,neutral,meld,train,dev
Raw_Data/MELD/train/dia418_utt6.wav,neutral,meld,train,dev
Raw_Data/MELD/train/dia611_utt12.wav,neutral,meld,train,dev
Raw_Data/MELD/test/dia110_utt1.wav,neutral,meld,test,dev
Raw_Data/MELD/train/dia183_utt8.wav,neutral,meld,train,dev
Raw_Data/MELD/train/dia665_utt9.wav,neutral,meld,train,dev
Raw_Data/MELD/test/dia117_utt2.wav,neutral,meld,test,dev
Raw_Data/MELD/train/dia806_utt10.wav,surprise,meld,train,dev
Raw_Data/MELD/train/dia1035_utt2.wav,angry,meld,train,dev
Raw_Data/MELD/train/dia759_utt2.wav,surprise,meld,train,dev
Raw_Data/MELD/train/dia513_utt1.wav,neutral,meld,train,dev
Raw_Data/MELD/train/dia565_utt1.wav,neutral,meld,train,dev
Raw_Data/MELD/train/dia777_utt2.wav,neutral,meld,train,dev
Raw_Data/MELD/train/dia860_utt9.wav,surprise,meld,train,dev
Raw_Data/MELD/test/dia222_utt13.wav,surprise,meld,test,dev
Raw_Data/MELD/train/dia792_utt5.wav,surprise,meld,train,dev
Raw_Data/MELD/test/dia239_utt0.wav,neutral,meld,test,dev
Raw_Data/MELD/dev/dia101_utt0.wav,sad,meld,dev,dev
Raw_Data/MELD/train/dia707_utt8.wav,surprise,meld,train,dev
Raw_Data/MELD/test/dia266_utt16.wav,happy,meld,test,dev
Raw_Data/MELD/train/dia212_utt6.wav,neutral,meld,train,dev
Raw_Data/MELD/test/dia169_utt22.wav,angry,meld,test,dev
Raw_Data/MELD/train/dia727_utt6.wav,angry,meld,train,dev
Raw_Data/MELD/test/dia131_utt6.wav,happy,meld,test,dev
Raw_Data/MELD/test/dia154_utt7.wav,happy,meld,test,dev
Raw_Data/MELD/train/dia220_utt1.wav,happy,meld,train,dev
Raw_Data/MELD/train/dia993_utt3.wav,neutral,meld,train,dev
Raw_Data/MELD/train/dia948_utt13.wav,neutral,meld,train,dev
Raw_Data/MELD/test/dia7_utt8.wav,neutral,meld,test,dev
Raw_Data/MELD/train/dia1037_utt1.wav,neutral,meld,train,dev
Raw_Data/MELD/train/dia986_utt15.wav,neutral,meld,train,dev
Raw_Data/MELD/test/dia183_utt0.wav,neutral,meld,test,dev
Raw_Data/MELD/train/dia295_utt16.wav,angry,meld,train,dev
Raw_Data/MELD/train/dia893_utt9.wav,angry,meld,train,dev
Raw_Data/MELD/train/dia226_utt7.wav,neutral,meld,train,dev
Raw_Data/MELD/train/dia347_utt5.wav,neutral,meld,train,dev
Raw_Data/MELD/test/dia173_utt6.wav,surprise,meld,test,dev
Raw_Data/MELD/train/dia181_utt2.wav,neutral,meld,train,dev
Raw_Data/MELD/train/dia787_utt7.wav,neutral,meld,train,dev
Raw_Data/MELD/train/dia910_utt7.wav,happy,meld,train,dev
Raw_Data/MELD/train/dia38_utt5.wav,neutral,meld,train,dev
Raw_Data/MELD/train/dia338_utt4.wav,happy,meld,train,dev
Raw_Data/MELD/train/dia944_utt0.wav,neutral,meld,train,dev
Raw_Data/MELD/train/dia682_utt12.wav,neutral,meld,train,dev
Raw_Data/MELD/train/dia537_utt1.wav,neutral,meld,train,dev
Raw_Data/MELD/train/dia18_utt1.wav,neutral,meld,train,dev
Raw_Data/MELD/train/dia908_utt5.wav,neutral,meld,train,dev
Raw_Data/MELD/dev/dia36_utt5.wav,sad,meld,dev,dev
Raw_Data/MELD/dev/dia25_utt4.wav,sad,meld,dev,dev
Raw_Data/MELD/test/dia237_utt1.wav,neutral,meld,test,dev
Raw_Data/MELD/train/dia132_utt1.wav,neutral,meld,train,dev
Raw_Data/MELD/dev/dia91_utt3.wav,neutral,meld,dev,dev
Raw_Data/MELD/train/dia153_utt12.wav,angry,meld,train,dev
Raw_Data/MELD/train/dia686_utt4.wav,disgust,meld,train,dev
Raw_Data/MELD/train/dia630_utt0.wav,happy,meld,train,dev
Raw_Data/MELD/train/dia559_utt2.wav,surprise,meld,train,dev
Raw_Data/MELD/train/dia501_utt3.wav,happy,meld,train,dev
Raw_Data/MELD/train/dia791_utt4.wav,neutral,meld,train,dev
Raw_Data/MELD/train/dia945_utt1.wav,sad,meld,train,dev
Raw_Data/MELD/train/dia719_utt7.wav,happy,meld,train,dev
Raw_Data/MELD/train/dia1026_utt7.wav,happy,meld,train,dev
Raw_Data/MELD/train/dia941_utt7.wav,neutral,meld,train,dev
Raw_Data/MELD/train/dia307_utt4.wav,neutral,meld,train,dev
Raw_Data/MELD/train/dia11_utt2.wav,neutral,meld,train,dev
Raw_Data/MELD/train/dia186_utt2.wav,happy,meld,train,dev
Raw_Data/MELD/train/dia526_utt20.wav,neutral,meld,train,dev
Raw_Data/MELD/test/dia219_utt0.wav,neutral,meld,test,dev
Raw_Data/MELD/train/dia649_utt3.wav,happy,meld,train,dev
Raw_Data/MELD/train/dia632_utt6.wav,disgust,meld,train,dev
Raw_Data/MELD/train/dia333_utt2.wav,surprise,meld,train,dev
Raw_Data/MELD/train/dia169_utt0.wav,happy,meld,train,dev
Raw_Data/MELD/train/dia538_utt3.wav,angry,meld,train,dev
Raw_Data/MELD/train/dia1000_utt2.wav,angry,meld,train,dev
Raw_Data/MELD/train/dia884_utt10.wav,surprise,meld,train,dev
Raw_Data/MELD/train/dia336_utt11.wav,sad,meld,train,dev
Raw_Data/MELD/train/dia165_utt3.wav,surprise,meld,train,dev
Raw_Data/MELD/train/dia296_utt10.wav,neutral,meld,train,dev
Raw_Data/MELD/test/dia222_utt2.wav,neutral,meld,test,dev
Raw_Data/MELD/test/dia236_utt0.wav,happy,meld,test,dev
Raw_Data/MELD/test/dia139_utt6.wav,neutral,meld,test,dev
Raw_Data/MELD/dev/dia22_utt4.wav,neutral,meld,dev,dev
Raw_Data/MELD/train/dia564_utt4.wav,neutral,meld,train,dev
Raw_Data/MELD/train/dia412_utt15.wav,neutral,meld,train,dev
Raw_Data/MELD/train/dia886_utt20.wav,neutral,meld,train,dev
Raw_Data/MELD/test/dia146_utt6.wav,happy,meld,test,dev
Raw_Data/MELD/train/dia116_utt6.wav,neutral,meld,train,dev
Raw_Data/MELD/test/dia88_utt9.wav,happy,meld,test,dev
Raw_Data/MELD/train/dia621_utt7.wav,surprise,meld,train,dev
Raw_Data/MELD/dev/dia26_utt4.wav,neutral,meld,dev,dev
Raw_Data/MELD/test/dia72_utt6.wav,angry,meld,test,dev
Raw_Data/MELD/train/dia471_utt3.wav,neutral,meld,train,dev
Raw_Data/MELD/dev/dia76_utt15.wav,neutral,meld,dev,dev
Raw_Data/MELD/train/dia887_utt7.wav,surprise,meld,train,dev
Raw_Data/MELD/train/dia234_utt1.wav,happy,meld,train,dev
Raw_Data/MELD/train/dia735_utt16.wav,neutral,meld,train,dev
Raw_Data/MELD/train/dia916_utt2.wav,happy,meld,train,dev
Raw_Data/MELD/test/dia114_utt1.wav,neutral,meld,test,dev
Raw_Data/MELD/train/dia947_utt13.wav,neutral,meld,train,dev
Raw_Data/MELD/train/dia852_utt8.wav,sad,meld,train,dev
Raw_Data/MELD/train/dia756_utt8.wav,neutral,meld,train,dev
Raw_Data/MELD/test/dia182_utt3.wav,fear,meld,test,dev
Raw_Data/MELD/dev/dia77_utt18.wav,neutral,meld,dev,dev
Raw_Data/MELD/dev/dia82_utt9.wav,neutral,meld,dev,dev
Raw_Data/MELD/train/dia901_utt9.wav,angry,meld,train,dev
Raw_Data/MELD/train/dia358_utt13.wav,surprise,meld,train,dev
Raw_Data/MELD/train/dia311_utt0.wav,neutral,meld,train,dev
Raw_Data/MELD/train/dia374_utt2.wav,surprise,meld,train,dev
Raw_Data/MELD/test/dia195_utt7.wav,happy,meld,test,dev
Raw_Data/MELD/dev/dia5_utt10.wav,angry,meld,dev,dev
Raw_Data/MELD/train/dia314_utt7.wav,neutral,meld,train,dev
Raw_Data/MELD/train/dia182_utt1.wav,sad,meld,train,dev
Raw_Data/MELD/train/dia184_utt13.wav,angry,meld,train,dev
Raw_Data/MELD/train/dia852_utt4.wav,sad,meld,train,dev
Raw_Data/MELD/train/dia930_utt3.wav,neutral,meld,train,dev
Raw_Data/MELD/train/dia444_utt0.wav,surprise,meld,train,dev
Raw_Data/MELD/train/dia730_utt8.wav,happy,meld,train,dev
Raw_Data/MELD/train/dia120_utt9.wav,neutral,meld,train,dev
Raw_Data/MELD/train/dia779_utt0.wav,neutral,meld,train,dev
Raw_Data/MELD/test/dia46_utt4.wav,happy,meld,test,dev
Raw_Data/MELD/train/dia459_utt6.wav,neutral,meld,train,dev
Raw_Data/MELD/test/dia200_utt0.wav,surprise,meld,test,dev
Raw_Data/MELD/train/dia326_utt6.wav,happy,meld,train,dev
Raw_Data/MELD/train/dia541_utt0.wav,happy,meld,train,dev
Raw_Data/MELD/train/dia820_utt10.wav,neutral,meld,train,dev
Raw_Data/MELD/train/dia438_utt15.wav,neutral,meld,train,dev
Raw_Data/MELD/train/dia980_utt4.wav,disgust,meld,train,dev
Raw_Data/MELD/train/dia855_utt4.wav,happy,meld,train,dev
Raw_Data/MELD/train/dia896_utt3.wav,neutral,meld,train,dev
Raw_Data/MELD/test/dia239_utt2.wav,surprise,meld,test,dev
Raw_Data/MELD/train/dia72_utt4.wav,neutral,meld,train,dev
Raw_Data/MELD/train/dia471_utt2.wav,neutral,meld,train,dev
Raw_Data/MELD/train/dia884_utt11.wav,disgust,meld,train,dev
Raw_Data/MELD/train/dia2_utt8.wav,neutral,meld,train,dev
Raw_Data/MELD/test/dia9_utt15.wav,happy,meld,test,dev
Raw_Data/MELD/dev/dia40_utt8.wav,fear,meld,dev,dev
Raw_Data/MELD/test/dia65_utt0.wav,neutral,meld,test,dev
Raw_Data/MELD/train/dia95_utt14.wav,neutral,meld,train,dev
Raw_Data/MELD/train/dia165_utt19.wav,happy,meld,train,dev
Raw_Data/MELD/train/dia615_utt21.wav,neutral,meld,train,dev
Raw_Data/MELD/train/dia904_utt7.wav,angry,meld,train,dev
Raw_Data/MELD/test/dia252_utt4.wav,angry,meld,test,dev
Raw_Data/MELD/train/dia904_utt3.wav,sad,meld,train,dev
Raw_Data/MELD/train/dia561_utt18.wav,neutral,meld,train,dev
Raw_Data/MELD/test/dia198_utt8.wav,angry,meld,test,dev
Raw_Data/MELD/train/dia747_utt18.wav,neutral,meld,train,dev
Raw_Data/MELD/test/dia120_utt4.wav,neutral,meld,test,dev
Raw_Data/MELD/dev/dia28_utt10.wav,neutral,meld,dev,dev
Raw_Data/MELD/train/dia916_utt3.wav,happy,meld,train,dev
Raw_Data/MELD/train/dia934_utt1.wav,neutral,meld,train,dev
Raw_Data/MELD/train/dia796_utt14.wav,fear,meld,train,dev
Raw_Data/MELD/train/dia851_utt1.wav,surprise,meld,train,dev
Raw_Data/MELD/train/dia599_utt12.wav,neutral,meld,train,dev
Raw_Data/MELD/train/dia209_utt0.wav,neutral,meld,train,dev
Raw_Data/MELD/train/dia670_utt15.wav,sad,meld,train,dev
Raw_Data/MELD/train/dia26_utt9.wav,neutral,meld,train,dev
Raw_Data/MELD/train/dia574_utt19.wav,sad,meld,train,dev
Raw_Data/MELD/train/dia140_utt2.wav,surprise,meld,train,dev
Raw_Data/MELD/train/dia237_utt9.wav,sad,meld,train,dev
Raw_Data/MELD/train/dia423_utt4.wav,neutral,meld,train,dev
Raw_Data/MELD/train/dia226_utt12.wav,surprise,meld,train,dev
Raw_Data/MELD/train/dia870_utt5.wav,neutral,meld,train,dev
Raw_Data/MELD/train/dia326_utt4.wav,surprise,meld,train,dev
Raw_Data/MELD/test/dia29_utt6.wav,fear,meld,test,dev
Raw_Data/MELD/train/dia1033_utt1.wav,neutral,meld,train,dev
Raw_Data/MELD/train/dia964_utt11.wav,disgust,meld,train,dev
Raw_Data/MELD/train/dia316_utt5.wav,angry,meld,train,dev
Raw_Data/MELD/test/dia12_utt7.wav,sad,meld,test,dev
Raw_Data/MELD/dev/dia104_utt15.wav,angry,meld,dev,dev
Raw_Data/MELD/test/dia240_utt13.wav,neutral,meld,test,dev
Raw_Data/MELD/train/dia1015_utt0.wav,neutral,meld,train,dev
Raw_Data/MELD/train/dia809_utt10.wav,angry,meld,train,dev
Raw_Data/MELD/dev/dia58_utt1.wav,disgust,meld,dev,dev
Raw_Data/MELD/train/dia740_utt12.wav,neutral,meld,train,dev
Raw_Data/MELD/train/dia964_utt10.wav,sad,meld,train,dev
Raw_Data/MELD/dev/dia23_utt10.wav,sad,meld,dev,dev
Raw_Data/MELD/test/dia125_utt22.wav,surprise,meld,test,dev
Raw_Data/MELD/test/dia132_utt2.wav,neutral,meld,test,dev
Raw_Data/MELD/test/dia85_utt3.wav,angry,meld,test,dev
Raw_Data/MELD/train/dia376_utt1.wav,happy,meld,train,dev
Raw_Data/MELD/train/dia264_utt0.wav,neutral,meld,train,dev
Raw_Data/MELD/train/dia30_utt6.wav,angry,meld,train,dev
Raw_Data/MELD/train/dia932_utt0.wav,happy,meld,train,dev
Raw_Data/MELD/test/dia278_utt9.wav,happy,meld,test,dev
Raw_Data/MELD/train/dia239_utt2.wav,happy,meld,train,dev
Raw_Data/MELD/train/dia663_utt9.wav,neutral,meld,train,dev
Raw_Data/MELD/train/dia844_utt7.wav,neutral,meld,train,dev
Raw_Data/MELD/train/dia261_utt4.wav,angry,meld,train,dev
Raw_Data/MELD/train/dia996_utt6.wav,sad,meld,train,dev
Raw_Data/MELD/train/dia901_utt12.wav,neutral,meld,train,dev
Raw_Data/MELD/test/dia66_utt2.wav,happy,meld,test,dev
Raw_Data/MELD/train/dia277_utt3.wav,angry,meld,train,dev
Raw_Data/MELD/train/dia941_utt5.wav,neutral,meld,train,dev
Raw_Data/MELD/train/dia154_utt1.wav,happy,meld,train,dev
Raw_Data/MELD/train/dia718_utt1.wav,neutral,meld,train,dev
Raw_Data/MELD/train/dia358_utt2.wav,neutral,meld,train,dev
Raw_Data/MELD/train/dia283_utt0.wav,disgust,meld,train,dev
Raw_Data/MELD/test/dia154_utt18.wav,neutral,meld,test,dev
Raw_Data/MELD/train/dia940_utt1.wav,neutral,meld,train,dev
Raw_Data/MELD/train/dia159_utt1.wav,surprise,meld,train,dev
Raw_Data/MELD/train/dia1008_utt5.wav,neutral,meld,train,dev
Raw_Data/MELD/dev/dia13_utt14.wav,surprise,meld,dev,dev
Raw_Data/MELD/train/dia750_utt1.wav,neutral,meld,train,dev
Raw_Data/MELD/dev/dia1_utt15.wav,neutral,meld,dev,dev
Raw_Data/MELD/train/dia997_utt4.wav,neutral,meld,train,dev
Raw_Data/MELD/train/dia665_utt8.wav,surprise,meld,train,dev
Raw_Data/MELD/train/dia834_utt2.wav,neutral,meld,train,dev
Raw_Data/MELD/train/dia798_utt4.wav,sad,meld,train,dev
Raw_Data/MELD/train/dia205_utt4.wav,happy,meld,train,dev
Raw_Data/MELD/train/dia25_utt6.wav,neutral,meld,train,dev
Raw_Data/MELD/train/dia653_utt0.wav,neutral,meld,train,dev
Raw_Data/MELD/train/dia464_utt2.wav,neutral,meld,train,dev
Raw_Data/MELD/train/dia1038_utt2.wav,neutral,meld,train,dev
Raw_Data/MELD/dev/dia77_utt11.wav,neutral,meld,dev,dev
Raw_Data/MELD/train/dia443_utt5.wav,neutral,meld,train,dev
Raw_Data/MELD/test/dia14_utt7.wav,happy,meld,test,dev
Raw_Data/MELD/dev/dia77_utt9.wav,neutral,meld,dev,dev
Raw_Data/MELD/test/dia250_utt4.wav,neutral,meld,test,dev
Raw_Data/MELD/test/dia146_utt0.wav,happy,meld,test,dev
Raw_Data/MELD/train/dia893_utt2.wav,sad,meld,train,dev
Raw_Data/MELD/test/dia188_utt6.wav,neutral,meld,test,dev
Raw_Data/MELD/train/dia410_utt1.wav,surprise,meld,train,dev
Raw_Data/MELD/test/dia58_utt1.wav,happy,meld,test,dev
Raw_Data/MELD/test/dia75_utt0.wav,neutral,meld,test,dev
Raw_Data/MELD/train/dia67_utt2.wav,happy,meld,train,dev
Raw_Data/MELD/train/dia990_utt19.wav,angry,meld,train,dev
Raw_Data/MELD/train/dia963_utt2.wav,angry,meld,train,dev
Raw_Data/MELD/train/dia946_utt15.wav,happy,meld,train,dev
Raw_Data/MELD/test/dia28_utt6.wav,neutral,meld,test,dev
Raw_Data/MELD/train/dia560_utt4.wav,happy,meld,train,dev
Raw_Data/MELD/train/dia730_utt4.wav,neutral,meld,train,dev
Raw_Data/MELD/train/dia505_utt7.wav,neutral,meld,train,dev
Raw_Data/MELD/train/dia781_utt0.wav,neutral,meld,train,dev
Raw_Data/MELD/train/dia888_utt14.wav,happy,meld,train,dev
Raw_Data/MELD/train/dia455_utt2.wav,neutral,meld,train,dev
Raw_Data/MELD/train/dia672_utt3.wav,surprise,meld,train,dev
Raw_Data/MELD/train/dia192_utt2.wav,neutral,meld,train,dev
Raw_Data/MELD/train/dia518_utt3.wav,angry,meld,train,dev
Raw_Data/MELD/train/dia464_utt3.wav,surprise,meld,train,dev
Raw_Data/MELD/train/dia333_utt3.wav,neutral,meld,train,dev
Raw_Data/MELD/train/dia619_utt8.wav,disgust,meld,train,dev
Raw_Data/MELD/dev/dia57_utt5.wav,happy,meld,dev,dev
Raw_Data/MELD/train/dia679_utt11.wav,neutral,meld,train,dev
Raw_Data/MELD/train/dia966_utt1.wav,surprise,meld,train,dev
Raw_Data/MELD/train/dia625_utt11.wav,angry,meld,train,dev
Raw_Data/MELD/train/dia126_utt7.wav,angry,meld,train,dev
Raw_Data/MELD/train/dia761_utt4.wav,angry,meld,train,dev
Raw_Data/MELD/train/dia311_utt8.wav,surprise,meld,train,dev
Raw_Data/MELD/train/dia950_utt8.wav,happy,meld,train,dev
Raw_Data/MELD/train/dia911_utt2.wav,surprise,meld,train,dev
Raw_Data/MELD/train/dia147_utt6.wav,surprise,meld,train,dev
Raw_Data/MELD/train/dia936_utt13.wav,surprise,meld,train,dev
Raw_Data/MELD/train/dia463_utt9.wav,happy,meld,train,dev
Raw_Data/MELD/train/dia21_utt13.wav,happy,meld,train,dev
Raw_Data/MELD/train/dia332_utt14.wav,surprise,meld,train,dev
Raw_Data/MELD/dev/dia89_utt7.wav,sad,meld,dev,dev
Raw_Data/MELD/train/dia83_utt2.wav,angry,meld,train,dev
Raw_Data/MELD/train/dia629_utt11.wav,neutral,meld,train,dev
Raw_Data/MELD/train/dia578_utt0.wav,neutral,meld,train,dev
Raw_Data/MELD/train/dia293_utt6.wav,neutral,meld,train,dev
Raw_Data/MELD/test/dia266_utt0.wav,neutral,meld,test,dev
Raw_Data/MELD/train/dia168_utt0.wav,neutral,meld,train,dev
Raw_Data/MELD/test/dia211_utt7.wav,neutral,meld,test,dev
Raw_Data/MELD/test/dia106_utt0.wav,angry,meld,test,dev
Raw_Data/MELD/train/dia792_utt8.wav,angry,meld,train,dev
Raw_Data/MELD/dev/dia63_utt2.wav,angry,meld,dev,dev
Raw_Data/MELD/test/dia32_utt5.wav,sad,meld,test,dev
Raw_Data/MELD/train/dia640_utt9.wav,happy,meld,train,dev
Raw_Data/MELD/train/dia798_utt2.wav,neutral,meld,train,dev
Raw_Data/MELD/train/dia682_utt0.wav,sad,meld,train,dev
Raw_Data/MELD/dev/dia97_utt10.wav,surprise,meld,dev,dev
Raw_Data/MELD/test/dia214_utt4.wav,sad,meld,test,dev
Raw_Data/MELD/train/dia279_utt13.wav,angry,meld,train,dev
Raw_Data/MELD/dev/dia3_utt2.wav,surprise,meld,dev,dev
Raw_Data/MELD/dev/dia108_utt8.wav,sad,meld,dev,dev
Raw_Data/MELD/test/dia119_utt6.wav,surprise,meld,test,dev
Raw_Data/MELD/train/dia915_utt3.wav,fear,meld,train,dev
Raw_Data/MELD/train/dia212_utt2.wav,neutral,meld,train,dev
Raw_Data/MELD/train/dia311_utt10.wav,surprise,meld,train,dev
Raw_Data/MELD/test/dia260_utt6.wav,angry,meld,test,dev
Raw_Data/MELD/train/dia365_utt2.wav,neutral,meld,train,dev
Raw_Data/MELD/train/dia347_utt1.wav,neutral,meld,train,dev
Raw_Data/MELD/train/dia574_utt0.wav,neutral,meld,train,dev
Raw_Data/MELD/dev/dia50_utt3.wav,neutral,meld,dev,dev
Raw_Data/MELD/train/dia465_utt0.wav,neutral,meld,train,dev
Raw_Data/MELD/train/dia672_utt11.wav,angry,meld,train,dev
Raw_Data/MELD/test/dia29_utt12.wav,happy,meld,test,dev
Raw_Data/MELD/train/dia997_utt6.wav,neutral,meld,train,dev
Raw_Data/MELD/train/dia556_utt5.wav,neutral,meld,train,dev
Raw_Data/MELD/train/dia796_utt1.wav,surprise,meld,train,dev
Raw_Data/MELD/train/dia1005_utt5.wav,neutral,meld,train,dev
Raw_Data/MELD/train/dia628_utt3.wav,neutral,meld,train,dev
Raw_Data/MELD/train/dia518_utt1.wav,angry,meld,train,dev
Raw_Data/MELD/dev/dia37_utt5.wav,fear,meld,dev,dev
Raw_Data/MELD/train/dia584_utt5.wav,neutral,meld,train,dev
Raw_Data/MELD/train/dia1036_utt2.wav,surprise,meld,train,dev
Raw_Data/MELD/train/dia275_utt11.wav,angry,meld,train,dev
Raw_Data/MELD/train/dia891_utt0.wav,happy,meld,train,dev
Raw_Data/MELD/train/dia128_utt2.wav,happy,meld,train,dev
Raw_Data/MELD/train/dia769_utt1.wav,fear,meld,train,dev
Raw_Data/MELD/train/dia26_utt7.wav,happy,meld,train,dev
Raw_Data/MELD/dev/dia69_utt17.wav,sad,meld,dev,dev
Raw_Data/MELD/train/dia124_utt2.wav,neutral,meld,train,dev
Raw_Data/MELD/train/dia774_utt4.wav,neutral,meld,train,dev
Raw_Data/MELD/train/dia29_utt8.wav,angry,meld,train,dev
Raw_Data/MELD/test/dia169_utt13.wav,neutral,meld,test,dev
Raw_Data/MELD/test/dia28_utt4.wav,neutral,meld,test,dev
Raw_Data/MELD/train/dia531_utt6.wav,sad,meld,train,dev
Raw_Data/MELD/test/dia22_utt12.wav,happy,meld,test,dev
Raw_Data/MELD/train/dia204_utt5.wav,surprise,meld,train,dev
Raw_Data/MELD/train/dia566_utt1.wav,happy,meld,train,dev
Raw_Data/MELD/train/dia558_utt3.wav,surprise,meld,train,dev
Raw_Data/MELD/train/dia244_utt3.wav,neutral,meld,train,dev
Raw_Data/MELD/dev/dia37_utt2.wav,fear,meld,dev,dev
Raw_Data/MELD/test/dia115_utt0.wav,happy,meld,test,dev
Raw_Data/MELD/dev/dia67_utt9.wav,surprise,meld,dev,dev
Raw_Data/MELD/train/dia956_utt9.wav,neutral,meld,train,dev
Raw_Data/MELD/train/dia658_utt4.wav,fear,meld,train,dev
Raw_Data/MELD/train/dia344_utt0.wav,happy,meld,train,dev
Raw_Data/MELD/train/dia982_utt9.wav,surprise,meld,train,dev
Raw_Data/MELD/train/dia122_utt9.wav,disgust,meld,train,dev
Raw_Data/MELD/test/dia88_utt4.wav,neutral,meld,test,dev
Raw_Data/MELD/train/dia459_utt5.wav,neutral,meld,train,dev
Raw_Data/MELD/train/dia626_utt6.wav,neutral,meld,train,dev
Raw_Data/MELD/train/dia768_utt3.wav,angry,meld,train,dev
Raw_Data/MELD/train/dia851_utt12.wav,neutral,meld,train,dev
Raw_Data/MELD/test/dia270_utt6.wav,neutral,meld,test,dev
Raw_Data/MELD/train/dia717_utt8.wav,neutral,meld,train,dev
Raw_Data/MELD/train/dia948_utt1.wav,neutral,meld,train,dev
Raw_Data/MELD/train/dia744_utt6.wav,surprise,meld,train,dev
Raw_Data/MELD/train/dia1018_utt9.wav,neutral,meld,train,dev
Raw_Data/MELD/test/dia34_utt7.wav,angry,meld,test,dev
Raw_Data/MELD/train/dia530_utt2.wav,neutral,meld,train,dev
Raw_Data/MELD/train/dia481_utt3.wav,surprise,meld,train,dev
Raw_Data/MELD/train/dia392_utt9.wav,happy,meld,train,dev
Raw_Data/MELD/train/dia342_utt16.wav,surprise,meld,train,dev
Raw_Data/MELD/dev/dia68_utt2.wav,neutral,meld,dev,dev
Raw_Data/MELD/test/dia37_utt3.wav,fear,meld,test,dev
Raw_Data/MELD/train/dia596_utt3.wav,neutral,meld,train,dev
Raw_Data/MELD/train/dia305_utt0.wav,happy,meld,train,dev
Raw_Data/MELD/train/dia4_utt5.wav,neutral,meld,train,dev
Raw_Data/MELD/train/dia317_utt2.wav,neutral,meld,train,dev
Raw_Data/MELD/train/dia496_utt0.wav,neutral,meld,train,dev
Raw_Data/MELD/train/dia239_utt3.wav,happy,meld,train,dev
Raw_Data/MELD/train/dia236_utt4.wav,neutral,meld,train,dev
Raw_Data/MELD/dev/dia16_utt6.wav,angry,meld,dev,dev
Raw_Data/MELD/train/dia722_utt0.wav,neutral,meld,train,dev
Raw_Data/MELD/dev/dia53_utt1.wav,neutral,meld,dev,dev
Raw_Data/MELD/train/dia775_utt1.wav,neutral,meld,train,dev
Raw_Data/MELD/test/dia259_utt2.wav,happy,meld,test,dev
Raw_Data/MELD/train/dia640_utt2.wav,neutral,meld,train,dev
Raw_Data/MELD/train/dia1009_utt11.wav,happy,meld,train,dev
Raw_Data/MELD/test/dia132_utt17.wav,neutral,meld,test,dev
Raw_Data/MELD/train/dia689_utt9.wav,happy,meld,train,dev
Raw_Data/MELD/train/dia747_utt8.wav,happy,meld,train,dev
Raw_Data/MELD/dev/dia79_utt6.wav,neutral,meld,dev,dev
Raw_Data/MELD/train/dia70_utt0.wav,happy,meld,train,dev
Raw_Data/MELD/dev/dia1_utt10.wav,surprise,meld,dev,dev
Raw_Data/MELD/dev/dia109_utt2.wav,disgust,meld,dev,dev
Raw_Data/MELD/test/dia215_utt8.wav,sad,meld,test,dev
Raw_Data/MELD/train/dia936_utt16.wav,angry,meld,train,dev
Raw_Data/MELD/train/dia296_utt5.wav,angry,meld,train,dev
Raw_Data/MELD/train/dia648_utt4.wav,neutral,meld,train,dev
Raw_Data/MELD/train/dia551_utt1.wav,happy,meld,train,dev
Raw_Data/MELD/test/dia232_utt0.wav,neutral,meld,test,dev
Raw_Data/MELD/train/dia649_utt12.wav,neutral,meld,train,dev
Raw_Data/MELD/test/dia153_utt5.wav,neutral,meld,test,dev
Raw_Data/MELD/test/dia33_utt0.wav,sad,meld,test,dev
Raw_Data/MELD/test/dia126_utt14.wav,happy,meld,test,dev
Raw_Data/MELD/train/dia168_utt11.wav,angry,meld,train,dev
Raw_Data/MELD/test/dia215_utt3.wav,neutral,meld,test,dev
Raw_Data/MELD/train/dia356_utt16.wav,neutral,meld,train,dev
Raw_Data/MELD/test/dia70_utt6.wav,neutral,meld,test,dev
Raw_Data/MELD/train/dia304_utt1.wav,neutral,meld,train,dev
Raw_Data/MELD/train/dia982_utt2.wav,neutral,meld,train,dev
Raw_Data/MELD/train/dia277_utt1.wav,neutral,meld,train,dev
Raw_Data/MELD/train/dia680_utt2.wav,surprise,meld,train,dev
Raw_Data/MELD/train/dia489_utt3.wav,neutral,meld,train,dev
Raw_Data/MELD/train/dia400_utt3.wav,neutral,meld,train,dev
Raw_Data/MELD/train/dia976_utt3.wav,neutral,meld,train,dev
Raw_Data/MELD/train/dia418_utt18.wav,sad,meld,train,dev
Raw_Data/MELD/train/dia908_utt10.wav,neutral,meld,train,dev
Raw_Data/MELD/test/dia9_utt17.wav,neutral,meld,test,dev
Raw_Data/MELD/train/dia973_utt6.wav,sad,meld,train,dev
Raw_Data/MELD/train/dia665_utt3.wav,neutral,meld,train,dev
Raw_Data/MELD/test/dia73_utt7.wav,happy,meld,test,dev
Raw_Data/MELD/train/dia939_utt17.wav,happy,meld,train,dev
Raw_Data/MELD/train/dia347_utt2.wav,surprise,meld,train,dev
Raw_Data/MELD/dev/dia29_utt4.wav,neutral,meld,dev,dev
Raw_Data/MELD/dev/dia11_utt5.wav,fear,meld,dev,dev
Raw_Data/MELD/train/dia635_utt1.wav,neutral,meld,train,dev
Raw_Data/MELD/train/dia936_utt10.wav,sad,meld,train,dev
Raw_Data/MELD/train/dia530_utt10.wav,angry,meld,train,dev
Raw_Data/MELD/train/dia591_utt0.wav,neutral,meld,train,dev
Raw_Data/MELD/test/dia213_utt7.wav,happy,meld,test,dev
Raw_Data/MELD/train/dia1012_utt7.wav,surprise,meld,train,dev
Raw_Data/MELD/train/dia431_utt7.wav,happy,meld,train,dev
Raw_Data/MELD/test/dia76_utt8.wav,surprise,meld,test,dev
Raw_Data/MELD/train/dia297_utt3.wav,neutral,meld,train,dev
Raw_Data/MELD/test/dia56_utt7.wav,happy,meld,test,dev
Raw_Data/MELD/train/dia599_utt6.wav,happy,meld,train,dev
Raw_Data/MELD/train/dia685_utt0.wav,neutral,meld,train,dev
Raw_Data/MELD/train/dia575_utt0.wav,neutral,meld,train,dev
Raw_Data/MELD/train/dia1016_utt7.wav,happy,meld,train,dev
Raw_Data/MELD/train/dia994_utt2.wav,sad,meld,train,dev
Raw_Data/MELD/train/dia456_utt5.wav,surprise,meld,train,dev
Raw_Data/MELD/test/dia198_utt1.wav,happy,meld,test,dev
Raw_Data/MELD/test/dia254_utt7.wav,surprise,meld,test,dev
Raw_Data/MELD/dev/dia51_utt1.wav,happy,meld,dev,dev
Raw_Data/MELD/train/dia991_utt3.wav,neutral,meld,train,dev
Raw_Data/MELD/dev/dia36_utt7.wav,neutral,meld,dev,dev
Raw_Data/MELD/test/dia185_utt5.wav,neutral,meld,test,dev
Raw_Data/MELD/test/dia258_utt4.wav,neutral,meld,test,dev
Raw_Data/MELD/test/dia49_utt0.wav,happy,meld,test,dev
Raw_Data/MELD/train/dia256_utt6.wav,angry,meld,train,dev
Raw_Data/MELD/train/dia59_utt2.wav,neutral,meld,train,dev
Raw_Data/MELD/test/dia195_utt9.wav,neutral,meld,test,dev
Raw_Data/MELD/train/dia740_utt5.wav,sad,meld,train,dev
Raw_Data/MELD/train/dia450_utt8.wav,surprise,meld,train,dev
Raw_Data/MELD/train/dia577_utt4.wav,neutral,meld,train,dev
Raw_Data/MELD/train/dia206_utt0.wav,neutral,meld,train,dev
Raw_Data/MELD/dev/dia96_utt0.wav,neutral,meld,dev,dev
Raw_Data/MELD/train/dia652_utt0.wav,disgust,meld,train,dev
Raw_Data/MELD/train/dia477_utt3.wav,fear,meld,train,dev
Raw_Data/MELD/test/dia198_utt2.wav,angry,meld,test,dev
Raw_Data/MELD/train/dia603_utt11.wav,neutral,meld,train,dev
Raw_Data/MELD/train/dia621_utt4.wav,angry,meld,train,dev
Raw_Data/MELD/train/dia370_utt2.wav,neutral,meld,train,dev
Raw_Data/MELD/test/dia239_utt11.wav,neutral,meld,test,dev
Raw_Data/MELD/train/dia175_utt2.wav,happy,meld,train,dev
Raw_Data/MELD/train/dia755_utt6.wav,happy,meld,train,dev
Raw_Data/MELD/train/dia338_utt15.wav,neutral,meld,train,dev
Raw_Data/MELD/train/dia314_utt3.wav,neutral,meld,train,dev
Raw_Data/MELD/test/dia120_utt1.wav,neutral,meld,test,dev
Raw_Data/MELD/train/dia501_utt2.wav,happy,meld,train,dev
Raw_Data/MELD/test/dia32_utt6.wav,neutral,meld,test,dev
Raw_Data/MELD/dev/dia29_utt2.wav,sad,meld,dev,dev
Raw_Data/MELD/train/dia1038_utt10.wav,neutral,meld,train,dev
Raw_Data/MELD/train/dia336_utt3.wav,neutral,meld,train,dev
Raw_Data/MELD/test/dia196_utt4.wav,angry,meld,test,dev
Raw_Data/MELD/train/dia55_utt0.wav,happy,meld,train,dev
Raw_Data/MELD/train/dia229_utt0.wav,neutral,meld,train,dev
Raw_Data/MELD/train/dia593_utt9.wav,surprise,meld,train,dev
Raw_Data/MELD/test/dia267_utt9.wav,neutral,meld,test,dev
Raw_Data/MELD/train/dia409_utt1.wav,neutral,meld,train,dev
Raw_Data/MELD/train/dia546_utt11.wav,neutral,meld,train,dev
Raw_Data/MELD/train/dia483_utt11.wav,neutral,meld,train,dev
Raw_Data/MELD/train/dia246_utt1.wav,sad,meld,train,dev
Raw_Data/MELD/train/dia650_utt0.wav,angry,meld,train,dev
Raw_Data/MELD/train/dia852_utt7.wav,angry,meld,train,dev
Raw_Data/MELD/test/dia156_utt4.wav,neutral,meld,test,dev
Raw_Data/MELD/dev/dia40_utt10.wav,happy,meld,dev,dev
Raw_Data/MELD/dev/dia68_utt10.wav,happy,meld,dev,dev
Raw_Data/MELD/train/dia373_utt4.wav,happy,meld,train,dev
Raw_Data/MELD/train/dia801_utt0.wav,neutral,meld,train,dev
Raw_Data/MELD/train/dia125_utt1.wav,neutral,meld,train,dev
Raw_Data/MELD/dev/dia24_utt2.wav,sad,meld,dev,dev
Raw_Data/MELD/train/dia168_utt3.wav,neutral,meld,train,dev
Raw_Data/MELD/train/dia589_utt8.wav,happy,meld,train,dev
Raw_Data/MELD/train/dia865_utt6.wav,neutral,meld,train,dev
Raw_Data/MELD/train/dia183_utt3.wav,neutral,meld,train,dev
Raw_Data/MELD/train/dia476_utt1.wav,neutral,meld,train,dev
Raw_Data/MELD/test/dia217_utt10.wav,neutral,meld,test,dev
Raw_Data/MELD/train/dia281_utt7.wav,neutral,meld,train,dev
Raw_Data/MELD/train/dia828_utt15.wav,angry,meld,train,dev
Raw_Data/MELD/train/dia564_utt3.wav,happy,meld,train,dev
Raw_Data/MELD/dev/dia43_utt1.wav,neutral,meld,dev,dev
Raw_Data/MELD/test/dia37_utt4.wav,angry,meld,test,dev
Raw_Data/MELD/test/dia57_utt5.wav,disgust,meld,test,dev
Raw_Data/MELD/train/dia594_utt9.wav,neutral,meld,train,dev
Raw_Data/MELD/train/dia901_utt1.wav,neutral,meld,train,dev
Raw_Data/MELD/train/dia623_utt8.wav,happy,meld,train,dev
Raw_Data/MELD/train/dia174_utt5.wav,neutral,meld,train,dev
Raw_Data/MELD/train/dia1010_utt2.wav,happy,meld,train,test
Raw_Data/MELD/test/dia164_utt2.wav,neutral,meld,test,test
Raw_Data/MELD/train/dia678_utt5.wav,neutral,meld,train,test
Raw_Data/MELD/train/dia610_utt5.wav,surprise,meld,train,test
Raw_Data/MELD/dev/dia14_utt6.wav,sad,meld,dev,test
Raw_Data/MELD/train/dia562_utt0.wav,happy,meld,train,test
Raw_Data/MELD/train/dia536_utt2.wav,neutral,meld,train,test
Raw_Data/MELD/test/dia69_utt2.wav,neutral,meld,test,test
Raw_Data/MELD/dev/dia40_utt5.wav,surprise,meld,dev,test
Raw_Data/MELD/dev/dia56_utt11.wav,sad,meld,dev,test
Raw_Data/MELD/train/dia615_utt9.wav,angry,meld,train,test
Raw_Data/MELD/test/dia25_utt10.wav,angry,meld,test,test
Raw_Data/MELD/train/dia260_utt9.wav,neutral,meld,train,test
Raw_Data/MELD/dev/dia4_utt9.wav,surprise,meld,dev,test
Raw_Data/MELD/test/dia70_utt18.wav,neutral,meld,test,test
Raw_Data/MELD/train/dia686_utt2.wav,neutral,meld,train,test
Raw_Data/MELD/train/dia992_utt3.wav,happy,meld,train,test
Raw_Data/MELD/train/dia821_utt5.wav,neutral,meld,train,test
Raw_Data/MELD/train/dia679_utt3.wav,happy,meld,train,test
Raw_Data/MELD/test/dia153_utt9.wav,neutral,meld,test,test
Raw_Data/MELD/train/dia956_utt8.wav,neutral,meld,train,test
Raw_Data/MELD/train/dia990_utt13.wav,neutral,meld,train,test
Raw_Data/MELD/train/dia923_utt7.wav,neutral,meld,train,test
Raw_Data/MELD/train/dia679_utt12.wav,fear,meld,train,test
Raw_Data/MELD/train/dia953_utt19.wav,neutral,meld,train,test
Raw_Data/MELD/train/dia834_utt14.wav,surprise,meld,train,test
Raw_Data/MELD/train/dia296_utt14.wav,surprise,meld,train,test
Raw_Data/MELD/train/dia603_utt7.wav,happy,meld,train,test
Raw_Data/MELD/test/dia184_utt7.wav,sad,meld,test,test
Raw_Data/MELD/train/dia153_utt3.wav,neutral,meld,train,test
Raw_Data/MELD/train/dia655_utt2.wav,neutral,meld,train,test
Raw_Data/MELD/train/dia51_utt0.wav,neutral,meld,train,test
Raw_Data/MELD/test/dia137_utt10.wav,surprise,meld,test,test
Raw_Data/MELD/train/dia544_utt8.wav,neutral,meld,train,test
Raw_Data/MELD/test/dia1_utt2.wav,happy,meld,test,test
Raw_Data/MELD/train/dia207_utt10.wav,happy,meld,train,test
Raw_Data/MELD/train/dia652_utt6.wav,happy,meld,train,test
Raw_Data/MELD/train/dia623_utt5.wav,happy,meld,train,test
Raw_Data/MELD/test/dia114_utt0.wav,neutral,meld,test,test
Raw_Data/MELD/test/dia168_utt16.wav,angry,meld,test,test
Raw_Data/MELD/dev/dia33_utt1.wav,neutral,meld,dev,test
Raw_Data/MELD/train/dia198_utt4.wav,surprise,meld,train,test
Raw_Data/MELD/dev/dia19_utt4.wav,angry,meld,dev,test
Raw_Data/MELD/train/dia861_utt14.wav,disgust,meld,train,test
Raw_Data/MELD/train/dia527_utt0.wav,angry,meld,train,test
Raw_Data/MELD/train/dia615_utt5.wav,angry,meld,train,test
Raw_Data/MELD/test/dia71_utt5.wav,surprise,meld,test,test
Raw_Data/MELD/train/dia665_utt13.wav,neutral,meld,train,test
Raw_Data/MELD/train/dia162_utt0.wav,neutral,meld,train,test
Raw_Data/MELD/test/dia93_utt11.wav,neutral,meld,test,test
Raw_Data/MELD/train/dia869_utt1.wav,surprise,meld,train,test
Raw_Data/MELD/test/dia32_utt11.wav,sad,meld,test,test
Raw_Data/MELD/dev/dia21_utt6.wav,surprise,meld,dev,test
Raw_Data/MELD/train/dia15_utt9.wav,sad,meld,train,test
Raw_Data/MELD/train/dia840_utt13.wav,neutral,meld,train,test
Raw_Data/MELD/train/dia12_utt7.wav,neutral,meld,train,test
Raw_Data/MELD/train/dia24_utt6.wav,neutral,meld,train,test
Raw_Data/MELD/train/dia913_utt13.wav,neutral,meld,train,test
Raw_Data/MELD/dev/dia70_utt3.wav,happy,meld,dev,test
Raw_Data/MELD/train/dia546_utt16.wav,neutral,meld,train,test
Raw_Data/MELD/train/dia629_utt10.wav,neutral,meld,train,test
Raw_Data/MELD/train/dia306_utt1.wav,happy,meld,train,test
Raw_Data/MELD/dev/dia65_utt9.wav,fear,meld,dev,test
Raw_Data/MELD/dev/dia79_utt2.wav,neutral,meld,dev,test
Raw_Data/MELD/train/dia517_utt3.wav,happy,meld,train,test
Raw_Data/MELD/train/dia770_utt11.wav,angry,meld,train,test
Raw_Data/MELD/train/dia448_utt4.wav,angry,meld,train,test
Raw_Data/MELD/train/dia765_utt0.wav,neutral,meld,train,test
Raw_Data/MELD/train/dia336_utt15.wav,happy,meld,train,test
Raw_Data/MELD/dev/dia48_utt5.wav,neutral,meld,dev,test
Raw_Data/MELD/train/dia723_utt5.wav,neutral,meld,train,test
Raw_Data/MELD/train/dia81_utt10.wav,neutral,meld,train,test
Raw_Data/MELD/train/dia904_utt6.wav,happy,meld,train,test
Raw_Data/MELD/test/dia196_utt10.wav,neutral,meld,test,test
Raw_Data/MELD/train/dia599_utt1.wav,neutral,meld,train,test
Raw_Data/MELD/train/dia451_utt0.wav,neutral,meld,train,test
Raw_Data/MELD/train/dia450_utt16.wav,neutral,meld,train,test
Raw_Data/MELD/train/dia1024_utt13.wav,happy,meld,train,test
Raw_Data/MELD/train/dia1006_utt0.wav,sad,meld,train,test
Raw_Data/MELD/train/dia990_utt6.wav,sad,meld,train,test
Raw_Data/MELD/train/dia279_utt6.wav,surprise,meld,train,test
Raw_Data/MELD/train/dia129_utt11.wav,surprise,meld,train,test
Raw_Data/MELD/train/dia888_utt19.wav,happy,meld,train,test
Raw_Data/MELD/train/dia464_utt4.wav,neutral,meld,train,test
Raw_Data/MELD/train/dia455_utt15.wav,neutral,meld,train,test
Raw_Data/MELD/train/dia581_utt0.wav,neutral,meld,train,test
Raw_Data/MELD/train/dia763_utt2.wav,sad,meld,train,test
Raw_Data/MELD/test/dia237_utt3.wav,disgust,meld,test,test
Raw_Data/MELD/train/dia449_utt8.wav,happy,meld,train,test
Raw_Data/MELD/test/dia247_utt1.wav,neutral,meld,test,test
Raw_Data/MELD/test/dia12_utt13.wav,neutral,meld,test,test
Raw_Data/MELD/train/dia108_utt5.wav,neutral,meld,train,test
Raw_Data/MELD/train/dia21_utt5.wav,surprise,meld,train,test
Raw_Data/MELD/train/dia508_utt16.wav,neutral,meld,train,test
Raw_Data/MELD/train/dia918_utt0.wav,neutral,meld,train,test
Raw_Data/MELD/train/dia371_utt9.wav,neutral,meld,train,test
Raw_Data/MELD/train/dia1010_utt5.wav,sad,meld,train,test
Raw_Data/MELD/train/dia1038_utt7.wav,disgust,meld,train,test
Raw_Data/MELD/test/dia229_utt8.wav,neutral,meld,test,test
Raw_Data/MELD/train/dia111_utt16.wav,surprise,meld,train,test
Raw_Data/MELD/test/dia271_utt4.wav,surprise,meld,test,test
Raw_Data/MELD/train/dia9_utt2.wav,neutral,meld,train,test
Raw_Data/MELD/test/dia237_utt7.wav,happy,meld,test,test
Raw_Data/MELD/train/dia578_utt2.wav,neutral,meld,train,test
Raw_Data/MELD/test/dia3_utt3.wav,neutral,meld,test,test
Raw_Data/MELD/train/dia361_utt1.wav,neutral,meld,train,test
Raw_Data/MELD/test/dia49_utt8.wav,neutral,meld,test,test
Raw_Data/MELD/test/dia88_utt5.wav,neutral,meld,test,test
Raw_Data/MELD/train/dia377_utt0.wav,neutral,meld,train,test
Raw_Data/MELD/train/dia725_utt5.wav,neutral,meld,train,test
Raw_Data/MELD/train/dia195_utt15.wav,neutral,meld,train,test
Raw_Data/MELD/test/dia93_utt1.wav,sad,meld,test,test
Raw_Data/MELD/train/dia273_utt14.wav,neutral,meld,train,test
Raw_Data/MELD/train/dia83_utt0.wav,neutral,meld,train,test
Raw_Data/MELD/train/dia609_utt0.wav,neutral,meld,train,test
Raw_Data/MELD/train/dia34_utt10.wav,neutral,meld,train,test
Raw_Data/MELD/train/dia464_utt8.wav,neutral,meld,train,test
Raw_Data/MELD/train/dia222_utt19.wav,disgust,meld,train,test
Raw_Data/MELD/train/dia806_utt11.wav,neutral,meld,train,test
Raw_Data/MELD/train/dia312_utt0.wav,neutral,meld,train,test
Raw_Data/MELD/train/dia668_utt0.wav,happy,meld,train,test
Raw_Data/MELD/train/dia561_utt7.wav,disgust,meld,train,test
Raw_Data/MELD/train/dia12_utt11.wav,angry,meld,train,test
Raw_Data/MELD/train/dia673_utt19.wav,surprise,meld,train,test
Raw_Data/MELD/test/dia252_utt9.wav,neutral,meld,test,test
Raw_Data/MELD/train/dia12_utt3.wav,surprise,meld,train,test
Raw_Data/MELD/test/dia71_utt12.wav,happy,meld,test,test
Raw_Data/MELD/train/dia177_utt5.wav,fear,meld,train,test
Raw_Data/MELD/train/dia254_utt9.wav,angry,meld,train,test
Raw_Data/MELD/train/dia992_utt10.wav,sad,meld,train,test
Raw_Data/MELD/test/dia274_utt2.wav,angry,meld,test,test
Raw_Data/MELD/train/dia184_utt18.wav,neutral,meld,train,test
Raw_Data/MELD/train/dia538_utt4.wav,happy,meld,train,test
Raw_Data/MELD/train/dia657_utt4.wav,happy,meld,train,test
Raw_Data/MELD/train/dia362_utt7.wav,surprise,meld,train,test
Raw_Data/MELD/train/dia1017_utt13.wav,happy,meld,train,test
Raw_Data/MELD/dev/dia20_utt6.wav,disgust,meld,dev,test
Raw_Data/MELD/train/dia326_utt2.wav,surprise,meld,train,test
Raw_Data/MELD/train/dia375_utt2.wav,happy,meld,train,test
Raw_Data/MELD/train/dia558_utt6.wav,angry,meld,train,test
Raw_Data/MELD/train/dia679_utt9.wav,happy,meld,train,test
Raw_Data/MELD/train/dia739_utt15.wav,neutral,meld,train,test
Raw_Data/MELD/dev/dia19_utt5.wav,angry,meld,dev,test
Raw_Data/MELD/train/dia342_utt9.wav,neutral,meld,train,test
Raw_Data/MELD/dev/dia79_utt9.wav,neutral,meld,dev,test
Raw_Data/MELD/train/dia597_utt5.wav,neutral,meld,train,test
Raw_Data/MELD/train/dia109_utt15.wav,angry,meld,train,test
Raw_Data/MELD/train/dia996_utt3.wav,angry,meld,train,test
Raw_Data/MELD/train/dia321_utt7.wav,happy,meld,train,test
Raw_Data/MELD/test/dia72_utt11.wav,angry,meld,test,test
Raw_Data/MELD/test/dia39_utt4.wav,neutral,meld,test,test
Raw_Data/MELD/test/dia144_utt13.wav,neutral,meld,test,test
Raw_Data/MELD/dev/dia40_utt4.wav,surprise,meld,dev,test
Raw_Data/MELD/train/dia897_utt1.wav,neutral,meld,train,test
Raw_Data/MELD/dev/dia104_utt9.wav,fear,meld,dev,test
Raw_Data/MELD/train/dia493_utt2.wav,neutral,meld,train,test
Raw_Data/MELD/test/dia143_utt1.wav,neutral,meld,test,test
Raw_Data/MELD/train/dia50_utt8.wav,happy,meld,train,test
Raw_Data/MELD/train/dia298_utt0.wav,angry,meld,train,test
Raw_Data/MELD/test/dia53_utt4.wav,happy,meld,test,test
Raw_Data/MELD/train/dia625_utt7.wav,neutral,meld,train,test
Raw_Data/MELD/train/dia5_utt0.wav,neutral,meld,train,test
Raw_Data/MELD/test/dia103_utt1.wav,neutral,meld,test,test
Raw_Data/MELD/train/dia629_utt3.wav,happy,meld,train,test
Raw_Data/MELD/train/dia384_utt2.wav,neutral,meld,train,test
Raw_Data/MELD/test/dia47_utt7.wav,neutral,meld,test,test
Raw_Data/MELD/train/dia907_utt1.wav,angry,meld,train,test
Raw_Data/MELD/dev/dia23_utt0.wav,neutral,meld,dev,test
Raw_Data/MELD/test/dia200_utt2.wav,angry,meld,test,test
Raw_Data/MELD/train/dia113_utt0.wav,neutral,meld,train,test
Raw_Data/MELD/test/dia13_utt0.wav,neutral,meld,test,test
Raw_Data/MELD/train/dia795_utt0.wav,surprise,meld,train,test
Raw_Data/MELD/train/dia11_utt3.wav,happy,meld,train,test
Raw_Data/MELD/train/dia256_utt7.wav,happy,meld,train,test
Raw_Data/MELD/train/dia24_utt8.wav,fear,meld,train,test
Raw_Data/MELD/train/dia659_utt15.wav,neutral,meld,train,test
Raw_Data/MELD/train/dia245_utt6.wav,neutral,meld,train,test
Raw_Data/MELD/test/dia121_utt0.wav,happy,meld,test,test
Raw_Data/MELD/test/dia153_utt1.wav,neutral,meld,test,test
Raw_Data/MELD/test/dia124_utt0.wav,neutral,meld,test,test
Raw_Data/MELD/train/dia932_utt7.wav,angry,meld,train,test
Raw_Data/MELD/train/dia531_utt10.wav,angry,meld,train,test
Raw_Data/MELD/train/dia337_utt0.wav,neutral,meld,train,test
Raw_Data/MELD/train/dia678_utt15.wav,happy,meld,train,test
Raw_Data/MELD/train/dia6_utt12.wav,neutral,meld,train,test
Raw_Data/MELD/test/dia201_utt4.wav,neutral,meld,test,test
Raw_Data/MELD/train/dia15_utt17.wav,angry,meld,train,test
Raw_Data/MELD/test/dia153_utt10.wav,happy,meld,test,test
Raw_Data/MELD/test/dia241_utt2.wav,happy,meld,test,test
Raw_Data/MELD/train/dia929_utt4.wav,neutral,meld,train,test
Raw_Data/MELD/train/dia296_utt13.wav,neutral,meld,train,test
Raw_Data/MELD/train/dia17_utt8.wav,happy,meld,train,test
Raw_Data/MELD/train/dia483_utt15.wav,surprise,meld,train,test
Raw_Data/MELD/test/dia265_utt1.wav,happy,meld,test,test
Raw_Data/MELD/train/dia509_utt12.wav,surprise,meld,train,test
Raw_Data/MELD/train/dia626_utt2.wav,neutral,meld,train,test
Raw_Data/MELD/train/dia969_utt3.wav,happy,meld,train,test
Raw_Data/MELD/train/dia615_utt7.wav,angry,meld,train,test
Raw_Data/MELD/test/dia232_utt9.wav,sad,meld,test,test
Raw_Data/MELD/train/dia990_utt5.wav,neutral,meld,train,test
Raw_Data/MELD/train/dia739_utt1.wav,neutral,meld,train,test
Raw_Data/MELD/test/dia213_utt10.wav,neutral,meld,test,test
Raw_Data/MELD/train/dia935_utt7.wav,sad,meld,train,test
Raw_Data/MELD/train/dia1005_utt21.wav,disgust,meld,train,test
Raw_Data/MELD/test/dia266_utt3.wav,neutral,meld,test,test
Raw_Data/MELD/train/dia334_utt12.wav,neutral,meld,train,test
Raw_Data/MELD/train/dia775_utt11.wav,neutral,meld,train,test
Raw_Data/MELD/train/dia639_utt10.wav,surprise,meld,train,test
Raw_Data/MELD/train/dia866_utt3.wav,neutral,meld,train,test
Raw_Data/MELD/train/dia195_utt7.wav,surprise,meld,train,test
Raw_Data/MELD/test/dia17_utt30.wav,angry,meld,test,test
Raw_Data/MELD/train/dia942_utt8.wav,neutral,meld,train,test
Raw_Data/MELD/train/dia275_utt2.wav,neutral,meld,train,test
Raw_Data/MELD/train/dia337_utt13.wav,neutral,meld,train,test
Raw_Data/MELD/test/dia238_utt4.wav,neutral,meld,test,test
Raw_Data/MELD/train/dia698_utt3.wav,disgust,meld,train,test
Raw_Data/MELD/train/dia573_utt3.wav,happy,meld,train,test
Raw_Data/MELD/train/dia80_utt3.wav,neutral,meld,train,test
Raw_Data/MELD/train/dia638_utt9.wav,neutral,meld,train,test
Raw_Data/MELD/train/dia902_utt2.wav,happy,meld,train,test
Raw_Data/MELD/test/dia28_utt7.wav,happy,meld,test,test
Raw_Data/MELD/train/dia741_utt1.wav,surprise,meld,train,test
Raw_Data/MELD/train/dia792_utt11.wav,surprise,meld,train,test
Raw_Data/MELD/train/dia949_utt2.wav,happy,meld,train,test
Raw_Data/MELD/train/dia317_utt13.wav,angry,meld,train,test
Raw_Data/MELD/train/dia996_utt7.wav,angry,meld,train,test
Raw_Data/MELD/train/dia747_utt4.wav,surprise,meld,train,test
Raw_Data/MELD/dev/dia4_utt6.wav,angry,meld,dev,test
Raw_Data/MELD/train/dia671_utt13.wav,neutral,meld,train,test
Raw_Data/MELD/train/dia99_utt14.wav,neutral,meld,train,test
Raw_Data/MELD/train/dia305_utt6.wav,neutral,meld,train,test
Raw_Data/MELD/train/dia379_utt0.wav,surprise,meld,train,test
Raw_Data/MELD/train/dia455_utt10.wav,happy,meld,train,test
Raw_Data/MELD/train/dia574_utt8.wav,happy,meld,train,test
Raw_Data/MELD/train/dia1009_utt10.wav,happy,meld,train,test
Raw_Data/MELD/train/dia1023_utt1.wav,neutral,meld,train,test
Raw_Data/MELD/train/dia404_utt5.wav,neutral,meld,train,test
Raw_Data/MELD/train/dia302_utt7.wav,neutral,meld,train,test
Raw_Data/MELD/train/dia219_utt1.wav,neutral,meld,train,test
Raw_Data/MELD/dev/dia25_utt0.wav,angry,meld,dev,test
Raw_Data/MELD/train/dia434_utt14.wav,neutral,meld,train,test
Raw_Data/MELD/train/dia457_utt1.wav,neutral,meld,train,test
Raw_Data/MELD/test/dia95_utt7.wav,happy,meld,test,test
Raw_Data/MELD/train/dia418_utt16.wav,surprise,meld,train,test
Raw_Data/MELD/train/dia508_utt8.wav,neutral,meld,train,test
Raw_Data/MELD/train/dia504_utt1.wav,happy,meld,train,test
Raw_Data/MELD/train/dia592_utt12.wav,angry,meld,train,test
Raw_Data/MELD/train/dia14_utt0.wav,neutral,meld,train,test
Raw_Data/MELD/train/dia457_utt6.wav,happy,meld,train,test
Raw_Data/MELD/train/dia554_utt8.wav,neutral,meld,train,test
Raw_Data/MELD/train/dia651_utt8.wav,neutral,meld,train,test
Raw_Data/MELD/train/dia777_utt8.wav,neutral,meld,train,test
Raw_Data/MELD/test/dia17_utt2.wav,neutral,meld,test,test
Raw_Data/MELD/train/dia383_utt5.wav,neutral,meld,train,test
Raw_Data/MELD/test/dia22_utt2.wav,neutral,meld,test,test
Raw_Data/MELD/train/dia173_utt10.wav,happy,meld,train,test
Raw_Data/MELD/train/dia859_utt0.wav,surprise,meld,train,test
Raw_Data/MELD/dev/dia98_utt4.wav,angry,meld,dev,test
Raw_Data/MELD/train/dia177_utt9.wav,happy,meld,train,test
Raw_Data/MELD/test/dia246_utt13.wav,neutral,meld,test,test
Raw_Data/MELD/test/dia45_utt3.wav,surprise,meld,test,test
Raw_Data/MELD/train/dia168_utt4.wav,neutral,meld,train,test
Raw_Data/MELD/train/dia571_utt15.wav,angry,meld,train,test
Raw_Data/MELD/train/dia739_utt6.wav,surprise,meld,train,test
Raw_Data/MELD/train/dia222_utt2.wav,neutral,meld,train,test
Raw_Data/MELD/train/dia5_utt3.wav,surprise,meld,train,test
Raw_Data/MELD/train/dia965_utt1.wav,neutral,meld,train,test
Raw_Data/MELD/train/dia728_utt7.wav,neutral,meld,train,test
Raw_Data/MELD/test/dia190_utt3.wav,neutral,meld,test,test
Raw_Data/MELD/test/dia28_utt11.wav,neutral,meld,test,test
Raw_Data/MELD/train/dia261_utt7.wav,surprise,meld,train,test
Raw_Data/MELD/train/dia448_utt11.wav,neutral,meld,train,test
Raw_Data/MELD/train/dia564_utt1.wav,surprise,meld,train,test
Raw_Data/MELD/test/dia240_utt12.wav,surprise,meld,test,test
Raw_Data/MELD/train/dia776_utt2.wav,neutral,meld,train,test
Raw_Data/MELD/train/dia933_utt4.wav,happy,meld,train,test
Raw_Data/MELD/train/dia555_utt0.wav,sad,meld,train,test
Raw_Data/MELD/train/dia918_utt4.wav,surprise,meld,train,test
Raw_Data/MELD/train/dia354_utt7.wav,surprise,meld,train,test
Raw_Data/MELD/train/dia448_utt6.wav,angry,meld,train,test
Raw_Data/MELD/dev/dia26_utt15.wav,angry,meld,dev,test
Raw_Data/MELD/test/dia96_utt18.wav,neutral,meld,test,test
Raw_Data/MELD/train/dia109_utt11.wav,neutral,meld,train,test
Raw_Data/MELD/dev/dia8_utt1.wav,neutral,meld,dev,test
Raw_Data/MELD/dev/dia97_utt3.wav,happy,meld,dev,test
Raw_Data/MELD/train/dia179_utt17.wav,neutral,meld,train,test
Raw_Data/MELD/test/dia223_utt4.wav,neutral,meld,test,test
Raw_Data/MELD/train/dia102_utt1.wav,neutral,meld,train,test
Raw_Data/MELD/train/dia304_utt3.wav,neutral,meld,train,test
Raw_Data/MELD/train/dia860_utt11.wav,disgust,meld,train,test
Raw_Data/MELD/train/dia585_utt1.wav,sad,meld,train,test
Raw_Data/MELD/train/dia724_utt1.wav,neutral,meld,train,test
Raw_Data/MELD/test/dia54_utt2.wav,neutral,meld,test,test
Raw_Data/MELD/train/dia475_utt3.wav,happy,meld,train,test
Raw_Data/MELD/train/dia830_utt0.wav,happy,meld,train,test
Raw_Data/MELD/train/dia344_utt12.wav,happy,meld,train,test
Raw_Data/MELD/test/dia124_utt12.wav,sad,meld,test,test
Raw_Data/MELD/train/dia392_utt8.wav,happy,meld,train,test
Raw_Data/MELD/train/dia1011_utt5.wav,angry,meld,train,test
Raw_Data/MELD/test/dia278_utt12.wav,neutral,meld,test,test
Raw_Data/MELD/dev/dia27_utt2.wav,surprise,meld,dev,test
Raw_Data/MELD/test/dia171_utt6.wav,neutral,meld,test,test
Raw_Data/MELD/train/dia505_utt8.wav,neutral,meld,train,test
Raw_Data/MELD/train/dia893_utt15.wav,happy,meld,train,test
Raw_Data/MELD/dev/dia8_utt10.wav,neutral,meld,dev,test
Raw_Data/MELD/dev/dia46_utt3.wav,neutral,meld,dev,test
Raw_Data/MELD/train/dia947_utt11.wav,neutral,meld,train,test
Raw_Data/MELD/train/dia767_utt3.wav,sad,meld,train,test
Raw_Data/MELD/train/dia843_utt2.wav,angry,meld,train,test
Raw_Data/MELD/train/dia352_utt4.wav,neutral,meld,train,test
Raw_Data/MELD/test/dia65_utt7.wav,neutral,meld,test,test
Raw_Data/MELD/train/dia334_utt0.wav,happy,meld,train,test
Raw_Data/MELD/train/dia89_utt0.wav,angry,meld,train,test
Raw_Data/MELD/train/dia155_utt1.wav,neutral,meld,train,test
Raw_Data/MELD/train/dia661_utt1.wav,surprise,meld,train,test
Raw_Data/MELD/test/dia234_utt12.wav,happy,meld,test,test
Raw_Data/MELD/train/dia168_utt1.wav,neutral,meld,train,test
Raw_Data/MELD/train/dia571_utt1.wav,fear,meld,train,test
Raw_Data/MELD/train/dia81_utt1.wav,neutral,meld,train,test
Raw_Data/MELD/test/dia175_utt1.wav,neutral,meld,test,test
Raw_Data/MELD/train/dia138_utt6.wav,surprise,meld,train,test
Raw_Data/MELD/train/dia772_utt4.wav,happy,meld,train,test
Raw_Data/MELD/dev/dia90_utt6.wav,sad,meld,dev,test
Raw_Data/MELD/train/dia560_utt6.wav,happy,meld,train,test
Raw_Data/MELD/test/dia139_utt5.wav,neutral,meld,test,test
Raw_Data/MELD/test/dia225_utt1.wav,happy,meld,test,test
Raw_Data/MELD/train/dia949_utt4.wav,neutral,meld,train,test
Raw_Data/MELD/dev/dia60_utt2.wav,angry,meld,dev,test
Raw_Data/MELD/train/dia926_utt5.wav,sad,meld,train,test
Raw_Data/MELD/train/dia804_utt1.wav,neutral,meld,train,test
Raw_Data/MELD/train/dia594_utt4.wav,neutral,meld,train,test
Raw_Data/MELD/train/dia207_utt1.wav,neutral,meld,train,test
Raw_Data/MELD/train/dia913_utt0.wav,angry,meld,train,test
Raw_Data/MELD/train/dia941_utt11.wav,neutral,meld,train,test
Raw_Data/MELD/dev/dia104_utt11.wav,fear,meld,dev,test
Raw_Data/MELD/train/dia398_utt3.wav,sad,meld,train,test
Raw_Data/MELD/test/dia113_utt7.wav,angry,meld,test,test
Raw_Data/MELD/train/dia937_utt1.wav,neutral,meld,train,test
Raw_Data/MELD/train/dia596_utt7.wav,neutral,meld,train,test
Raw_Data/MELD/dev/dia7_utt9.wav,happy,meld,dev,test
Raw_Data/MELD/train/dia598_utt2.wav,angry,meld,train,test
Raw_Data/MELD/dev/dia91_utt0.wav,surprise,meld,dev,test
Raw_Data/MELD/train/dia324_utt7.wav,neutral,meld,train,test
Raw_Data/MELD/train/dia862_utt1.wav,surprise,meld,train,test
Raw_Data/MELD/train/dia981_utt0.wav,neutral,meld,train,test
Raw_Data/MELD/test/dia33_utt4.wav,surprise,meld,test,test
Raw_Data/MELD/train/dia541_utt6.wav,neutral,meld,train,test
Raw_Data/MELD/train/dia448_utt7.wav,happy,meld,train,test
Raw_Data/MELD/test/dia187_utt0.wav,neutral,meld,test,test
Raw_Data/MELD/dev/dia26_utt9.wav,sad,meld,dev,test
Raw_Data/MELD/train/dia857_utt10.wav,neutral,meld,train,test
Raw_Data/MELD/train/dia658_utt14.wav,neutral,meld,train,test
Raw_Data/MELD/train/dia1001_utt6.wav,happy,meld,train,test
Raw_Data/MELD/train/dia553_utt11.wav,neutral,meld,train,test
Raw_Data/MELD/dev/dia8_utt3.wav,neutral,meld,dev,test
Raw_Data/MELD/train/dia146_utt8.wav,neutral,meld,train,test
Raw_Data/MELD/train/dia292_utt3.wav,neutral,meld,train,test
Raw_Data/MELD/train/dia823_utt4.wav,neutral,meld,train,test
Raw_Data/MELD/train/dia906_utt4.wav,surprise,meld,train,test
Raw_Data/MELD/train/dia208_utt0.wav,disgust,meld,train,test
Raw_Data/MELD/train/dia531_utt3.wav,sad,meld,train,test
Raw_Data/MELD/test/dia140_utt7.wav,neutral,meld,test,test
Raw_Data/MELD/train/dia103_utt3.wav,happy,meld,train,test
Raw_Data/MELD/train/dia973_utt15.wav,neutral,meld,train,test
Raw_Data/MELD/train/dia735_utt12.wav,neutral,meld,train,test
Raw_Data/MELD/train/dia953_utt18.wav,neutral,meld,train,test
Raw_Data/MELD/dev/dia83_utt2.wav,happy,meld,dev,test
Raw_Data/MELD/train/dia836_utt12.wav,happy,meld,train,test
Raw_Data/MELD/test/dia58_utt13.wav,happy,meld,test,test
Raw_Data/MELD/train/dia848_utt8.wav,sad,meld,train,test
Raw_Data/MELD/train/dia388_utt7.wav,fear,meld,train,test
Raw_Data/MELD/train/dia952_utt4.wav,neutral,meld,train,test
Raw_Data/MELD/test/dia152_utt1.wav,neutral,meld,test,test
Raw_Data/MELD/train/dia733_utt7.wav,neutral,meld,train,test
Raw_Data/MELD/train/dia167_utt0.wav,happy,meld,train,test
Raw_Data/MELD/train/dia826_utt1.wav,happy,meld,train,test
Raw_Data/MELD/train/dia501_utt4.wav,happy,meld,train,test
Raw_Data/MELD/train/dia477_utt10.wav,disgust,meld,train,test
Raw_Data/MELD/train/dia599_utt14.wav,surprise,meld,train,test
Raw_Data/MELD/train/dia208_utt1.wav,neutral,meld,train,test
Raw_Data/MELD/train/dia986_utt14.wav,neutral,meld,train,test
Raw_Data/MELD/train/dia831_utt5.wav,angry,meld,train,test
Raw_Data/MELD/test/dia188_utt0.wav,neutral,meld,test,test
Raw_Data/MELD/train/dia622_utt10.wav,surprise,meld,train,test
Raw_Data/MELD/test/dia128_utt0.wav,neutral,meld,test,test
Raw_Data/MELD/train/dia1026_utt8.wav,happy,meld,train,test
Raw_Data/MELD/test/dia181_utt2.wav,happy,meld,test,test
Raw_Data/MELD/train/dia887_utt3.wav,surprise,meld,train,test
Raw_Data/MELD/train/dia301_utt1.wav,fear,meld,train,test
Raw_Data/MELD/train/dia455_utt16.wav,neutral,meld,train,test
Raw_Data/MELD/train/dia1_utt3.wav,fear,meld,train,test
Raw_Data/MELD/train/dia424_utt16.wav,happy,meld,train,test
Raw_Data/MELD/test/dia57_utt3.wav,neutral,meld,test,test
Raw_Data/MELD/train/dia690_utt0.wav,neutral,meld,train,test
Raw_Data/MELD/train/dia839_utt14.wav,disgust,meld,train,test
Raw_Data/MELD/train/dia146_utt3.wav,angry,meld,train,test
Raw_Data/MELD/train/dia789_utt6.wav,fear,meld,train,test
Raw_Data/MELD/train/dia819_utt18.wav,happy,meld,train,test
Raw_Data/MELD/train/dia948_utt11.wav,neutral,meld,train,test
Raw_Data/MELD/test/dia48_utt1.wav,neutral,meld,test,test
Raw_Data/MELD/dev/dia87_utt2.wav,neutral,meld,dev,test
Raw_Data/MELD/train/dia480_utt0.wav,happy,meld,train,test
Raw_Data/MELD/dev/dia22_utt8.wav,neutral,meld,dev,test
Raw_Data/MELD/train/dia504_utt10.wav,neutral,meld,train,test
Raw_Data/MELD/train/dia336_utt2.wav,neutral,meld,train,test
Raw_Data/MELD/train/dia405_utt4.wav,angry,meld,train,test
Raw_Data/MELD/train/dia504_utt13.wav,angry,meld,train,test
Raw_Data/MELD/test/dia22_utt11.wav,neutral,meld,test,test
Raw_Data/MELD/dev/dia31_utt9.wav,happy,meld,dev,test
Raw_Data/MELD/test/dia206_utt1.wav,neutral,meld,test,test
Raw_Data/MELD/train/dia682_utt1.wav,neutral,meld,train,test
Raw_Data/MELD/train/dia554_utt10.wav,sad,meld,train,test
Raw_Data/MELD/train/dia362_utt9.wav,surprise,meld,train,test
Raw_Data/MELD/dev/dia68_utt1.wav,neutral,meld,dev,test
Raw_Data/MELD/train/dia975_utt2.wav,neutral,meld,train,test
Raw_Data/MELD/dev/dia74_utt14.wav,neutral,meld,dev,test
Raw_Data/MELD/train/dia170_utt8.wav,neutral,meld,train,test
Raw_Data/MELD/test/dia252_utt6.wav,angry,meld,test,test
Raw_Data/MELD/test/dia5_utt5.wav,neutral,meld,test,test
Raw_Data/MELD/train/dia400_utt2.wav,sad,meld,train,test
Raw_Data/MELD/test/dia258_utt5.wav,neutral,meld,test,test
Raw_Data/MELD/train/dia492_utt2.wav,neutral,meld,train,test
Raw_Data/MELD/train/dia847_utt3.wav,happy,meld,train,test
Raw_Data/MELD/train/dia258_utt5.wav,neutral,meld,train,test
Raw_Data/MELD/train/dia253_utt11.wav,neutral,meld,train,test
Raw_Data/MELD/train/dia777_utt5.wav,happy,meld,train,test
Raw_Data/MELD/test/dia12_utt5.wav,angry,meld,test,test
Raw_Data/MELD/test/dia164_utt0.wav,neutral,meld,test,test
Raw_Data/MELD/dev/dia85_utt12.wav,neutral,meld,dev,test
Raw_Data/MELD/train/dia343_utt0.wav,surprise,meld,train,test
Raw_Data/MELD/train/dia1008_utt1.wav,surprise,meld,train,test
Raw_Data/MELD/train/dia277_utt4.wav,neutral,meld,train,test
Raw_Data/MELD/test/dia244_utt9.wav,neutral,meld,test,test
Raw_Data/MELD/train/dia50_utt9.wav,surprise,meld,train,test
Raw_Data/MELD/train/dia361_utt10.wav,happy,meld,train,test
Raw_Data/MELD/test/dia156_utt9.wav,sad,meld,test,test
Raw_Data/MELD/test/dia102_utt6.wav,angry,meld,test,test
Raw_Data/MELD/test/dia239_utt10.wav,neutral,meld,test,test
Raw_Data/MELD/train/dia180_utt4.wav,sad,meld,train,test
Raw_Data/MELD/train/dia43_utt5.wav,neutral,meld,train,test
Raw_Data/MELD/train/dia645_utt9.wav,neutral,meld,train,test
Raw_Data/MELD/train/dia572_utt19.wav,angry,meld,train,test
Raw_Data/MELD/test/dia233_utt11.wav,happy,meld,test,test
Raw_Data/MELD/test/dia93_utt15.wav,neutral,meld,test,test
Raw_Data/MELD/dev/dia47_utt0.wav,neutral,meld,dev,test
Raw_Data/MELD/dev/dia93_utt3.wav,sad,meld,dev,test
Raw_Data/MELD/train/dia896_utt0.wav,neutral,meld,train,test
Raw_Data/MELD/test/dia98_utt5.wav,angry,meld,test,test
Raw_Data/MELD/train/dia553_utt6.wav,happy,meld,train,test
Raw_Data/MELD/train/dia892_utt6.wav,surprise,meld,train,test
Raw_Data/MELD/train/dia936_utt3.wav,surprise,meld,train,test
Raw_Data/MELD/train/dia621_utt3.wav,angry,meld,train,test
Raw_Data/MELD/train/dia909_utt1.wav,neutral,meld,train,test
Raw_Data/MELD/test/dia173_utt15.wav,happy,meld,test,test
Raw_Data/MELD/train/dia959_utt4.wav,happy,meld,train,test
Raw_Data/MELD/train/dia223_utt12.wav,surprise,meld,train,test
Raw_Data/MELD/train/dia156_utt1.wav,angry,meld,train,test
Raw_Data/MELD/train/dia124_utt3.wav,disgust,meld,train,test
Raw_Data/MELD/train/dia237_utt0.wav,surprise,meld,train,test
Raw_Data/MELD/train/dia622_utt5.wav,neutral,meld,train,test
Raw_Data/MELD/test/dia245_utt2.wav,surprise,meld,test,test
Raw_Data/MELD/train/dia752_utt1.wav,neutral,meld,train,test
Raw_Data/MELD/train/dia888_utt17.wav,angry,meld,train,test
Raw_Data/MELD/train/dia340_utt0.wav,neutral,meld,train,test
Raw_Data/MELD/train/dia599_utt11.wav,neutral,meld,train,test
Raw_Data/MELD/train/dia854_utt1.wav,neutral,meld,train,test
Raw_Data/MELD/train/dia224_utt5.wav,happy,meld,train,test
Raw_Data/MELD/test/dia228_utt11.wav,sad,meld,test,test
Raw_Data/MELD/train/dia541_utt14.wav,happy,meld,train,test
Raw_Data/MELD/train/dia512_utt14.wav,angry,meld,train,test
Raw_Data/MELD/train/dia783_utt7.wav,neutral,meld,train,test
Raw_Data/MELD/test/dia228_utt5.wav,neutral,meld,test,test
Raw_Data/MELD/test/dia45_utt0.wav,angry,meld,test,test
Raw_Data/MELD/train/dia739_utt0.wav,neutral,meld,train,test
Raw_Data/MELD/train/dia100_utt0.wav,neutral,meld,train,test
Raw_Data/MELD/train/dia293_utt10.wav,sad,meld,train,test
Raw_Data/MELD/test/dia39_utt3.wav,neutral,meld,test,test
Raw_Data/MELD/train/dia157_utt0.wav,happy,meld,train,test
Raw_Data/MELD/train/dia774_utt6.wav,neutral,meld,train,test
Raw_Data/MELD/train/dia176_utt2.wav,surprise,meld,train,test
Raw_Data/MELD/train/dia195_utt1.wav,neutral,meld,train,test
Raw_Data/MELD/test/dia43_utt6.wav,neutral,meld,test,test
Raw_Data/MELD/train/dia585_utt10.wav,sad,meld,train,test
Raw_Data/MELD/dev/dia19_utt0.wav,neutral,meld,dev,test
Raw_Data/MELD/test/dia231_utt8.wav,angry,meld,test,test
Raw_Data/MELD/test/dia100_utt10.wav,sad,meld,test,test
Raw_Data/MELD/dev/dia15_utt9.wav,fear,meld,dev,test
Raw_Data/MELD/train/dia424_utt6.wav,neutral,meld,train,test
Raw_Data/MELD/train/dia779_utt1.wav,neutral,meld,train,test
Raw_Data/MELD/train/dia559_utt1.wav,neutral,meld,train,test
Raw_Data/MELD/train/dia644_utt4.wav,neutral,meld,train,test
Raw_Data/MELD/train/dia126_utt6.wav,neutral,meld,train,test
Raw_Data/MELD/train/dia637_utt1.wav,angry,meld,train,test
Raw_Data/MELD/train/dia792_utt10.wav,surprise,meld,train,test
Raw_Data/MELD/test/dia268_utt1.wav,surprise,meld,test,test
Raw_Data/MELD/train/dia156_utt7.wav,fear,meld,train,test
Raw_Data/MELD/train/dia905_utt0.wav,sad,meld,train,test
Raw_Data/MELD/train/dia809_utt3.wav,happy,meld,train,test
Raw_Data/MELD/test/dia120_utt3.wav,happy,meld,test,test
Raw_Data/MELD/train/dia608_utt4.wav,neutral,meld,train,test
Raw_Data/MELD/test/dia214_utt2.wav,neutral,meld,test,test
Raw_Data/MELD/test/dia237_utt5.wav,disgust,meld,test,test
Raw_Data/MELD/train/dia777_utt10.wav,happy,meld,train,test
Raw_Data/MELD/train/dia988_utt1.wav,surprise,meld,train,test
Raw_Data/MELD/train/dia423_utt8.wav,neutral,meld,train,test
Raw_Data/MELD/train/dia603_utt8.wav,neutral,meld,train,test
Raw_Data/MELD/test/dia165_utt0.wav,angry,meld,test,test
Raw_Data/MELD/train/dia29_utt4.wav,surprise,meld,train,test
Raw_Data/MELD/train/dia892_utt1.wav,neutral,meld,train,test
Raw_Data/MELD/train/dia893_utt17.wav,happy,meld,train,test
Raw_Data/MELD/train/dia977_utt0.wav,sad,meld,train,test
Raw_Data/MELD/train/dia969_utt0.wav,angry,meld,train,test
Raw_Data/MELD/train/dia462_utt1.wav,surprise,meld,train,test
Raw_Data/MELD/dev/dia63_utt17.wav,neutral,meld,dev,test
Raw_Data/MELD/train/dia124_utt4.wav,sad,meld,train,test
Raw_Data/MELD/test/dia88_utt8.wav,sad,meld,test,test
Raw_Data/MELD/train/dia120_utt4.wav,fear,meld,train,test
Raw_Data/MELD/train/dia275_utt1.wav,angry,meld,train,test
Raw_Data/MELD/train/dia261_utt5.wav,angry,meld,train,test
Raw_Data/MELD/train/dia831_utt4.wav,angry,meld,train,test
Raw_Data/MELD/train/dia770_utt15.wav,sad,meld,train,test
Raw_Data/MELD/train/dia41_utt8.wav,neutral,meld,train,test
Raw_Data/MELD/train/dia908_utt8.wav,neutral,meld,train,test
Raw_Data/MELD/train/dia135_utt2.wav,neutral,meld,train,test
Raw_Data/MELD/train/dia644_utt10.wav,neutral,meld,train,test
Raw_Data/MELD/test/dia95_utt3.wav,neutral,meld,test,test
Raw_Data/MELD/train/dia561_utt2.wav,neutral,meld,train,test
Raw_Data/MELD/train/dia315_utt7.wav,happy,meld,train,test
Raw_Data/MELD/test/dia123_utt15.wav,sad,meld,test,test
Raw_Data/MELD/train/dia849_utt10.wav,angry,meld,train,test
Raw_Data/MELD/train/dia8_utt0.wav,neutral,meld,train,test
Raw_Data/MELD/train/dia910_utt3.wav,surprise,meld,train,test
Raw_Data/MELD/train/dia457_utt2.wav,angry,meld,train,test
Raw_Data/MELD/train/dia947_utt10.wav,neutral,meld,train,test
Raw_Data/MELD/train/dia570_utt3.wav,neutral,meld,train,test
Raw_Data/MELD/train/dia914_utt2.wav,neutral,meld,train,test
Raw_Data/MELD/train/dia887_utt9.wav,surprise,meld,train,test
Raw_Data/MELD/train/dia493_utt3.wav,neutral,meld,train,test
Raw_Data/MELD/test/dia18_utt0.wav,neutral,meld,test,test
Raw_Data/MELD/train/dia248_utt7.wav,angry,meld,train,test
Raw_Data/MELD/train/dia129_utt13.wav,neutral,meld,train,test
Raw_Data/MELD/test/dia70_utt7.wav,neutral,meld,test,test
Raw_Data/MELD/dev/dia96_utt1.wav,neutral,meld,dev,test
Raw_Data/MELD/train/dia48_utt0.wav,neutral,meld,train,test
Raw_Data/MELD/train/dia975_utt1.wav,neutral,meld,train,test
Raw_Data/MELD/train/dia717_utt9.wav,sad,meld,train,test
Raw_Data/MELD/train/dia304_utt7.wav,neutral,meld,train,test
Raw_Data/MELD/train/dia594_utt2.wav,sad,meld,train,test
Raw_Data/MELD/train/dia446_utt4.wav,neutral,meld,train,test
